cycle      , unique_vpns, max_counter, mean_counter   , median_counter, std_counter        , approx_ws_ge_1, approx_ws_ge_4, approx_ws_ge_16, approx_ws_ge_32, common_vpns, new_vpns, pages_accessed_flag
  120005635,        4096,          37,  5.790771484375,            6.0,  4.762209102677492 ,           2958,           2873,             121,               1,           0,     4096,                   0
  130005955,        4096,          52,  4.126708984375,            4.0,  3.6728136445583046,           2957,           2435,              39,               2,        3396,      700,                2151
  140007833,        4096,          43,  4.6953125     ,            3.0,  4.989974078950085 ,           2983,           1917,             168,               2,        2810,     1286,                1055
  150008118,        4096,          42,  5.3125        ,            6.0,  4.4567145620400686,           2929,           2840,              63,              10,        3034,     1062,                1874
  160009185,        4096,          75,  6.545654296875,            7.0,  5.081980811300536 ,           2956,           2910,             120,               5,        3294,      802,                2115
  170009308,        4096,          48,  6.88818359375 ,            7.0,  5.786416358921413 ,           2938,           2880,             253,              17,        2886,     1210,                1700
  180009333,        4096,          58,  6.821044921875,            7.0,  5.449963847530392 ,           2942,           2895,             184,               6,        3086,     1010,                1906
  190010156,        4096,          50,  6.15087890625 ,            7.0,  4.596957767034499 ,           2943,           2893,              57,               3,        3712,      384,                2509
  200012092,        4096,          38,  7.20361328125 ,            7.0,  6.072161006425028 ,           3000,           2945,             441,               7,        2810,     1286,                1650
  210012812,        4096,          52,  5.8818359375  ,            6.0,  5.040335560935749 ,           2943,           2855,              94,              19,        3092,     1004,                1939
  220013271,        4096,          40,  4.393310546875,            4.0,  3.6583653305597963,           2995,           2528,              19,               1,        3073,     1023,                1805
  230013296,        4096,          32,  6.072998046875,            6.0,  5.004030933360368 ,           2941,           2885,             193,               1,        2793,     1303,                1643
  240014005,        4096,          53,  7.57763671875 ,            9.0,  5.7370206670058055,           2945,           2889,             181,              10,        2968,     1128,                1790
  250014018,        4096,          58,  8.06591796875 ,           10.0,  6.070995218775574 ,           2939,           2871,             243,              13,        3545,      551,                2339
  260014158,        4096,          49,  9.368896484375,           10.0,  7.437559043425522 ,           2934,           2874,             735,              25,        3221,      875,                2027
  270014443,        4096,          71,  9.62841796875 ,           10.0,  7.879903795434442 ,           2924,           2864,             846,              36,        3068,     1028,                1871
  280027370,        4096,          53, 10.1376953125  ,           11.0,  8.287591025196377 ,           2918,           2884,             947,              64,        3058,     1038,                1854
  290027460,        4096,          66,  8.787353515625,            9.0,  7.96114503704134  ,           2906,           2854,             579,              76,        3334,      762,                2128
  300027540,        4096,          80, 11.18017578125 ,           10.0, 10.318996891369865 ,           2915,           2869,            1113,             167,        2951,     1145,                1740
  310027825,        4096,          62,  7.42431640625 ,            7.0,  6.778631012224156 ,           2915,           2863,             391,              25,        3063,     1033,                1806
  320028035,        4096,          56,  9.985595703125,           11.0,  8.159244992299014 ,           2936,           2900,             868,              53,        3090,     1006,                1915
  330096013,        4096,          42,  9.0009765625  ,           10.0,  6.838896611210443 ,           2952,           2911,             598,              10,        3300,      796,                2116
  340096027,        4096,          53,  9.658203125   ,           10.0,  8.080096537324925 ,           2933,           2887,             862,              49,        2852,     1244,                1659
  350096183,        4096,          83,  9.969970703125,           11.0,  7.989637245798722 ,           2926,           2886,             982,              36,        2684,     1412,                1486
  360096240,        4096,          66,  8.9833984375  ,           10.0,  6.780689620670788 ,           2944,           2898,             593,              11,        2954,     1142,                1746
  370096685,        4096,          67,  7.684814453125,            9.0,  5.774406749218149 ,           2946,           2891,             155,              12,        3611,      485,                2402
  380096707,        4096,          63,  8.45703125    ,            9.0,  7.361090522913262 ,           2938,           2879,             580,              44,        3087,     1009,                1883
  390097608,        4096,          58,  6.646728515625,            6.0,  5.977002969106046 ,           2943,           2875,             267,              14,        3283,      813,                2089
  400165010,        4096,          68,  9.079345703125,           10.0,  7.3538031695355155,           2953,           2901,             614,              27,        3101,      995,                1929
  410165108,        4096,          58,  9.9580078125  ,           11.0,  7.964165000562769 ,           2944,           2886,             888,              45,        3067,     1029,                1885
  420165109,        4096,          79,  9.3173828125  ,            9.0,  7.722282250107774 ,           2949,           2886,             736,              37,        3066,     1030,                1880
  430165670,        4096,          56, 10.755126953125,           11.0,  8.92067625941493  ,           2952,           2897,            1068,              92,        2718,     1378,                1518
  440165810,        4096,          92,  8.201171875   ,            9.0,  6.266778930037263 ,           2956,           2903,             321,               5,        3187,      909,                1997
  450165873,        4096,          78,  8.683837890625,           10.0,  7.055852272136978 ,           2937,           2872,             460,              35,        3119,      977,                1911
  460166085,        4096,          53,  8.31396484375 ,            9.0,  6.7494618059989815,           2931,           2866,             526,              14,        3126,      970,                1933
  470166390,        4096,          46,  8.14013671875 ,            8.0,  7.102788183615501 ,           2934,           2875,             539,              23,        3145,      951,                1954
  480166974,        4096,          49,  7.976318359375,            8.0,  6.724792030373305 ,           2934,           2872,             475,               9,        2838,     1258,                1641
  490167311,        4096,          49,  7.744873046875,            8.0,  6.454361873253943 ,           2909,           2852,             384,              20,        3050,     1046,                1868
  500167448,        4096,          63,  8.749755859375,            9.0,  7.54919574429673  ,           2914,           2861,             684,              36,        2882,     1214,                1700
  510167944,        4096,          39,  9.1435546875  ,           11.0,  6.787540102676873 ,           2930,           2888,             600,               7,        2850,     1246,                1663
  520168209,        4096,          58,  9.065185546875,           10.0,  7.131568988315517 ,           2918,           2874,             705,              15,        2678,     1418,                1500
  530168539,        4096,          50, 10.117919921875,           12.0,  7.4714960412992255,           2931,           2895,            1008,              10,        2768,     1328,                1566
  540168733,        4096,          60, 11.403564453125,           12.0,  8.870981539071588 ,           2929,           2881,            1347,              40,        2781,     1315,                1569
  550169267,        4096,          67, 10.409912109375,           12.0,  7.809073585625425 ,           2946,           2891,            1057,              18,        3578,      518,                2407
  560169655,        4096,          57,  9.64794921875 ,           10.0,  7.998448683411756 ,           2923,           2870,             641,              57,        3342,      754,                2134
  570169889,        4096,          80, 12.71240234375 ,           12.0, 11.402409562812569 ,           2934,           2881,            1354,             310,        2902,     1194,                1729
  580170166,        4096,          76, 13.22802734375 ,           14.0, 10.71680264814335  ,           2934,           2884,            1836,             149,        3038,     1058,                1839
  590261130,        4096,          59, 10.602783203125,           12.0,  8.164249074893867 ,           2957,           2920,            1081,              38,        3077,     1019,                1886
  600261782,        4096,          51,  8.75927734375 ,           10.0,  6.567197862027452 ,           2959,           2904,             473,              14,        3685,      411,                2496
  610262288,        4096,          68, 11.906494140625,           10.0, 10.808719390260233 ,           2960,           2897,            1233,             222,        2773,     1323,                1585
  620263793,        4096,          60,  7.152099609375,            8.0,  5.314802854359037 ,           2975,           2912,             122,               5,        2795,     1301,                1606
  630263897,        4096,          83,  6.810546875   ,            6.0,  7.2872993978172556,           2932,           2843,             438,              42,        3237,      859,                2066
  640264385,        4096,          71,  8.109130859375,            7.0,  7.683945737455274 ,           2941,           2871,             532,              51,        3060,     1036,                1896
  650264595,        4096,          76,  8.89990234375 ,            9.0,  7.812608748632767 ,           2918,           2869,             590,              58,        3131,      965,                1905
  660264697,        4096,          68, 10.36767578125 ,           11.0,  8.39480343284655  ,           2928,           2870,             976,              53,        3147,      949,                1949
  670264944,        4096,          64, 11.610595703125,           13.0,  9.255117621305539 ,           2932,           2877,            1268,              82,        3263,      833,                2057
  680264968,        4096,          65, 11.978515625   ,           11.0, 10.414084294976725 ,           2929,           2891,            1295,             198,        2934,     1162,                1742
  690265029,        4096,          50, 10.553466796875,           12.0,  8.139924555570643 ,           2912,           2877,            1110,              27,        3456,      640,                2258
  700265140,        4096,          96, 10.405029296875,           12.0,  8.493578922297592 ,           2909,           2868,             856,              63,        3644,      452,                2421
  710265176,        4096,          70, 14.14208984375 ,           13.0, 12.32484018055825  ,           2927,           2884,            1630,             400,        2707,     1389,                1499
  720265257,        4096,          84, 10.759033203125,           12.0,  8.295965195107126 ,           2916,           2889,            1199,              34,        3439,      657,                2201
  730265410,        4096,          66, 10.03466796875 ,           10.0,  8.587996328855919 ,           2913,           2870,             741,              58,        3378,      718,                2173
  740265983,        4096,          67, 10.8759765625  ,           10.0,  9.73033619181273  ,           2921,           2881,            1143,             140,        2884,     1212,                1669
  750414075,        4096,          68, 10.3642578125  ,           10.0,  8.620165755499293 ,           2971,           2937,             969,              86,        3880,      216,                2695
  760414288,        4096,          73, 11.805419921875,           10.0, 10.740365409988241 ,           2911,           2873,            1332,             168,        2743,     1353,                1562
  770414330,        4096,          91, 12.174560546875,           13.0,  9.866469184178792 ,           2912,           2870,            1557,              64,        2697,     1399,                1490
  780414472,        4096,          85, 10.86669921875 ,           12.0,  9.055832916301412 ,           2913,           2868,            1108,              62,        3727,      369,                2523
  790414993,        4096,          73, 11.062255859375,           12.0,  9.372644557692801 ,           2904,           2873,             947,             132,        3657,      439,                2449
  800415150,        4096,          95,  9.92626953125 ,           11.0,  8.851472630259211 ,           2918,           2884,             556,             104,        3779,      317,                2608
  810415215,        4096,         125, 15.607421875   ,           12.0, 15.548411783145939 ,           2907,           2876,            1353,             748,        2950,     1146,                1745
  820415277,        4096,          88, 12.318359375   ,           12.0, 11.462988796648961 ,           2910,           2874,            1385,             188,        3052,     1044,                1839
  830415443,        4096,         109, 15.14501953125 ,           14.0, 14.199986403754266 ,           2906,           2871,            1723,             505,        2929,     1167,                1704
  840415539,        4096,          84, 12.823486328125,           14.0, 10.438662227293122 ,           2890,           2861,            1718,             178,        3205,      891,                1963
  850415573,        4096,          80, 12.505126953125,           14.0, 10.074792233991808 ,           2890,           2855,            1584,             124,        3092,     1004,                1881
  860415706,        4096,          53, 11.798583984375,           12.0,  9.877185673207968 ,           2906,           2865,            1332,             164,        3046,     1050,                1822
  870415957,        4096,          74, 12.34912109375 ,           13.0, 10.153590479143267 ,           2890,           2859,            1546,             148,        2968,     1128,                1751
  880416176,        4096,          68, 12.955810546875,           14.0, 10.612619184918843 ,           2900,           2870,            1641,             186,        3343,      753,                2129
  890416209,        4096,          68, 12.889404296875,           14.0, 10.404993591412024 ,           2888,           2857,            1638,             164,        3002,     1094,                1766
  900417500,        4096,          92, 13.341064453125,           15.0, 10.564077787101889 ,           2900,           2875,            1809,             173,        3127,      969,                1912
  910417642,        4096,          66, 13.80517578125 ,           14.0, 11.56423688678974  ,           2880,           2859,            1739,             270,        2883,     1213,                1655
  920417716,        4096,          74, 13.39208984375 ,           15.0, 10.232291101186874 ,           2926,           2905,            1913,             135,        3491,      605,                2283
  930418025,        4096,          76, 14.012451171875,           14.0, 11.768440120039017 ,           2904,           2873,            1718,             292,        2728,     1368,                1512
  940418164,        4096,          80, 12.6416015625  ,           13.0,  9.999143897604313 ,           2906,           2870,            1642,              87,        2673,     1423,                1487
  950418167,        4096,          74, 14.92578125    ,           16.0, 11.314695029403065 ,           2943,           2917,            2177,             255,        2725,     1371,                1527
  960418329,        4096,          94, 12.85595703125 ,           15.0, 10.325950208910736 ,           2909,           2868,            1904,              80,        2988,     1108,                1786
  970418364,        4096,          88, 13.50732421875 ,           15.0, 10.511338050211291 ,           2903,           2866,            1971,             170,        3263,      833,                2027
  980418547,        4096,          84, 15.265869140625,           17.0, 11.89366818508648  ,           2903,           2877,            2234,             324,        2674,     1422,                1444
  990418643,        4096,          62, 13.545166015625,           16.0,  9.8778877834425   ,           2915,           2892,            2133,              65,        3740,      356,                2510
 1000418656,        4096,          90, 14.43994140625 ,           14.0, 12.347895126662955 ,           2908,           2875,            1688,             418,        2863,     1233,                1652
 1010419614,        4096,          79, 13.064208984375,           13.0, 10.45449254223755  ,           2963,           2928,            1719,             181,        3266,      830,                2066
 1020419868,        4096,          75, 11.16259765625 ,           11.0,  9.364026259223754 ,           2898,           2861,            1201,              72,        2746,     1350,                1548
 1030420161,        4096,          94, 12.194091796875,           13.0,  9.975442221526365 ,           2913,           2879,            1482,             100,        2896,     1200,                1683
 1040420391,        4096,          97, 11.64404296875 ,           12.0,  9.347185492069455 ,           2908,           2876,            1398,              54,        2882,     1214,                1699
 1050420752,        4096,          87, 11.985595703125,           13.0,  9.671384657230139 ,           2911,           2880,            1432,             111,        3405,      691,                2216
 1060420856,        4096,         100, 10.970458984375,           12.0,  9.306303327598496 ,           2907,           2870,            1042,              77,        3092,     1004,                1928
 1070421083,        4096,          87, 15.290283203125,           14.0, 13.362251639043043 ,           2901,           2863,            1806,             465,        2686,     1410,                1475
 1080421093,        4096,         109, 14.27734375    ,           16.0, 11.312207971670956 ,           2901,           2865,            2184,             162,        2761,     1335,                1549
 1090421326,        4096,          97, 12.97119140625 ,           15.0, 10.355999645552144 ,           2894,           2858,            1904,             104,        3326,      770,                2101
 1100421678,        4096,         113, 12.540771484375,           14.0, 10.20492173070484  ,           2889,           2860,            1560,              97,        3065,     1031,                1833
 1110421695,        4096,          99, 13.267822265625,           14.0, 11.057877730645718 ,           2884,           2860,            1716,             216,        2968,     1128,                1761
 1120421898,        4096,          84, 13.55126953125 ,           14.0, 11.04880014827019  ,           2884,           2854,            1790,             208,        3164,      932,                1942
 1130533518,        4096,          98, 14.134521484375,           15.0, 11.14009771129125  ,           2935,           2909,            1939,             230,        3068,     1028,                1862
 1140533787,        4096,         101, 13.640380859375,           14.0, 11.644716992667583 ,           2892,           2863,            1710,             295,        3077,     1019,                1876
 1150533825,        4096,          68, 11.75341796875 ,           12.0,  9.632922775986248 ,           2893,           2865,            1383,             116,        3098,      998,                1862
 1160819468,        4096,          69, 13.069580078125,           13.0, 10.600882205486633 ,           2965,           2935,            1575,             196,        3111,      985,                1924
 1170819767,        4096,          96, 13.0810546875  ,           13.0, 11.323318914142808 ,           2909,           2863,            1580,             219,        2906,     1190,                1724
 1180820077,        4096,          63, 11.572265625   ,           12.0,  9.599481815022276 ,           2894,           2852,            1361,             122,        2984,     1112,                1787
 1190820171,        4096,          78, 12.376220703125,           12.0, 10.736447260589284 ,           2887,           2857,            1437,             175,        2791,     1305,                1564
 1200820762,        4096,          89, 13.135498046875,           14.0, 10.28563971855509  ,           2897,           2866,            1870,             119,        2680,     1416,                1463
 1210820991,        4096,          65, 12.80810546875 ,           14.0,  9.977454698976405 ,           2886,           2857,            1780,             110,        2829,     1267,                1587
 1220821351,        4096,          87, 11.40087890625 ,           13.0,  8.53931276560203  ,           2884,           2864,            1394,              33,        3829,      267,                2589
 1230821581,        4096,          61, 12.4775390625  ,           12.0, 10.870935096912621 ,           2868,           2850,            1231,             232,        3035,     1061,                1832
 1240821698,        4096,          61, 14.0341796875  ,           14.0, 11.824225484633757 ,           2888,           2864,            1788,             334,        3342,      754,                2128
 1250821738,        4096,          74, 14.390625      ,           16.0, 11.382691853341415 ,           2882,           2857,            2098,             238,        3186,      910,                1969
 1260821788,        4096,          81, 16.211669921875,           17.0, 13.309413908153449 ,           2890,           2870,            2261,             481,        2969,     1127,                1736
 1270821992,        4096,          70, 15.677978515625,           17.0, 12.462289343424262 ,           2885,           2861,            2293,             372,        2816,     1280,                1568
 1280822202,        4096,          77, 12.77197265625 ,           13.0, 10.617334349390733 ,           2893,           2849,            1647,             166,        3213,      883,                2039
 1290822543,        4096,          96, 13.4443359375  ,           13.0, 11.726594339082256 ,           2930,           2900,            1586,             293,        2921,     1175,                1741
 1300823179,        4096,          53, 10.19140625    ,           11.0,  8.346148085566835 ,           2887,           2860,             961,              56,        3580,      516,                2390
 1310823202,        4096,          88, 12.842041015625,           12.0, 11.443910436062938 ,           2885,           2853,            1426,             240,        2949,     1147,                1732
 1320823242,        4096,          91, 12.37744140625 ,           13.0, 10.37295814322501  ,           2868,           2842,            1557,             154,        3004,     1092,                1773
 1330823321,        4096,         104, 13.630859375   ,           14.0, 11.311699939066392 ,           2873,           2858,            1820,             224,        3021,     1075,                1827
 1340823621,        4096,         104, 13.8154296875  ,           14.0, 11.679585229942614 ,           2873,           2860,            1803,             227,        3087,     1009,                1875
 1350823626,        4096,          74, 15.055908203125,           16.0, 12.428410201316915 ,           2878,           2864,            2082,             381,        2870,     1226,                1630
 1360823791,        4096,          71, 13.36669921875 ,           15.0, 10.527786171981655 ,           2888,           2862,            1918,             143,        3495,      601,                2287
 1370823868,        4096,         142, 15.313232421875,           14.0, 14.303773291399766 ,           2889,           2856,            1765,             527,        2891,     1205,                1710
 1380824390,        4096,         100, 16.015625      ,           16.0, 13.388965766513671 ,           2933,           2910,            2128,             427,        2667,     1429,                1476
 1390824732,        4096,          69, 13.574951171875,           15.0, 10.746513219846452 ,           2885,           2858,            1902,             159,        2884,     1212,                1684
 1400824866,        4096,          72, 12.734375      ,           13.0, 10.532675626799442 ,           2884,           2853,            1513,             177,        3089,     1007,                1852
 1410824996,        4096,          87, 15.3642578125  ,           15.0, 13.192187845550212 ,           2889,           2862,            1994,             399,        2938,     1158,                1725
 1420825097,        4096,          98, 12.7587890625  ,           13.0, 10.970860769950113 ,           2888,           2859,            1569,             204,        3391,      705,                2185
 1430825132,        4096,          81, 14.2666015625  ,           15.0, 11.589020167840875 ,           2897,           2866,            1926,             230,        2838,     1258,                1645
 1441294565,        4096,          91, 13.476318359375,           15.0, 10.456122315055294 ,           2923,           2905,            1920,             151,        2932,     1164,                1728
 1451451801,        4096,          90, 12.36181640625 ,           13.0, 10.07808609592706  ,           2907,           2883,            1471,             126,        3193,      903,                1977
 1461451982,        4096,         107, 13.7587890625  ,           14.0, 11.270464065528996 ,           2893,           2864,            1847,             252,        2920,     1176,                1694
 1471452043,        4096,          93, 14.4501953125  ,           16.0, 11.511011200937258 ,           2884,           2859,            2154,             222,        3240,      856,                1996
 1481452598,        4096,          97, 14.207275390625,           15.0, 11.776140959449164 ,           2874,           2850,            1882,             278,        2722,     1374,                1486
 1491452648,        4096,          82, 13.567626953125,           15.0, 10.450652119375663 ,           2871,           2854,            2011,             121,        2984,     1112,                1806
 1501452936,        4096,          87, 14.021240234375,           15.0, 11.393262641494257 ,           2882,           2864,            1901,             264,        3056,     1040,                1843
 1511452951,        4096,          74, 13.552001953125,           14.0, 11.345137264346835 ,           2884,           2855,            1714,             267,        2882,     1214,                1672
 1521453223,        4096,          84, 13.998779296875,           14.0, 11.644043058330679 ,           2880,           2850,            1873,             255,        2770,     1326,                1540
 1531453438,        4096,          77, 13.296875      ,           15.0, 10.488984642381979 ,           2875,           2846,            1909,             143,        3158,      938,                1955
 1541453490,        4096,          80, 13.667724609375,           15.0, 10.863306091455769 ,           2870,           2850,            1956,             211,        3260,      836,                2035
 1551453979,        4096,          62, 12.97900390625 ,           13.0, 10.850796908017735 ,           2947,           2929,            1464,             274,        3061,     1035,                1905
 1561454006,        4096,          99, 13.095947265625,           13.0, 11.460330832663344 ,           2898,           2869,            1554,             242,        2912,     1184,                1754
 1571454224,        4096,          97, 13.582763671875,           15.0, 11.30204911673621  ,           2879,           2854,            1823,             203,        3139,      957,                1913
 1581454317,        4096,          85, 13.86669921875 ,           14.0, 11.574542058780043 ,           2879,           2857,            1805,             285,        3102,      994,                1870
 1591454470,        4096,          79, 13.26904296875 ,           13.0, 11.536621321078636 ,           2886,           2861,            1614,             252,        2993,     1103,                1814
 1601455353,        4096,          83, 14.142333984375,           14.0, 12.318189707806782 ,           2885,           2862,            1763,             306,        2970,     1126,                1750
 1611455539,        4096,          94, 14.5830078125  ,           15.0, 12.036015465959403 ,           2884,           2855,            2044,             292,        3047,     1049,                1824
 1621455638,        4096,          79, 16.322998046875,           18.0, 13.19168026147882  ,           2880,           2847,            2406,             482,        3115,      981,                1880
 1631455765,        4096,          94, 15.223388671875,           15.0, 13.385843656337203 ,           2874,           2842,            1956,             428,        3065,     1031,                1855
 1641455848,        4096,          92, 14.582275390625,           14.0, 13.036141479224115 ,           2868,           2846,            1832,             370,        2957,     1139,                1740
 1651455988,        4096,          80, 14.769775390625,           16.0, 12.33524131380749  ,           2874,           2856,            2049,             338,        3116,      980,                1891
 1661456010,        4096,         125, 17.104736328125,           17.0, 15.281793734856386 ,           2873,           2851,            2257,             608,        2772,     1324,                1547
 1671456125,        4096,          78, 15.81103515625 ,           17.0, 12.661917531285557 ,           2874,           2850,            2330,             381,        3082,     1014,                1839
 1681457434,        4096,         140, 16.38720703125 ,           17.0, 13.6561238699878   ,           2874,           2852,            2353,             492,        3119,      977,                1876
 1691539798,        4096,         144, 16.629150390625,           16.0, 14.616831982610028 ,           2900,           2881,            2179,             522,        3046,     1050,                1833
 1701539856,        4096,          83, 14.590087890625,           15.0, 12.468835737177418 ,           2865,           2842,            1965,             326,        3024,     1072,                1811
 1711540779,        4096,          81, 14.640869140625,           16.0, 12.291411176009026 ,           2865,           2840,            2107,             292,        3359,      737,                2129
 1721540908,        4096,         141, 15.888916015625,           16.0, 14.635733714578178 ,           2865,           2846,            2104,             460,        3212,      884,                1972
 1731540963,        4096,         159, 17.070556640625,           15.0, 16.348474230064674 ,           2867,           2853,            1999,             624,        2693,     1403,                1519
 1741541093,        4096,          89, 14.128662109375,           15.0, 11.438387891044183 ,           2886,           2868,            1931,             235,        3068,     1028,                1861
 1751541096,        4096,         116, 15.204833984375,           14.0, 14.396817209828708 ,           2873,           2852,            1845,             434,        3316,      780,                2078
 1761541377,        4096,         108, 18.9833984375  ,           19.0, 16.37886755893467  ,           2879,           2858,            2449,             817,        2662,     1434,                1448
 1771541388,        4096,          86, 15.1748046875  ,           17.0, 11.980196466825076 ,           2866,           2843,            2345,             231,        3171,      925,                1931
 1781541502,        4096,          90, 15.710693359375,           17.0, 12.578097550735377 ,           2876,           2849,            2344,             441,        3171,      925,                1932
 1791541568,        4096,          90, 16.54443359375 ,           17.0, 13.727039717497231 ,           2873,           2850,            2334,             494,        3045,     1051,                1825
 1801546743,        4096,          98, 17.1953125     ,           18.0, 14.138611303442914 ,           2905,           2892,            2420,             558,        3134,      962,                1917
 1811546946,        4096,          84, 15.8671875     ,           16.0, 13.737367688028655 ,           2885,           2854,            2116,             483,        3028,     1068,                1810
 1821547694,        4096,         100, 15.39990234375 ,           16.0, 13.339678096161588 ,           2893,           2864,            2102,             378,        3356,      740,                2119
 1831547853,        4096,          65, 12.2177734375  ,           14.0,  9.746290185817855 ,           2875,           2848,            1487,             134,        3602,      494,                2385
 1841547883,        4096,         127, 14.923583984375,           14.0, 14.09420975021945  ,           2874,           2850,            1700,             488,        3180,      916,                1997
 1851548321,        4096,         145, 17.795166015625,           16.0, 17.008407447442575 ,           2879,           2862,            2100,             697,        3204,      892,                1984
 1861548714,        4096,         141, 16.61669921875 ,           17.0, 14.202705729625716 ,           2878,           2855,            2335,             500,        3328,      768,                2094
 1871548789,        4096,         183, 16.30810546875 ,           16.0, 14.659674197697107 ,           2877,           2856,            2122,             533,        3180,      916,                1947
 1881549339,        4096,          99, 16.339111328125,           17.0, 14.00235379178309  ,           2865,           2845,            2279,             472,        3140,      956,                1922
 1891549600,        4096,         139, 18.1982421875  ,           17.0, 16.784748728498894 ,           2868,           2849,            2361,             711,        2994,     1102,                1789
 1901549698,        4096,         134, 16.171875      ,           15.0, 15.319346364870631 ,           2872,           2853,            2001,             511,        3179,      917,                1954
 1911549705,        4096,         136, 15.764892578125,           15.0, 14.581487349660332 ,           2870,           2853,            2041,             464,        3323,      773,                2136
 1921549842,        4096,          87, 14.60107421875 ,           15.0, 12.3090310317183   ,           2867,           2848,            2019,             326,        3358,      738,                2144
 1931549859,        4096,          98, 14.974609375   ,           16.0, 12.913146607862938 ,           2869,           2844,            2063,             385,        3273,      823,                2068
 1941549915,        4096,         150, 16.24169921875 ,           14.0, 15.87923416230788  ,           2867,           2842,            1811,             616,        2824,     1272,                1638
 1951549926,        4096,         130, 16.452880859375,           17.0, 14.781703431914968 ,           2860,           2844,            2205,             476,        3209,      887,                2013
 1961549966,        4096,          97, 15.604248046875,           17.0, 12.413268304559148 ,           2856,           2846,            2339,             378,        3011,     1085,                1790
 1971550021,        4096,         102, 16.62060546875 ,           17.0, 13.672619809162676 ,           2867,           2853,            2369,             560,        3017,     1079,                1789
 1981550253,        4096,         101, 17.078369140625,           18.0, 14.375066605703873 ,           2866,           2850,            2396,             551,        3118,      978,                1882
 1991550407,        4096,          88, 17.432373046875,           18.0, 14.838249534613611 ,           2870,           2855,            2359,             648,        2905,     1191,                1686
 2001550496,        4096,         104, 16.456787109375,           17.0, 14.067276543980851 ,           2864,           2843,            2313,             485,        3224,      872,                1994
 2011550504,        4096,         102, 17.08154296875 ,           18.0, 14.278401355736483 ,           2874,           2851,            2439,             573,        3104,      992,                1874
 2021550663,        4096,         112, 15.796875      ,           16.0, 13.76684869702849  ,           2862,           2841,            2155,             432,        3143,      953,                1931
 2031551036,        4096,         145, 17.910400390625,           18.0, 16.280396127916386 ,           2873,           2860,            2371,             632,        3118,      978,                1892
 2041551049,        4096,         125, 17.826416015625,           18.0, 15.511427725542982 ,           2869,           2851,            2397,             663,        2780,     1316,                1582
 2051551136,        4096,         103, 16.715087890625,           18.0, 13.903831492364128 ,           2869,           2853,            2365,             514,        3244,      852,                2021
 2061551243,        4096,         114, 17.671142578125,           19.0, 14.895059585705011 ,           2865,           2850,            2480,             621,        2947,     1149,                1711
 2071551347,        4096,         106, 17.1640625     ,           18.0, 14.283760634759103 ,           2861,           2844,            2466,             567,        3302,      794,                2085
 2081551383,        4096,          82, 16.14208984375 ,           17.0, 13.298199696342476 ,           2866,           2846,            2385,             445,        3303,      793,                2084
 2091551621,        4096,         113, 17.682373046875,           17.0, 16.159617692817598 ,           2859,           2843,            2266,             674,        3037,     1059,                1807
 2101551848,        4096,         118, 16.428466796875,           17.0, 14.264992120164338 ,           2873,           2860,            2226,             501,        2973,     1123,                1778
 2111552287,        4096,         113, 18.186279296875,           18.0, 16.214420701814504 ,           2861,           2845,            2393,             694,        2994,     1102,                1772
 2121552705,        4096,         114, 17.586669921875,           18.0, 15.123363420123917 ,           2865,           2847,            2429,             605,        3235,      861,                1993
 2131552818,        4096,         130, 18.47119140625 ,           19.0, 16.40473654169509  ,           2863,           2841,            2430,             723,        2962,     1134,                1743
 2141552826,        4096,         156, 17.905517578125,           18.0, 16.289198780175827 ,           2872,           2851,            2338,             677,        2964,     1132,                1780
 2151580055,        4096,         103, 17.4609375     ,           18.0, 14.905494526846258 ,           2903,           2883,            2387,             609,        3135,      961,                1947
 2161580221,        4096,         128, 17.814208984375,           18.0, 15.839015665292715 ,           2869,           2844,            2420,             655,        3110,      986,                1895
 2171580688,        4096,         152, 17.83203125    ,           18.0, 15.850069911092614 ,           2863,           2847,            2424,             640,        3263,      833,                2041
 2181580812,        4096,         138, 18.130859375   ,           18.0, 16.557235744878266 ,           2856,           2838,            2422,             679,        3149,      947,                1909
 2191581318,        4096,         106, 15.33935546875 ,           16.0, 12.747589921366684 ,           2877,           2850,            2173,             378,        3141,      955,                1939
 2201581498,        4096,         152, 19.887451171875,           18.0, 19.42842379403596  ,           2860,           2839,            2387,             854,        2845,     1251,                1627
 2211581550,        4096,         114, 17.084716796875,           18.0, 14.482121278880461 ,           2856,           2841,            2373,             554,        2946,     1150,                1726
 2221581796,        4096,         168, 18.0546875     ,           18.0, 16.009333749092864 ,           2858,           2845,            2436,             678,        3082,     1014,                1844
 2231582023,        4096,         106, 17.14013671875 ,           17.0, 15.009970331626509 ,           2866,           2857,            2381,             530,        3299,      797,                2082
 2241582083,        4096,         209, 20.38330078125 ,           19.0, 19.432991700934604 ,           2865,           2851,            2439,             964,        2852,     1244,                1627
 2251582295,        4096,         117, 17.6396484375  ,           20.0, 14.261886156865922 ,           2870,           2847,            2537,             571,        3170,      926,                1934
 2261582383,        4096,          93, 17.764404296875,           19.0, 14.568832868457378 ,           2868,           2846,            2545,             670,        3045,     1051,                1827
 2271582405,        4096,          97, 16.26806640625 ,           16.0, 14.311848912984312 ,           2870,           2850,            2159,             516,        2982,     1114,                1859
 2281582688,        4096,          94, 16.89990234375 ,           17.0, 14.858405265091987 ,           2871,           2844,            2287,             555,        3065,     1031,                1884
 2291582796,        4096,          98, 16.84326171875 ,           18.0, 14.307410513827818 ,           2864,           2840,            2380,             539,        3105,      991,                1899
 2301582833,        4096,         146, 17.95556640625 ,           18.0, 16.196862587766695 ,           2860,           2841,            2399,             683,        3076,     1020,                1866
 2311582963,        4096,         118, 18.35546875    ,           18.0, 16.200363173946855 ,           2868,           2849,            2447,             700,        3077,     1019,                1863
 2321583332,        4096,          95, 17.464111328125,           18.0, 14.838047624796568 ,           2866,           2852,            2407,             622,        3015,     1081,                1815
 2331583488,        4096,         167, 17.36181640625 ,           18.0, 15.659273255428182 ,           2865,           2850,            2423,             562,        3384,      712,                2160
 2341583521,        4096,         133, 19.72216796875 ,           18.0, 18.46147690936214  ,           2878,           2853,            2455,             860,        2929,     1167,                1744
 2351583521,        4096,         154, 18.726806640625,           20.0, 16.50339761886983  ,           2866,           2844,            2480,             705,        3010,     1086,                1797
 2361583658,        4096,          98, 16.814208984375,           19.0, 13.425627140673468 ,           2865,           2846,            2497,             455,        2848,     1248,                1637
 2371583692,        4096,         106, 17.87353515625 ,           19.0, 14.8756441169213   ,           2864,           2848,            2527,             647,        2794,     1302,                1577
 2381583700,        4096,          97, 17.240966796875,           19.0, 13.785405107837013 ,           2862,           2842,            2527,             544,        3078,     1018,                1847
 2391583761,        4096,         116, 17.4189453125  ,           19.0, 14.431589444258531 ,           2874,           2855,            2479,             598,        3123,      973,                1904
 2401583781,        4096,         131, 16.6611328125  ,           17.0, 14.322404224823284 ,           2856,           2842,            2299,             550,        3123,      973,                1880
 2411583834,        4096,         112, 17.219482421875,           17.0, 15.110156111068571 ,           2859,           2845,            2356,             627,        3131,      965,                1894
 2421583866,        4096,          96, 17.877197265625,           18.0, 15.472894254075577 ,           2854,           2844,            2458,             653,        3085,     1011,                1864
 2431584038,        4096,         133, 18.5078125     ,           18.0, 17.416806647850052 ,           2860,           2843,            2373,             724,        3055,     1041,                1872
 2441584293,        4096,         109, 17.274658203125,           17.0, 15.042745162106588 ,           2861,           2839,            2331,             607,        2937,     1159,                1734
 2451584296,        4096,         118, 17.121337890625,           18.0, 14.601699981532072 ,           2862,           2845,            2411,             561,        3085,     1011,                1851
 2461584705,        4096,         122, 17.843505859375,           18.0, 15.564528978363754 ,           2862,           2846,            2414,             685,        3078,     1018,                1874
 2471584753,        4096,         151, 18.678466796875,           19.0, 16.419440685203416 ,           2853,           2841,            2525,             752,        3104,      992,                1876
 2481584901,        4096,         122, 17.913818359375,           19.0, 15.517808710573288 ,           2850,           2843,            2485,             645,        3197,      899,                1964
 2491584931,        4096,         200, 21.2578125     ,           21.0, 19.768210984490825 ,           2857,           2842,            2558,            1047,        2760,     1336,                1532
 2501585072,        4096,         115, 18.205810546875,           20.0, 14.772836381452615 ,           2863,           2849,            2560,             679,        3126,      970,                1886
 2511585158,        4096,         112, 17.384033203125,           18.0, 14.795092254765516 ,           2863,           2845,            2439,             610,        3236,      860,                2021
 2521585512,        4096,         140, 18.12451171875 ,           18.0, 16.186809974309142 ,           2861,           2846,            2423,             707,        3119,      977,                1887
 2531585581,        4096,         113, 17.246826171875,           17.0, 15.240611373695037 ,           2864,           2844,            2311,             609,        3114,      982,                1890
 2541586460,        4096,         143, 19.47119140625 ,           19.0, 17.857431000564613 ,           2873,           2856,            2501,             781,        3017,     1079,                1788
 2551586598,        4096,         131, 17.5615234375  ,           19.0, 14.772844598210874 ,           2857,           2844,            2503,             621,        3340,      756,                2099
 2561586601,        4096,         146, 19.828369140625,           20.0, 17.48046023746901  ,           2872,           2851,            2570,             913,        2954,     1142,                1712
 2571586663,        4096,         100, 18.569580078125,           20.0, 15.251506150630767 ,           2869,           2849,            2569,             765,        2952,     1144,                1703
 2581586668,        4096,         148, 19.601806640625,           20.0, 17.54075574114253  ,           2878,           2854,            2560,             835,        3045,     1051,                1796
 2591586931,        4096,         147, 17.250244140625,           17.0, 15.124487495803217 ,           2864,           2839,            2368,             619,        2989,     1107,                1851
 2601587061,        4096,         158, 18.68896484375 ,           19.0, 16.712891359675815 ,           2865,           2845,            2514,             739,        3077,     1019,                1899
 2611587275,        4096,         215, 18.513916015625,           19.0, 16.31604073452745  ,           2865,           2847,            2569,             695,        3316,      780,                2093
 2621587291,        4096,         173, 21.20361328125 ,           19.0, 20.74422327888414  ,           2861,           2843,            2500,             950,        2878,     1218,                1670
 2631587376,        4096,         206, 19.468017578125,           19.0, 18.264200184368626 ,           2869,           2850,            2505,             787,        3092,     1004,                1868
 2641587551,        4096,         129, 17.882080078125,           18.0, 15.800282804079805 ,           2852,           2840,            2424,             687,        3072,     1024,                1865
 2651587793,        4096,         120, 18.28125       ,           19.0, 16.313023818218067 ,           2851,           2836,            2490,             686,        3296,      800,                2070
 2661609354,        4096,         132, 17.099853515625,           18.0, 14.277507030633616 ,           2897,           2883,            2533,             480,        3641,      455,                2432
 2671609388,        4096,         155, 20.19677734375 ,           17.0, 20.53054482629447  ,           2852,           2841,            2341,             866,        3029,     1067,                1826
 2681609540,        4096,         232, 19.034423828125,           18.0, 18.238439097224912 ,           2860,           2848,            2425,             779,        3115,      981,                1886
 2691896668,        4096,         290, 20.87939453125 ,           19.0, 20.931193201825778 ,           2963,           2948,            2382,             886,        2956,     1140,                1801
 2701896690,        4096,         155, 17.0546875     ,           18.0, 14.765581597158432 ,           2867,           2852,            2373,             547,        2967,     1129,                1839
 2711896751,        4096,         130, 17.425048828125,           18.0, 14.919813257354615 ,           2863,           2842,            2436,             607,        3015,     1081,                1821
 2721896836,        4096,         152, 19.20947265625 ,           19.0, 17.445900421554157 ,           2865,           2844,            2540,             785,        3145,      951,                1925
 2731896897,        4096,          99, 17.9609375     ,           19.0, 15.340040205165492 ,           2860,           2840,            2506,             656,        3354,      742,                2125
 2741897031,        4096,         114, 17.7392578125  ,           18.0, 16.109181977381958 ,           2857,           2834,            2353,             660,        2958,     1138,                1793
 2751897068,        4096,         154, 19.488525390625,           19.0, 17.732533361792658 ,           2854,           2839,            2496,             870,        3047,     1049,                1835
 2761897322,        4096,         142, 18.06689453125 ,           18.0, 15.785795067177922 ,           2853,           2837,            2435,             697,        3152,      944,                1924
 2771897343,        4096,         217, 18.907470703125,           19.0, 17.570324181552394 ,           2868,           2848,            2492,             733,        3162,      934,                1937
 2781897548,        4096,         125, 19.01708984375 ,           19.0, 16.4433568738561   ,           2860,           2840,            2530,             827,        2875,     1221,                1635
 2791897553,        4096,         118, 19.471923828125,           20.0, 16.911525655889914 ,           2867,           2844,            2546,             842,        3233,      863,                1981
 2801897636,        4096,         154, 19.244873046875,           21.0, 16.2299861152217   ,           2864,           2839,            2599,             808,        3185,      911,                1939
 2811897680,        4096,         111, 18.66748046875 ,           19.0, 16.052945148751903 ,           2865,           2848,            2521,             770,        3147,      949,                1907
 2821898174,        4096,         203, 20.36962890625 ,           20.0, 18.691578136199855 ,           2855,           2843,            2567,             897,        3116,      980,                1872
 2831898190,        4096,         124, 17.261474609375,           18.0, 14.854592756131929 ,           2857,           2840,            2442,             572,        3485,      611,                2309
 2841898331,        4096,         136, 20.08349609375 ,           19.0, 18.04449689645235  ,           2852,           2838,            2492,             985,        2838,     1258,                1623
 2851898601,        4096,         170, 18.59375       ,           20.0, 15.986001566800562 ,           2852,           2837,            2520,             740,        3320,      776,                2103
 2861898631,        4096,         142, 17.737060546875,           19.0, 15.30951672317305  ,           2854,           2837,            2471,             629,        3274,      822,                2044
 2871898791,        4096,         103, 18.849365234375,           19.0, 16.7295676039239   ,           2863,           2842,            2475,             808,        3099,      997,                1868
 2881898990,        4096,         138, 19.427001953125,           19.0, 17.758898061187594 ,           2862,           2844,            2498,             824,        3087,     1009,                1854
 2891899368,        4096,         138, 19.20947265625 ,           19.0, 17.68330526990878  ,           2860,           2843,            2476,             809,        3238,      858,                2037
 2901899421,        4096,         140, 18.19970703125 ,           19.0, 15.657190587767312 ,           2856,           2843,            2468,             711,        3068,     1028,                1847
 2911899611,        4096,         160, 18.815673828125,           19.0, 16.56936645505002  ,           2860,           2839,            2519,             765,        3118,      978,                1888
 2921899718,        4096,         137, 19.244140625   ,           20.0, 17.032195066776467 ,           2858,           2833,            2552,             822,        3118,      978,                1876
 2931899733,        4096,         187, 20.563232421875,           20.0, 18.624224126579712 ,           2850,           2841,            2571,            1011,        2975,     1121,                1727
 2941899751,        4096,         187, 19.15478515625 ,           20.0, 16.476011401782127 ,           2850,           2836,            2561,             845,        3014,     1082,                1769
 2951899906,        4096,         137, 19.46240234375 ,           19.0, 18.037329794172543 ,           2852,           2842,            2526,             778,        3306,      790,                2053
 2961899947,        4096,         187, 18.4638671875  ,           18.0, 18.01296633368893  ,           2848,           2838,            2456,             668,        3318,      778,                2093
 2971900086,        4096,         172, 21.382568359375,           19.0, 21.22941049501917  ,           2856,           2840,            2494,             979,        3026,     1070,                1797
 2981900293,        4096,         183, 21.9423828125  ,           21.0, 20.731710232538816 ,           2844,           2835,            2569,            1070,        3151,      945,                1902
 2991900698,        4096,         122, 18.8154296875  ,           19.0, 16.30759373688355  ,           2845,           2837,            2482,             805,        2987,     1109,                1799
 3001900831,        4096,         222, 19.455810546875,           18.0, 18.883108265351403 ,           2852,           2841,            2413,             832,        3033,     1063,                1823
 3011901048,        4096,         144, 19.227783203125,           20.0, 17.051854496373675 ,           2866,           2852,            2528,             802,        3099,      997,                1868
 3021901245,        4096,         194, 19.652587890625,           20.0, 17.938974191983068 ,           2867,           2854,            2546,             850,        3134,      962,                1895
 3031901313,        4096,         153, 19.57421875    ,           19.0, 18.01654944980166  ,           2859,           2844,            2529,             853,        3121,      975,                1888
 3041901413,        4096,         278, 19.905517578125,           19.0, 19.17523296859993  ,           2868,           2850,            2469,             897,        3091,     1005,                1880
 3051901588,        4096,         188, 19.503662109375,           20.0, 17.249235328021207 ,           2867,           2848,            2537,             882,        3054,     1042,                1821
 3061901713,        4096,         178, 19.194091796875,           20.0, 17.069271614585986 ,           2858,           2833,            2542,             801,        3108,      988,                1867
 3071902426,        4096,         170, 19.099853515625,           19.0, 17.16350711658437  ,           2867,           2843,            2523,             800,        3162,      934,                1921
 3081902608,        4096,         181, 20.36376953125 ,           20.0, 18.761636905781547 ,           2857,           2841,            2560,             930,        3083,     1013,                1848
 3091902689,        4096,         117, 18.630615234375,           19.0, 16.248813965503732 ,           2855,           2839,            2505,             740,        3264,      832,                2049
 3101902797,        4096,         154, 20.13720703125 ,           20.0, 18.292910875338446 ,           2862,           2845,            2549,             906,        3088,     1008,                1863
 3111902968,        4096,         156, 21.037841796875,           21.0, 19.3514797669399   ,           2855,           2836,            2588,             985,        3129,      967,                1886
 3122366015,        4096,         185, 19.837158203125,           20.0, 17.26043038740823  ,           3007,           2987,            2560,             820,        3096,     1000,                1985
 3132366286,        4096,         102, 18.060791015625,           18.0, 16.142824625024403 ,           2853,           2836,            2443,             676,        3102,      994,                1991
 3142366553,        4096,         160, 19.2919921875  ,           19.0, 18.237733847025485 ,           2856,           2840,            2483,             809,        3031,     1065,                1834
 3152366601,        4096,         152, 19.48291015625 ,           20.0, 17.804087951394493 ,           2852,           2840,            2513,             855,        3070,     1026,                1847
 3162366686,        4096,         251, 20.60009765625 ,           20.0, 20.198362982627163 ,           2851,           2836,            2548,             907,        3110,      986,                1876
 3172855608,        4096,         154, 20.130615234375,           20.0, 17.827153517911213 ,           2930,           2913,            2588,             906,        3144,      952,                1973
 3182855616,        4096,         110, 19.77490234375 ,           20.0, 17.77041670730883  ,           2863,           2847,            2532,             870,        3114,      982,                1927
 3192855646,        4096,         198, 21.2685546875  ,           20.0, 20.12747819225801  ,           2863,           2846,            2590,             977,        3084,     1012,                1855
 3202855694,        4096,         254, 20.189453125   ,           20.5, 18.33165450067663  ,           2861,           2843,            2565,             946,        3135,      961,                1916
 3212855812,        4096,         138, 20.122314453125,           20.0, 18.061105864091815 ,           2862,           2847,            2549,             903,        3097,      999,                1863
 3222855873,        4096,         186, 19.50146484375 ,           19.0, 17.708978175221823 ,           2863,           2847,            2508,             848,        3116,      980,                1883
 3232856036,        4096,         178, 21.095947265625,           20.0, 20.693525443821652 ,           2853,           2839,            2559,             953,        3105,      991,                1865
 3242856130,        4096,         163, 20.232421875   ,           20.0, 17.97155368327323  ,           2848,           2835,            2572,             949,        2998,     1098,                1786
 3252856204,        4096,         137, 19.817138671875,           20.0, 17.765316048773276 ,           2872,           2852,            2554,             898,        3136,      960,                1915
 3262856271,        4096,         246, 20.462646484375,           20.0, 19.095887033334442 ,           2850,           2836,            2563,             918,        3106,      990,                1868
 3272856698,        4096,         348, 20.627685546875,           21.0, 19.26091170839582  ,           2857,           2848,            2611,             937,        3111,      985,                1874
 3282856899,        4096,         186, 19.856201171875,           20.0, 18.007012946527386 ,           2849,           2835,            2555,             905,        3106,      990,                1883
 3292858218,        4096,         145, 20.046142578125,           20.0, 18.398172298066974 ,           2859,           2842,            2558,             893,        3167,      929,                1932
 3302858301,        4096,         156, 20.759033203125,           20.0, 19.39148218902255  ,           2861,           2845,            2576,             933,        3136,      960,                1889
 3312858411,        4096,         231, 20.980712890625,           20.0, 20.56664018633785  ,           2864,           2843,            2558,             941,        3152,      944,                1930
 3322858466,        4096,         233, 20.7646484375  ,           21.0, 19.72462472594926  ,           2857,           2841,            2592,             920,        3183,      913,                1949
 3332858559,        4096,         139, 19.984375      ,           20.0, 17.9634163279671   ,           2853,           2838,            2579,             881,        3090,     1006,                1843
 3342858713,        4096,         247, 20.77685546875 ,           21.0, 19.321979153108856 ,           2853,           2836,            2583,             973,        3124,      972,                1876
 3352858805,        4096,         193, 20.40283203125 ,           20.0, 19.126131803395296 ,           2847,           2833,            2548,             957,        3134,      962,                1893
 3362858998,        4096,         152, 19.458740234375,           19.0, 17.49055986383771  ,           2894,           2883,            2512,             829,        3191,      905,                2006
 3372859000,        4096,         129, 19.679931640625,           19.0, 18.122449917462927 ,           2871,           2853,            2495,             848,        3097,      999,                1891
 3382859006,        4096,         134, 19.5498046875  ,           20.0, 17.801722615714834 ,           2864,           2846,            2505,             816,        3120,      976,                1895
 3392859123,        4096,         164, 19.775390625   ,           20.0, 18.171071291441848 ,           2854,           2840,            2531,             870,        3146,      950,                1925
 3402859348,        4096,         335, 20.263427734375,           20.0, 19.546648688953997 ,           2859,           2843,            2545,             910,        3085,     1011,                1858
 3412859515,        4096,         304, 20.3896484375  ,           20.0, 19.15798397213036  ,           2865,           2844,            2575,             939,        3141,      955,                1907
 3422859658,        4096,         196, 20.641357421875,           20.0, 19.422033097535923 ,           2853,           2833,            2595,             956,        3188,      908,                1939
 3432859822,        4096,         233, 20.80419921875 ,           21.0, 20.0150881061716   ,           2852,           2838,            2585,             918,        3237,      859,                1996
 3442859971,        4096,         150, 19.135498046875,           19.0, 18.224469772325836 ,           2857,           2837,            2435,             796,        3157,      939,                1976
 3452860023,        4096,         191, 20.18310546875 ,           19.0, 19.245767790765424 ,           2858,           2839,            2509,             867,        3109,      987,                1895
 3462860312,        4096,         211, 21.05078125    ,           20.0, 20.742641752912007 ,           2848,           2830,            2541,             979,        3075,     1021,                1847
 3472860727,        4096,         180, 20.820556640625,           20.0, 19.254990659960114 ,           2856,           2843,            2573,             971,        3103,      993,                1861
 3482860861,        4096,         203, 21.997802734375,           21.0, 21.48564757722347  ,           2843,           2832,            2614,            1082,        3071,     1025,                1827
 3492860865,        4096,         197, 21.111572265625,           21.0, 19.388566391243792 ,           2853,           2840,            2606,            1012,        3026,     1070,                1780
 3502860883,        4096,         142, 20.387451171875,           21.0, 18.350523896950126 ,           2850,           2835,            2593,             936,        3113,      983,                1866
 3512861340,        4096,         148, 19.62158203125 ,           20.0, 17.922749897920998 ,           2853,           2838,            2549,             846,        3271,      825,                2028
 3522861513,        4096,         192, 21.42138671875 ,           20.0, 20.26197253204907  ,           2868,           2850,            2583,            1024,        3078,     1018,                1832
 3532861566,        4096,         185, 20.847412109375,           20.0, 19.662866735645636 ,           2859,           2840,            2563,             984,        3149,      947,                1899
 3542861648,        4096,         195, 21.530517578125,           21.0, 20.8155625169289   ,           2853,           2838,            2553,            1008,        3121,      975,                1873
 3552861875,        4096,         164, 21.018310546875,           21.0, 19.380994704593935 ,           2851,           2837,            2559,            1032,        3145,      951,                1899
 3562861933,        4096,         193, 19.7763671875  ,           19.0, 18.94265060129319  ,           2855,           2832,            2401,             896,        2968,     1128,                1846
 3572862259,        4096,         192, 20.385986328125,           20.0, 19.661358857734772 ,           2854,           2839,            2507,             912,        3053,     1043,                1860
 3582862331,        4096,         254, 20.919921875   ,           21.0, 19.926352036001134 ,           2843,           2834,            2565,             972,        3173,      923,                1948
 3592862365,        4096,         165, 20.208251953125,           20.0, 18.82131853815361  ,           2849,           2830,            2527,             935,        3021,     1075,                1810
 3602862526,        4096,         153, 20.183837890625,           20.0, 18.393104455762643 ,           2848,           2833,            2552,             929,        3114,      982,                1877
 3612862622,        4096,         172, 19.88134765625 ,           20.0, 18.39600955955048  ,           2861,           2844,            2495,             888,        3099,      997,                1888
 3622862886,        4096,         163, 19.96435546875 ,           20.0, 18.27640691656574  ,           2854,           2839,            2528,             916,        3139,      957,                1907
 3632863021,        4096,         161, 21.337646484375,           21.0, 20.212119969951548 ,           2848,           2830,            2568,            1016,        3101,      995,                1865
 3642863221,        4096,         194, 20.99267578125 ,           21.0, 19.073228156065237 ,           2857,           2839,            2581,            1010,        3095,     1001,                1854
 3652863496,        4096,         187, 20.362548828125,           20.0, 18.891501317235225 ,           2864,           2837,            2511,             944,        3105,      991,                1887
 3662863530,        4096,         198, 21.18115234375 ,           21.0, 19.598257462006767 ,           2876,           2860,            2561,            1022,        3137,      959,                1909
 3672863736,        4096,         186, 20.59521484375 ,           20.0, 19.03602712397678  ,           2869,           2853,            2546,             968,        3122,      974,                1898
 3682864684,        4096,         229, 20.09814453125 ,           20.0, 19.331102905059133 ,           2899,           2875,            2491,             871,        3154,      942,                1966
 3692864851,        4096,         201, 19.530517578125,           19.0, 18.281812126124844 ,           2861,           2829,            2495,             836,        3144,      952,                1924
 3702864878,        4096,         373, 20.832763671875,           20.5, 20.37026907256456  ,           2859,           2836,            2556,             941,        3105,      991,                1869
 3712864903,        4096,         178, 20.468994140625,           21.0, 18.593724148195392 ,           2852,           2827,            2586,             951,        3202,      894,                1969
 3722864966,        4096,         244, 22.10400390625 ,           21.0, 21.242667015642944 ,           2850,           2832,            2594,            1088,        3039,     1057,                1806
 3732864978,        4096,         286, 21.446044921875,           21.0, 20.27446002917327  ,           2839,           2828,            2595,            1061,        3151,      945,                1904
 3742864989,        4096,         272, 21.697265625   ,           21.0, 21.169716272412423 ,           2853,           2840,            2563,            1079,        2966,     1130,                1757
 3752865031,        4096,         192, 20.3896484375  ,           21.0, 18.61730467791065  ,           2837,           2824,            2552,             967,        3001,     1095,                1777
 3762865166,        4096,         187, 20.68310546875 ,           21.0, 19.09100501250036  ,           2846,           2835,            2581,             974,        3091,     1005,                1856
 3772865723,        4096,         147, 20.75439453125 ,           21.0, 19.10960446061666  ,           2854,           2843,            2576,             989,        3110,      986,                1862
 3782865846,        4096,         299, 21.373291015625,           21.0, 20.101708171092792 ,           2846,           2831,            2589,            1058,        3088,     1008,                1838
 3792866934,        4096,         218, 20.843994140625,           21.0, 19.794385648144416 ,           2860,           2842,            2562,             976,        3080,     1016,                1867
 3802866966,        4096,         315, 21.300537109375,           21.0, 20.910763239125526 ,           2847,           2827,            2567,             990,        3121,      975,                1878
 3812867239,        4096,         176, 20.49365234375 ,           20.0, 19.415543737261395 ,           2853,           2829,            2519,             944,        3084,     1012,                1871
 3822867321,        4096,         131, 20.494384765625,           20.0, 18.92310632121859  ,           2862,           2838,            2533,             955,        3139,      957,                1916
 3832867331,        4096,         221, 20.34130859375 ,           20.0, 19.329235584667657 ,           2858,           2836,            2495,             939,        3071,     1025,                1885
 3842867340,        4096,         203, 20.7001953125  ,           20.0, 19.787110604017027 ,           2855,           2837,            2538,             950,        3110,      986,                1900
 3852867463,        4096,         157, 20.7666015625  ,           20.0, 19.630105271798023 ,           2854,           2831,            2536,             985,        3064,     1032,                1853
 3862867475,        4096,         247, 20.533203125   ,           21.0, 19.190219450347364 ,           2859,           2842,            2569,             962,        3083,     1013,                1867
 3872867826,        4096,         251, 20.94091796875 ,           21.0, 19.99379604795781  ,           2860,           2834,            2548,             975,        3101,      995,                1868
 3882867947,        4096,         169, 20.854248046875,           21.0, 19.258812322448268 ,           2866,           2841,            2558,             990,        3178,      918,                1936
 3892868045,        4096,         206, 21.216064453125,           21.0, 19.772706136211372 ,           2857,           2836,            2552,            1035,        3142,      954,                1904
 3902868703,        4096,         286, 21.146728515625,           21.0, 20.044389314926196 ,           2853,           2829,            2558,            1059,        3135,      961,                1916
 3912868872,        4096,         182, 21.262451171875,           21.0, 19.779910012067962 ,           2851,           2834,            2568,            1051,        3121,      975,                1891
 3922868986,        4096,         198, 21.253173828125,           21.0, 20.410954058810617 ,           2852,           2829,            2566,             995,        3112,      984,                1876
 3932869005,        4096,         216, 21.37646484375 ,           21.0, 20.899157354488487 ,           2850,           2838,            2555,            1017,        3086,     1010,                1874
 3942869193,        4096,         154, 21.32421875    ,           21.0, 19.87021756963543  ,           2855,           2838,            2569,            1049,        3086,     1010,                1856
 3952869480,        4096,         155, 20.3232421875  ,           20.0, 18.793439441749886 ,           2858,           2829,            2538,             929,        3049,     1047,                1876
 3962869613,        4096,         270, 21.099609375   ,           21.0, 20.239974848765552 ,           2857,           2835,            2570,             978,        3096,     1000,                1888
 3972869851,        4096,         224, 21.52197265625 ,           21.0, 20.545526467515437 ,           2848,           2837,            2592,            1027,        3089,     1007,                1864
 3982869920,        4096,         242, 20.487548828125,           20.0, 19.602453739891057 ,           2844,           2826,            2539,             955,        3068,     1028,                1845
 3992870070,        4096,         184, 20.2021484375  ,           20.0, 19.191244424781743 ,           2849,           2826,            2572,             882,        3304,      792,                2065
 4002870236,        4096,         385, 21.083251953125,           21.0, 22.09662624424656  ,           2842,           2822,            2580,             932,        3251,      845,                2006
 4012870460,        4096,         311, 20.41455078125 ,           18.0, 22.13376025356435  ,           2852,           2837,            2394,             868,        3000,     1096,                1882
 4022870691,        4096,         263, 19.841796875   ,           19.0, 19.326801720408636 ,           2847,           2834,            2488,             835,        3042,     1054,                1870
 4032870908,        4096,         162, 19.778564453125,           20.0, 18.79140063387919  ,           2849,           2833,            2539,             827,        3284,      812,                2072
 4042870969,        4096,         192, 22.215576171875,           20.0, 22.050615636779728 ,           2859,           2842,            2581,            1046,        3099,      997,                1886
 4052871196,        4096,         237, 22.71240234375 ,           21.0, 23.86608763812409  ,           2857,           2835,            2566,            1091,        3076,     1020,                1872
 4062871467,        4096,         203, 21.7158203125  ,           21.0, 21.04087826853866  ,           2847,           2824,            2573,            1072,        3153,      943,                1929
 4072871531,        4096,         366, 22.12451171875 ,           21.0, 21.714908040489004 ,           2846,           2827,            2581,            1121,        3048,     1048,                1813
 4082871718,        4096,         177, 21.102783203125,           21.0, 19.152704914320335 ,           2849,           2828,            2578,            1051,        3128,      968,                1887
 4092871818,        4096,         157, 18.75634765625 ,           18.0, 18.417897650054556 ,           2843,           2806,            2306,             802,        2934,     1162,                1875
 4102872038,        4096,         130, 19.634033203125,           19.0, 18.098164507428926 ,           2853,           2828,            2491,             862,        3044,     1052,                1894
 4112872046,        4096,         396, 21.351806640625,           20.0, 22.06656105634127  ,           2847,           2825,            2531,            1019,        2904,     1192,                1729
 4122872166,        4096,         212, 20.3115234375  ,           20.0, 18.634281559578255 ,           2857,           2833,            2540,             977,        3109,      987,                1896
 4132873084,        4096,         221, 19.8447265625  ,           20.0, 18.51759118050609  ,           2871,           2839,            2510,             904,        3068,     1028,                1892
 4142873181,        4096,         232, 20.333740234375,           21.0, 19.166970243503126 ,           2865,           2843,            2551,             915,        3141,      955,                1937
 4152873286,        4096,         165, 20.111572265625,           20.0, 18.948918867284178 ,           2860,           2832,            2513,             880,        3115,      981,                1921
 4162873326,        4096,         238, 21.11962890625 ,           21.0, 20.607576576645044 ,           2849,           2825,            2542,             997,        3061,     1035,                1845
 4172873448,        4096,         177, 20.99853515625 ,           21.0, 19.580999085796996 ,           2852,           2823,            2554,            1054,        3142,      954,                1908
 4182874849,        4096,         155, 21.244873046875,           21.0, 19.905620773108012 ,           2856,           2833,            2582,            1032,        3133,      963,                1898
 4192874866,        4096,         322, 21.447265625   ,           21.0, 20.868429737541188 ,           2850,           2827,            2584,            1037,        3127,      969,                1883
 4202875918,        4096,         241, 21.544921875   ,           21.0, 20.58663414603384  ,           2849,           2830,            2572,            1070,        3071,     1025,                1838
 4212875926,        4096,         229, 21.258056640625,           21.0, 19.704446043459438 ,           2857,           2831,            2586,            1062,        3128,      968,                1892
 4222876085,        4096,         155, 21.289306640625,           21.0, 19.787815925199155 ,           2864,           2836,            2586,            1045,        3160,      936,                1915
 4232876480,        4096,         214, 21.754150390625,           21.0, 21.01117767442951  ,           2844,           2826,            2596,            1046,        3125,      971,                1889
 4242876703,        4096,         514, 21.925048828125,           21.0, 22.489146633569927 ,           2848,           2825,            2599,            1051,        3215,      881,                1978
 4252876836,        4096,         194, 21.84521484375 ,           21.0, 21.04156662253086  ,           2847,           2822,            2548,            1091,        2948,     1148,                1736
 4262877011,        4096,         188, 20.902099609375,           21.0, 18.888251646966705 ,           2849,           2828,            2590,            1022,        3103,      993,                1885
 4272877103,        4096,         169, 21.750732421875,           21.0, 20.21086651878441  ,           2853,           2838,            2593,            1077,        3106,      990,                1877
 4282877148,        4096,         296, 22.281005859375,           22.0, 21.7256034727202   ,           2847,           2828,            2606,            1127,        3148,      948,                1918
 4292877267,        4096,         163, 21.70849609375 ,           22.0, 19.995177301449242 ,           2846,           2832,            2588,            1091,        3046,     1050,                1806
 4302877368,        4096,         151, 21.23193359375 ,           21.0, 19.54816556919319  ,           2854,           2840,            2574,            1067,        3087,     1009,                1849
 4312877472,        4096,         125, 20.992919921875,           21.0, 19.279102358852676 ,           2847,           2821,            2571,            1011,        3134,      962,                1891
 4322877541,        4096,         194, 21.728759765625,           21.0, 20.422942852362908 ,           2858,           2826,            2570,            1096,        3099,      997,                1857
 4332877723,        4096,         178, 21.532958984375,           21.0, 20.734225169821247 ,           2845,           2824,            2544,            1069,        3114,      982,                1877
 4342878221,        4096,         217, 22.03857421875 ,           21.0, 21.270531816303933 ,           2838,           2823,            2561,            1118,        3098,      998,                1861
 4352878498,        4096,         362, 21.43115234375 ,           21.0, 20.521417124104243 ,           2856,           2831,            2571,            1057,        3141,      955,                1900
 4362878566,        4096,         183, 21.408447265625,           21.0, 20.318398589008645 ,           2842,           2819,            2561,            1063,        3112,      984,                1879
 4373314118,        4096,         305, 21.265625      ,           21.0, 19.96801030515747  ,           2889,           2874,            2620,            1015,        3248,      848,                2032
 4383314272,        4096,         231, 21.384765625   ,           21.0, 20.768696921570896 ,           2850,           2833,            2569,            1008,        3120,      976,                1909
 4393314438,        4096,         228, 21.635009765625,           21.0, 21.375772895837844 ,           2841,           2822,            2575,            1063,        3099,      997,                1866
 4403314588,        4096,         178, 20.9375        ,           21.0, 19.42240923440627  ,           2869,           2845,            2575,             989,        3183,      913,                1947
 4413314595,        4096,         260, 21.2021484375  ,           20.0, 21.440544045755143 ,           2853,           2819,            2510,             987,        3077,     1019,                1885
 4423314620,        4096,         235, 21.260498046875,           20.0, 20.754264954809873 ,           2878,           2844,            2538,             998,        3100,      996,                1891
 4433314726,        4096,         218, 20.3564453125  ,           20.0, 19.76109502094195  ,           2859,           2830,            2505,             936,        3091,     1005,                1875
 4443314782,        4096,         173, 20.54638671875 ,           20.0, 19.389039687180837 ,           2852,           2824,            2543,             948,        3118,      978,                1894
 4453315041,        4096,         209, 21.02783203125 ,           21.0, 20.00419162099     ,           2846,           2823,            2551,            1004,        3125,      971,                1886
 4463315240,        4096,         151, 20.831787109375,           21.0, 19.150584789577643 ,           2844,           2823,            2563,            1025,        3095,     1001,                1859
 4473315455,        4096,         233, 20.594970703125,           21.0, 19.53620597369914  ,           2840,           2822,            2552,             956,        3242,      854,                2002
 4483315718,        4096,         272, 21.9482421875  ,           21.0, 21.45573106066524  ,           2855,           2830,            2581,            1100,        3080,     1016,                1841
 4493315811,        4096,         205, 21.5302734375  ,           21.0, 20.602937099179133 ,           2845,           2821,            2562,            1042,        3145,      951,                1902
 4503315816,        4096,         331, 21.47119140625 ,           21.0, 20.590825146680647 ,           2838,           2814,            2579,            1074,        3111,      985,                1865
 4513316002,        4096,         271, 20.01025390625 ,           19.0, 20.775701616790386 ,           2846,           2813,            2433,             862,        2996,     1100,                1877
 4523316126,        4096,         259, 20.5361328125  ,           20.0, 20.268369443263335 ,           2854,           2832,            2530,             911,        3109,      987,                1915
 4533316405,        4096,         218, 21.035888671875,           21.0, 20.379838648315054 ,           2856,           2834,            2572,             978,        3119,      977,                1912
 4543316420,        4096,         219, 21.297119140625,           20.0, 20.97110995245958  ,           2848,           2823,            2562,            1030,        3095,     1001,                1867
 4553316699,        4096,         273, 21.296875      ,           21.0, 20.568690889842138 ,           2839,           2817,            2576,            1045,        3133,      963,                1895
 4563317077,        4096,         176, 21.579345703125,           21.0, 20.667913527298676 ,           2849,           2820,            2583,            1040,        3135,      961,                1903
 4573317101,        4096,         187, 21.93994140625 ,           21.0, 21.020528154706692 ,           2850,           2815,            2551,            1116,        3006,     1090,                1787
 4583317106,        4096,         307, 20.881591796875,           20.0, 20.91262265087901  ,           2852,           2815,            2524,             979,        2977,     1119,                1795
 4593317253,        4096,         159, 20.32177734375 ,           20.0, 18.71083081559446  ,           2846,           2812,            2540,             948,        3094,     1002,                1898
 4603317258,        4096,         206, 20.8115234375  ,           21.0, 19.420614752541645 ,           2843,           2814,            2572,            1018,        3132,      964,                1903
 4613317431,        4096,         349, 21.266357421875,           21.0, 20.740917181279304 ,           2843,           2810,            2555,            1032,        3117,      979,                1884
 4623317548,        4096,         170, 21.21533203125 ,           21.0, 20.499738453150268 ,           2842,           2818,            2542,            1003,        3124,      972,                1892
 4633317746,        4096,         175, 21.86474609375 ,           21.0, 20.994564664296902 ,           2839,           2812,            2559,            1102,        3096,     1000,                1860
 4643317759,        4096,         329, 21.607666015625,           21.0, 21.192825884402    ,           2845,           2817,            2570,            1062,        3133,      963,                1893
 4653318334,        4096,         289, 21.760498046875,           21.0, 21.102891818689788 ,           2848,           2827,            2587,            1047,        3160,      936,                1926
 4663318391,        4096,         172, 21.611083984375,           21.0, 20.251756872976856 ,           2854,           2832,            2584,            1048,        3143,      953,                1909
 4673318526,        4096,         499, 21.562255859375,           21.0, 21.630283657016    ,           2847,           2822,            2578,            1035,        3145,      951,                1902
 4683318556,        4096,         188, 21.052490234375,           21.0, 20.06463989390715  ,           2844,           2813,            2537,            1024,        3104,      992,                1897
 4693318760,        4096,         179, 21.537109375   ,           21.0, 20.401489917725055 ,           2856,           2833,            2557,            1062,        3115,      981,                1886
 4703318773,        4096,         180, 21.530517578125,           21.0, 20.317464449241086 ,           2872,           2846,            2578,            1039,        3153,      943,                1916
 4713318780,        4096,         229, 20.96923828125 ,           20.0, 20.70139806490517  ,           2862,           2826,            2520,             972,        3173,      923,                1949
 4723318787,        4096,         221, 20.997802734375,           20.0, 20.012319083352104 ,           2852,           2818,            2538,            1040,        3135,      961,                1892
 4733319013,        4096,         171, 20.484130859375,           20.0, 20.13857612072849  ,           2849,           2815,            2488,             923,        3082,     1014,                1906
 4743319196,        4096,         181, 20.963623046875,           21.0, 19.885165810105942 ,           2849,           2822,            2548,            1000,        3086,     1010,                1881
 4753319308,        4096,         167, 21.725341796875,           21.0, 21.250677893148048 ,           2844,           2815,            2566,            1049,        3097,      999,                1872
 4763319533,        4096,         185, 21.328125      ,           21.0, 20.281195830050923 ,           2842,           2819,            2560,            1034,        3105,      991,                1865
 4773319711,        4096,         171, 20.73681640625 ,           20.0, 19.487765894330494 ,           2848,           2826,            2542,             988,        3136,      960,                1905
 4783319713,        4096,         220, 21.21240234375 ,           21.0, 20.142456581047146 ,           2848,           2819,            2549,            1021,        3134,      962,                1889
 4793319996,        4096,         215, 20.92724609375 ,           20.0, 19.965462851362233 ,           2853,           2815,            2528,            1012,        3099,      997,                1884
 4803320057,        4096,         219, 21.318115234375,           21.0, 20.789439738741965 ,           2855,           2815,            2555,            1031,        3095,     1001,                1867
 4813320722,        4096,         471, 21.3857421875  ,           21.0, 22.066264990274924 ,           2852,           2819,            2588,            1015,        3146,      950,                1909
 4823320911,        4096,         256, 21.763916015625,           21.0, 21.4589378208521   ,           2846,           2817,            2554,            1069,        3035,     1061,                1813
 4833321134,        4096,         346, 20.9072265625  ,           21.0, 20.03170549705003  ,           2857,           2824,            2567,             998,        3117,      979,                1888
 4843321161,        4096,         171, 20.99951171875 ,           21.0, 19.67384198257502  ,           2845,           2825,            2550,            1020,        3137,      959,                1901
 4853321181,        4096,         351, 21.48583984375 ,           21.0, 20.82266302814616  ,           2861,           2838,            2575,            1061,        3164,      932,                1923
 4863321259,        4096,         205, 21.29541015625 ,           21.0, 20.577885069494734 ,           2845,           2813,            2566,            1023,        3170,      926,                1926
 4873321266,        4096,         347, 21.547607421875,           21.0, 22.10869983814929  ,           2857,           2825,            2569,            1008,        3159,      937,                1922
 4883321276,        4096,         153, 21.51904296875 ,           21.0, 20.465496608385568 ,           2853,           2830,            2565,            1044,        3166,      930,                1923
 4893321383,        4096,         282, 22.501220703125,           21.0, 22.739319661461597 ,           2836,           2811,            2550,            1133,        3065,     1031,                1820
 4903321397,        4096,         222, 21.71142578125 ,           21.0, 20.618150527393887 ,           2856,           2825,            2578,            1109,        3119,      977,                1879
 4913321602,        4096,         236, 21.156494140625,           21.0, 20.06199307707425  ,           2848,           2815,            2561,            1036,        3138,      958,                1913
 4923321818,        4096,         237, 21.51220703125 ,           21.0, 20.972599949568437 ,           2852,           2821,            2567,            1017,        3130,      966,                1894
 4933321954,        4096,         237, 21.39404296875 ,           21.0, 20.587454075116444 ,           2851,           2812,            2569,            1042,        3139,      957,                1895
 4943322196,        4096,         218, 21.571044921875,           21.0, 20.533588419960253 ,           2840,           2812,            2560,            1077,        3140,      956,                1898
 4953322213,        4096,         225, 21.53515625    ,           21.0, 20.81017100273532  ,           2843,           2819,            2578,            1050,        3151,      945,                1909
 4963322475,        4096,         448, 21.853271484375,           21.0, 22.358096444064227 ,           2838,           2819,            2566,            1086,        3095,     1001,                1862
 4973322536,        4096,         182, 21.4375        ,           21.0, 20.499023414238543 ,           2852,           2830,            2558,            1063,        3088,     1008,                1874
 4983322703,        4096,         262, 21.5322265625  ,           21.0, 21.224512208291607 ,           2853,           2825,            2562,            1036,        3130,      966,                1897
 4993322733,        4096,         206, 21.850341796875,           21.0, 20.798789940020846 ,           2860,           2832,            2589,            1086,        3119,      977,                1878
 5003322851,        4096,         352, 21.960693359375,           21.0, 21.995186971468957 ,           2854,           2819,            2581,            1087,        3139,      957,                1903
 5013323390,        4096,         164, 21.6767578125  ,           21.0, 20.30605683474072  ,           2853,           2825,            2564,            1090,        3101,      995,                1870
 5023323645,        4096,         296, 20.202392578125,           19.0, 20.512234443221804 ,           2850,           2805,            2445,             930,        2982,     1114,                1884
 5033323671,        4096,         169, 20.19091796875 ,           20.0, 19.116092072138027 ,           2859,           2817,            2494,             919,        3030,     1066,                1893
 5043323786,        4096,         212, 20.662353515625,           20.0, 20.053334859624076 ,           2846,           2817,            2521,             965,        3100,      996,                1903
 5053323940,        4096,         435, 20.91455078125 ,           20.0, 21.285081868523903 ,           2843,           2804,            2519,             993,        3120,      976,                1902
 5063324135,        4096,         229, 20.8837890625  ,           21.0, 19.936940893865973 ,           2847,           2809,            2532,            1029,        3100,      996,                1880
 5073324741,        4096,         173, 20.667236328125,           21.0, 19.109531141502536 ,           2845,           2813,            2538,             998,        3155,      941,                1919
 5083325474,        4096,         394, 21.607421875   ,           21.0, 21.704788309052255 ,           2841,           2818,            2555,            1035,        3120,      976,                1880
 5093325590,        4096,         193, 21.300048828125,           21.0, 20.5039311207355   ,           2855,           2826,            2568,            1035,        3129,      967,                1897
 5103325713,        4096,         240, 21.606689453125,           21.0, 21.508761027877497 ,           2844,           2812,            2554,            1016,        3161,      935,                1925
 5113325845,        4096,         159, 21.494384765625,           21.0, 20.060369525519537 ,           2864,           2826,            2597,            1057,        3159,      937,                1918
 5123325963,        4096,         202, 21.561767578125,           21.0, 21.066489171579885 ,           2846,           2809,            2577,            1041,        3140,      956,                1894
 5133326002,        4096,         361, 21.193603515625,           20.0, 20.92732654197288  ,           2924,           2886,            2564,             978,        3109,      987,                1938
 5143326126,        4096,         283, 20.990478515625,           20.0, 21.155365037933294 ,           2854,           2817,            2508,             952,        3103,      993,                1929
 5153326278,        4096,         182, 20.6767578125  ,           21.0, 19.856725748646735 ,           2851,           2814,            2542,             958,        3138,      958,                1921
 5163623745,        4096,         221, 21.404541015625,           21.0, 21.030638663205217 ,           2894,           2851,            2578,             981,        3155,      941,                1944
 5173623757,        4096,         300, 20.826171875   ,           20.0, 20.58759768195913  ,           2844,           2811,            2528,             987,        3154,      942,                1933
 5183623806,        4096,         216, 21.1123046875  ,           20.0, 20.37942304754763  ,           2848,           2803,            2544,            1033,        3123,      973,                1888
 5193623806,        4096,         182, 20.202392578125,           19.0, 19.66310006182125  ,           2845,           2797,            2475,             916,        3095,     1001,                1906
 5203623841,        4096,         174, 20.578369140625,           20.0, 20.054252853111922 ,           2841,           2807,            2500,             929,        3106,      990,                1896
 5213624026,        4096,         222, 20.91162109375 ,           21.0, 20.04280092343458  ,           2854,           2826,            2551,            1007,        3135,      961,                1905
 5223624108,        4096,         178, 21.226318359375,           20.0, 20.72372915095362  ,           2847,           2815,            2541,            1016,        3112,      984,                1886
 5233624271,        4096,         197, 21.30224609375 ,           21.0, 20.854966875844298 ,           2854,           2808,            2557,            1032,        3157,      939,                1919
 5243624442,        4096,         243, 21.50048828125 ,           21.0, 21.250183817124533 ,           2848,           2807,            2544,            1047,        3130,      966,                1888
 5253624783,        4096,         281, 21.2177734375  ,           21.0, 21.003055872418173 ,           2839,           2792,            2541,            1016,        3129,      967,                1891
 5263625001,        4096,         168, 21.564697265625,           21.0, 20.978032450966907 ,           2847,           2805,            2544,            1018,        3136,      960,                1904
 5273625233,        4096,         176, 19.958984375   ,           20.0, 19.222123112113703 ,           2845,           2799,            2493,             905,        3090,     1006,                1896
 5283625422,        4096,         300, 21.990478515625,           20.0, 22.66747905275221  ,           2855,           2811,            2529,            1038,        3012,     1084,                1810
 5293625431,        4096,         170, 21.013671875   ,           21.0, 19.778468124733116 ,           2851,           2816,            2542,            1022,        3107,      989,                1874
 5303625471,        4096,         150, 21.008056640625,           21.0, 19.91104935111198  ,           2858,           2818,            2567,            1006,        3132,      964,                1916
 5313625471,        4096,         228, 20.87548828125 ,           20.0, 20.111350785704175 ,           2847,           2796,            2533,             991,        3096,     1000,                1892
 5323626843,        4096,         200, 21.080322265625,           20.0, 20.084274191964713 ,           2863,           2817,            2551,            1008,        3127,      969,                1913
 5333627056,        4096,         377, 21.233154296875,           21.0, 20.78387164881639  ,           2850,           2810,            2546,            1033,        3127,      969,                1890
 5343627081,        4096,         224, 21.1318359375  ,           21.0, 20.250016930655477 ,           2850,           2820,            2541,            1024,        3121,      975,                1890
 5353627222,        4096,         143, 21.280029296875,           21.0, 20.142678366990243 ,           2848,           2805,            2535,            1016,        3144,      952,                1903
 5363627358,        4096,         189, 21.148681640625,           21.0, 20.16964460994829  ,           2857,           2810,            2533,            1056,        3146,      950,                1906
 5373627366,        4096,         219, 21.3486328125  ,           21.0, 20.521426447576648 ,           2850,           2810,            2551,            1032,        3143,      953,                1905
 5383627471,        4096,         264, 21.0859375     ,           21.0, 20.26081013301526  ,           2851,           2809,            2556,            1009,        3130,      966,                1904
 5393627648,        4096,         180, 21.174072265625,           21.0, 19.891532570090348 ,           2878,           2832,            2573,            1018,        3155,      941,                1926
 5403627681,        4096,         247, 21.544677734375,           21.0, 21.486743187516836 ,           2851,           2802,            2554,            1040,        3127,      969,                1887
 5413627691,        4096,         251, 21.18212890625 ,           21.0, 21.221178362493404 ,           2852,           2808,            2551,             995,        3152,      944,                1912
 5423627954,        4096,         164, 21.26171875    ,           21.0, 20.58682213172782  ,           2843,           2798,            2541,            1023,        3123,      973,                1884
 5433628103,        4096,         288, 21.45361328125 ,           21.0, 20.93510472844771  ,           2844,           2805,            2531,            1068,        3079,     1017,                1848
 5443628271,        4096,         195, 21.037109375   ,           21.0, 19.87209073252704  ,           2855,           2813,            2546,            1014,        3139,      957,                1906
 5453628688,        4096,         305, 21.428955078125,           21.0, 21.925217614947993 ,           2833,           2794,            2532,            1020,        3120,      976,                1889
 5463628781,        4096,         382, 21.638427734375,           21.0, 21.921777616245127 ,           2854,           2804,            2555,            1050,        3128,      968,                1895
 5473629234,        4096,         206, 21.249267578125,           21.0, 20.764164133402303 ,           2851,           2804,            2538,            1009,        3141,      955,                1909
 5483629468,        4096,         215, 20.9990234375  ,           20.0, 20.753494129364714 ,           2846,           2804,            2515,             991,        3124,      972,                1912
 5493629511,        4096,         175, 20.88720703125 ,           20.0, 20.095741843639427 ,           2853,           2811,            2537,            1006,        3131,      965,                1902
 5503629688,        4096,         351, 21.1611328125  ,           20.0, 21.189606575907344 ,           2839,           2788,            2520,             998,        3099,      997,                1875
 5513629777,        4096,         252, 20.572265625   ,           20.0, 19.895752538813237 ,           2843,           2795,            2541,             955,        3266,      830,                2032
 5523629981,        4096,         204, 21.19140625    ,           21.0, 20.51308377194811  ,           2855,           2811,            2553,             991,        3117,      979,                1887
 5533629981,        4096,         398, 20.767333984375,           20.0, 21.797470137972393 ,           2849,           2804,            2484,             948,        3067,     1029,                1891
 5543630168,        4096,         232, 20.084716796875,           20.0, 19.43002269810054  ,           2847,           2799,            2486,             913,        3123,      973,                1934
 5553630169,        4096,         281, 20.8994140625  ,           20.0, 20.883352082171275 ,           2847,           2805,            2510,             974,        3123,      973,                1902
 5563630396,        4096,         278, 21.169677734375,           20.0, 21.55880331748686  ,           2841,           2799,            2513,             994,        3119,      977,                1886
 5573630435,        4096,         169, 19.373046875   ,           18.0, 19.04265093885441  ,           2858,           2794,            2366,             855,        3023,     1073,                1905
 5583630528,        4096,         226, 19.915771484375,           20.0, 19.576048256039332 ,           2858,           2809,            2467,             853,        3124,      972,                1930
 5593631015,        4096,         237, 20.379638671875,           20.0, 20.1325239590865   ,           2837,           2790,            2492,             936,        3138,      958,                1915
 5603631223,        4096,         189, 20.671142578125,           20.0, 19.828525342274013 ,           2856,           2803,            2511,             981,        3143,      953,                1914
 5613631548,        4096,         186, 20.370849609375,           20.0, 19.982228917724655 ,           2848,           2797,            2479,             930,        3112,      984,                1905
 5623631548,        4096,         363, 20.695068359375,           20.0, 20.55845170766565  ,           2862,           2810,            2524,             965,        3125,      971,                1905
 5633631568,        4096,         196, 20.92333984375 ,           21.0, 20.343053515769057 ,           2860,           2820,            2533,             988,        3119,      977,                1892
 5643631716,        4096,         211, 20.36767578125 ,           20.0, 19.579666740681063 ,           2855,           2800,            2495,             920,        3139,      957,                1927
 5653631738,        4096,         208, 20.9775390625  ,           20.0, 20.671360854302424 ,           2851,           2808,            2534,             977,        3117,      979,                1904
 5663631746,        4096,         236, 20.843994140625,           20.0, 20.378518390236707 ,           2847,           2794,            2521,             998,        3132,      964,                1900
 5673632001,        4096,         248, 20.791748046875,           20.0, 20.149147010845017 ,           2849,           2789,            2512,             999,        3142,      954,                1906
 5683632225,        4096,         215, 21.463134765625,           21.0, 21.076071488586162 ,           2856,           2812,            2542,            1035,        3122,      974,                1886
 5693632271,        4096,         262, 21.283203125   ,           21.0, 21.546209224072115 ,           2855,           2804,            2535,            1009,        3127,      969,                1892
 5703632343,        4096,         179, 21.0244140625  ,           21.0, 20.252890651331782 ,           2858,           2802,            2526,            1012,        3139,      957,                1901
 5713632703,        4096,         234, 21.033447265625,           21.0, 20.154798989224556 ,           2845,           2791,            2534,            1012,        3125,      971,                1890
 5723632836,        4096,         171, 20.78564453125 ,           20.0, 20.295027316174448 ,           2842,           2796,            2495,             984,        3105,      991,                1896
 5733633283,        4096,         198, 21.071044921875,           20.0, 20.277917231028702 ,           2859,           2809,            2525,            1025,        3099,      997,                1883
 5743633413,        4096,         191, 20.818603515625,           21.0, 20.206684856590936 ,           2838,           2784,            2501,            1008,        3128,      968,                1899
 5753633486,        4096,         153, 20.721923828125,           21.0, 19.447346476338627 ,           2854,           2800,            2526,             985,        3147,      949,                1914
 5763633486,        4096,         228, 20.250732421875,           19.0, 19.875218022848095 ,           2847,           2785,            2451,             943,        3067,     1029,                1875
 5773633713,        4096,         214, 20.447509765625,           20.0, 20.037871337645754 ,           2846,           2797,            2486,             972,        3113,      983,                1898
 5783634854,        4096,         300, 20.42626953125 ,           20.0, 19.882551468070638 ,           2843,           2799,            2508,             952,        3093,     1003,                1871
 5793635020,        4096,         257, 20.480224609375,           20.0, 20.610946906229845 ,           2846,           2798,            2494,             938,        3182,      914,                1945
 5803635020,        4096,         162, 20.217041015625,           20.0, 19.408489520391882 ,           2848,           2799,            2485,             934,        3134,      962,                1918
 5813635177,        4096,         245, 20.640380859375,           20.0, 20.842984437109077 ,           2840,           2789,            2517,             937,        3139,      957,                1906
 5823635421,        4096,         294, 20.98486328125 ,           20.0, 20.82442098020964  ,           2855,           2798,            2527,            1003,        3119,      977,                1888
 5833636794,        4096,         300, 21.05419921875 ,           20.0, 21.414163499473588 ,           2860,           2806,            2520,             968,        3140,      956,                1905
 5843636831,        4096,         168, 20.7158203125  ,           20.0, 20.00873353529559  ,           2839,           2780,            2516,             979,        3144,      952,                1907
 5853636960,        4096,         200, 20.865966796875,           20.0, 20.511438166236296 ,           2849,           2791,            2517,             983,        3125,      971,                1891
 5863637101,        4096,         217, 21.042724609375,           20.0, 20.421902037050288 ,           2852,           2796,            2532,            1011,        3147,      949,                1911
 5873637296,        4096,         388, 21.20654296875 ,           20.0, 22.130512558361815 ,           2838,           2789,            2526,            1023,        3109,      987,                1875
 5883637351,        4096,         184, 21.17626953125 ,           21.0, 20.67523908165521  ,           2851,           2801,            2530,             986,        3109,      987,                1879
 5893637443,        4096,         189, 21.140625      ,           21.0, 20.572381981448455 ,           2857,           2797,            2555,            1011,        3137,      959,                1901
 5903637456,        4096,         211, 20.90869140625 ,           20.0, 20.386427073777725 ,           2847,           2790,            2519,            1004,        3120,      976,                1887
 5913637533,        4096,         176, 21.19921875    ,           21.0, 20.44462699163642  ,           2846,           2792,            2542,            1032,        3120,      976,                1892
 5923637618,        4096,         298, 20.7373046875  ,           21.0, 19.929387920644743 ,           2859,           2805,            2533,             993,        3168,      928,                1932
 5933637676,        4096,         181, 21.142822265625,           20.0, 20.333807628179645 ,           2857,           2796,            2529,            1015,        3118,      978,                1888
 5943638098,        4096,         170, 20.9619140625  ,           20.0, 20.533640334798523 ,           2836,           2782,            2511,            1002,        3125,      971,                1897
 5953638176,        4096,         284, 21.031494140625,           20.0, 20.583522078740103 ,           2852,           2796,            2536,            1007,        3117,      979,                1882
 5963638181,        4096,         152, 20.8291015625  ,           20.0, 20.031361953017825 ,           2846,           2790,            2527,             997,        3130,      966,                1898
 5973638338,        4096,         154, 20.723388671875,           20.0, 19.76788894745157  ,           2851,           2790,            2531,             994,        3143,      953,                1907
 5983638454,        4096,         208, 20.95703125    ,           20.0, 20.101575783978316 ,           2849,           2794,            2540,            1014,        3122,      974,                1886
 5993638586,        4096,         264, 19.7939453125  ,           19.0, 19.384562218509327 ,           2848,           2779,            2451,             888,        3102,      994,                1911
 6003638661,        4096,         352, 20.015380859375,           20.0, 19.62710248867723  ,           2848,           2776,            2477,             903,        3130,      966,                1908
 6013638666,        4096,         159, 20.447265625   ,           20.0, 19.718815677974764 ,           2847,           2787,            2508,             929,        3103,      993,                1876
 6023638793,        4096,         191, 20.5546875     ,           20.0, 20.226668114826616 ,           2842,           2786,            2512,             934,        3116,      980,                1885
 6033638813,        4096,         210, 20.894775390625,           20.0, 20.225508724682474 ,           2857,           2798,            2538,             986,        3117,      979,                1880
 6043638951,        4096,         227, 20.835693359375,           20.0, 20.04336376615017  ,           2841,           2801,            2517,            1028,        3108,      988,                1879
 6053639216,        4096,         223, 20.570556640625,           20.0, 19.941942155083936 ,           2843,           2791,            2534,             978,        3128,      968,                1896
 6063639321,        4096,         307, 20.6689453125  ,           20.0, 20.154766720155415 ,           2858,           2802,            2513,             970,        3178,      918,                1935
 6073640663,        4096,         300, 21.05322265625 ,           20.0, 20.96389659194139  ,           2840,           2788,            2521,            1004,        3136,      960,                1904
 6083640688,        4096,         237, 20.91357421875 ,           20.0, 20.553459052476672 ,           2836,           2785,            2513,             998,        3105,      991,                1866
 6093640883,        4096,         172, 20.705322265625,           21.0, 19.647015194387382 ,           2845,           2788,            2539,             996,        3123,      973,                1897
 6103641356,        4096,         149, 20.586669921875,           20.0, 19.699594698708708 ,           2839,           2782,            2528,             978,        3122,      974,                1892
 6113641406,        4096,         395, 20.825927734375,           20.0, 20.72234889601599  ,           2846,           2792,            2528,             970,        3133,      963,                1897
 6123641596,        4096,         150, 19.73291015625 ,           19.0, 19.170135437780964 ,           2839,           2773,            2427,             874,        3061,     1035,                1880
 6133641747,        4096,         218, 20.545654296875,           20.0, 20.972158014351475 ,           2844,           2779,            2492,             917,        3085,     1011,                1871
 6143641773,        4096,         308, 20.769775390625,           20.0, 20.991813288633814 ,           2851,           2788,            2503,             981,        3119,      977,                1889
 6153641843,        4096,         235, 20.257568359375,           20.0, 19.459752042507475 ,           2842,           2775,            2487,             959,        3133,      963,                1905
 6163641995,        4096,         278, 20.622314453125,           20.0, 21.058238165699112 ,           2833,           2771,            2496,             961,        3151,      945,                1928
 6173642375,        4096,         159, 20.49560546875 ,           20.0, 19.43454761100307  ,           2848,           2791,            2523,             981,        3105,      991,                1877
 6183642541,        4096,         211, 20.77880859375 ,           20.0, 20.305873922785278 ,           2849,           2783,            2532,             962,        3128,      968,                1893
 6193642559,        4096,         251, 20.372802734375,           20.0, 19.778890868312548 ,           2851,           2780,            2501,             949,        3150,      946,                1919
 6203642706,        4096,         233, 20.674560546875,           20.0, 19.958325655988148 ,           2855,           2787,            2512,             966,        3132,      964,                1896
 6213642741,        4096,         158, 20.28564453125 ,           20.0, 19.518219377558932 ,           2856,           2788,            2476,             960,        3104,      992,                1891
 6223642753,        4096,         198, 20.33349609375 ,           20.0, 19.7618786243035   ,           2856,           2786,            2501,             932,        3133,      963,                1908
 6233642897,        4096,         165, 20.4130859375  ,           20.0, 19.610632794532403 ,           2842,           2773,            2509,             972,        3096,     1000,                1865
 6243643109,        4096,         184, 18.87451171875 ,           17.0, 19.433552522088412 ,           2862,           2776,            2270,             776,        2980,     1116,                1862
 6253643372,        4096,         236, 19.04248046875 ,           19.0, 18.883112187309717 ,           2852,           2773,            2393,             796,        3091,     1005,                1923
 6263644097,        4096,         372, 19.966796875   ,           19.0, 20.334276094103775 ,           2856,           2787,            2459,             880,        3115,      981,                1902
 6273644672,        4096,         270, 19.507080078125,           20.0, 18.50072445449755  ,           2853,           2794,            2486,             874,        3144,      952,                1923
 6283645099,        4096,         203, 16.787109375   ,           15.0, 17.155099854541422 ,           2843,           2741,            2004,             621,        2944,     1152,                1898
 6293645113,        4096,         193, 18.192626953125,           17.0, 17.821263040012198 ,           2857,           2772,            2293,             728,        3026,     1070,                1895
 6303645246,        4096,         406, 18.984130859375,           19.0, 19.374331947315003 ,           2845,           2762,            2408,             777,        3047,     1049,                1864
 6313645288,        4096,         190, 19.351806640625,           19.0, 18.42265057892694  ,           2859,           2788,            2471,             798,        3119,      977,                1894
 6323645387,        4096,         253, 19.80078125    ,           19.0, 19.331348492691824 ,           2850,           2790,            2477,             891,        3094,     1002,                1885
 6333645431,        4096,         210, 19.65576171875 ,           19.0, 18.885762556737603 ,           2844,           2782,            2485,             875,        3139,      957,                1916
 6343645684,        4096,         285, 20.121337890625,           20.0, 19.813872038629242 ,           2856,           2782,            2491,             928,        3121,      975,                1898
 6353645718,        4096,         344, 20.150634765625,           20.0, 20.145806756506676 ,           2836,           2768,            2493,             911,        3112,      984,                1890
 6363645774,        4096,         182, 20.04541015625 ,           20.0, 19.318298796386273 ,           2850,           2784,            2488,             933,        3141,      955,                1908
 6373645835,        4096,         211, 20.171142578125,           20.0, 19.759411258051887 ,           2853,           2779,            2491,             905,        3127,      969,                1895
 6383645868,        4096,         171, 20.601318359375,           20.0, 20.083577523751927 ,           2858,           2790,            2501,             976,        3097,      999,                1868
 6393645941,        4096,         204, 20.2705078125  ,           20.0, 19.633571210865497 ,           2854,           2784,            2487,             925,        3123,      973,                1894
 6403647149,        4096,         164, 20.375         ,           20.0, 19.394282239715654 ,           2859,           2786,            2527,             948,        3116,      980,                1893
 6413647191,        4096,         277, 19.802001953125,           19.0, 19.649544412061026 ,           2852,           2783,            2460,             896,        3113,      983,                1913
 6423647811,        4096,         210, 19.92138671875 ,           20.0, 19.30420967971134  ,           2840,           2778,            2478,             914,        3104,      992,                1890
 6433648031,        4096,         184, 19.83203125    ,           20.0, 19.143771664180324 ,           2835,           2765,            2475,             911,        3091,     1005,                1872
 6443648044,        4096,         147, 20.30419921875 ,           20.0, 19.38725020852137  ,           2861,           2787,            2501,             929,        3105,      991,                1892
 6453648063,        4096,         167, 20.158935546875,           20.0, 19.387064873616495 ,           2857,           2776,            2489,             928,        3119,      977,                1899
 6463648073,        4096,         180, 20.140380859375,           20.0, 19.233659619400207 ,           2866,           2796,            2495,             908,        3154,      942,                1937
 6473648216,        4096,         193, 20.120849609375,           20.0, 19.5592498014057   ,           2855,           2778,            2475,             903,        3144,      952,                1922
 6483648221,        4096,         222, 19.5068359375  ,           19.0, 19.341123411851196 ,           2853,           2775,            2412,             865,        3085,     1011,                1913
 6493648396,        4096,         173, 19.21484375    ,           19.0, 18.519830334011864 ,           2855,           2768,            2404,             850,        3109,      987,                1922
 6503648439,        4096,         263, 19.487548828125,           19.0, 19.06737492091056  ,           2852,           2775,            2445,             842,        3108,      988,                1902
 6513650362,        4096,         191, 19.598388671875,           19.0, 18.992779449879016 ,           2851,           2787,            2459,             858,        3135,      961,                1918
 6523650480,        4096,         213, 20.014404296875,           19.0, 19.28487196371437  ,           2862,           2795,            2493,             902,        3152,      944,                1935
 6533650556,        4096,         205, 19.9638671875  ,           20.0, 19.440518331917254 ,           2838,           2763,            2482,             910,        3133,      963,                1902
 6543650636,        4096,         260, 20.210205078125,           20.0, 20.04511521302024  ,           2848,           2780,            2465,             916,        3147,      949,                1912
 6553650818,        4096,         329, 20.2333984375  ,           20.0, 20.20178281923708  ,           2844,           2777,            2495,             917,        3164,      932,                1937
 6563650958,        4096,         215, 20.12890625    ,           20.0, 19.528249378879586 ,           2841,           2771,            2485,             929,        3094,     1002,                1869
 6573651028,        4096,         204, 20.107666015625,           20.0, 19.159993512223704 ,           2862,           2789,            2512,             916,        3147,      949,                1928
 6583651200,        4096,         180, 20.24560546875 ,           20.0, 19.410482384299986 ,           2852,           2780,            2517,             939,        3137,      959,                1920
 6593651232,        4096,         215, 20.06396484375 ,           20.0, 19.582702485197593 ,           2847,           2767,            2498,             903,        3146,      950,                1913
 6603651326,        4096,         159, 20.072509765625,           20.0, 19.409278300100805 ,           2835,           2761,            2473,             928,        3098,      998,                1873
 6613651574,        4096,         217, 20.072509765625,           20.0, 19.422782967259455 ,           2864,           2789,            2491,             896,        3125,      971,                1903
 6623651641,        4096,         201, 19.68701171875 ,           19.0, 19.04471986515029  ,           2853,           2778,            2446,             885,        3142,      954,                1915
 6633651721,        4096,         170, 20.046630859375,           20.0, 19.341996168889317 ,           2858,           2783,            2471,             921,        3107,      989,                1877
 6643651888,        4096,         232, 19.71875       ,           20.0, 18.987377591771327 ,           2864,           2785,            2476,             879,        3146,      950,                1918
 6653653455,        4096,         136, 20.041015625   ,           20.0, 18.977159826018642 ,           2875,           2795,            2512,             899,        3134,      962,                1914
 6663653611,        4096,         253, 19.92626953125 ,           20.0, 19.428100956777218 ,           2850,           2770,            2474,             880,        3123,      973,                1899
 6673653788,        4096,         202, 20.256591796875,           20.0, 20.60409287184591  ,           2845,           2759,            2484,             914,        3114,      982,                1894
 6683654101,        4096,         232, 19.920166015625,           19.0, 18.900986446329032 ,           2863,           2784,            2469,             903,        3133,      963,                1906
 6693654123,        4096,         163, 20.02783203125 ,           20.0, 19.489748577054208 ,           2854,           2765,            2441,             902,        3136,      960,                1917
 6703654241,        4096,         161, 19.981201171875,           20.0, 18.994753801897147 ,           2870,           2786,            2474,             911,        3137,      959,                1915
 6713654264,        4096,         297, 20.05078125    ,           20.0, 19.78963732571667  ,           2853,           2780,            2470,             893,        3132,      964,                1903
 6723654270,        4096,         192, 19.690673828125,           20.0, 18.87666256479196  ,           2844,           2761,            2480,             876,        3133,      963,                1902
 6733654346,        4096,         172, 19.80078125    ,           20.0, 19.02245690170301  ,           2846,           2766,            2493,             865,        3147,      949,                1921
 6743654556,        4096,         208, 20.116455078125,           20.0, 19.43485871151766  ,           2867,           2787,            2484,             903,        3118,      978,                1889
 6753654633,        4096,         177, 19.861572265625,           19.0, 19.196140864519638 ,           2845,           2776,            2487,             916,        3110,      986,                1890
 6763654641,        4096,         179, 19.62158203125 ,           19.0, 18.741218335121044 ,           2850,           2772,            2461,             896,        3117,      979,                1899
 6773654813,        4096,         398, 19.8291015625  ,           19.0, 20.3897471739551   ,           2842,           2763,            2457,             881,        3120,      976,                1903
 6783654891,        4096,         393, 20.216064453125,           20.0, 20.66848979603906  ,           2852,           2777,            2484,             909,        3146,      950,                1918
 6793654970,        4096,         180, 19.914306640625,           19.0, 19.21175508904077  ,           2851,           2771,            2480,             893,        3128,      968,                1905
 6803654978,        4096,         176, 19.077392578125,           18.0, 18.6483341832649   ,           2852,           2767,            2397,             824,        3054,     1042,                1881
 6813655000,        4096,         181, 19.312255859375,           19.0, 18.857074636761954 ,           2851,           2767,            2429,             833,        3073,     1023,                1897
 6825511100,        4096,         320, 20.118896484375,           20.0, 18.8440680516543   ,           2991,           2911,            2532,             891,        3117,      979,                1996
 6835511196,        4096,         170, 18.82861328125 ,           18.0, 18.622166354042594 ,           2853,           2766,            2403,             771,        3105,      991,                1993
 6845511383,        4096,         291, 19.373291015625,           19.0, 19.47025624964984  ,           2848,           2768,            2443,             814,        3096,     1000,                1899
 6855511411,        4096,         154, 19.5205078125  ,           19.0, 18.543078785246976 ,           2871,           2788,            2461,             845,        3130,      966,                1911
 6865511507,        4096,         291, 19.528564453125,           19.0, 19.116474930266765 ,           2858,           2778,            2464,             832,        3153,      943,                1941
 6875511646,        4096,         237, 19.698486328125,           19.0, 19.04628300079303  ,           2863,           2788,            2459,             879,        3136,      960,                1923
 6885511911,        4096,         186, 19.28466796875 ,           19.0, 18.50682199193902  ,           2856,           2771,            2442,             832,        3163,      933,                1943
 6895511983,        4096,         251, 19.42529296875 ,           19.0, 19.103408586970332 ,           2848,           2769,            2447,             860,        3144,      952,                1918
 6905512100,        4096,         150, 19.554443359375,           19.0, 18.724030577759425 ,           2851,           2769,            2468,             849,        3129,      967,                1904
 6915512101,        4096,         169, 19.3076171875  ,           19.0, 18.32079325291224  ,           2845,           2769,            2452,             849,        3122,      974,                1898
 6925512703,        4096,         198, 19.668212890625,           19.0, 19.141665158716666 ,           2842,           2762,            2453,             859,        3135,      961,                1912
 6935512914,        4096,         170, 19.28076171875 ,           19.0, 18.57146198340439  ,           2844,           2764,            2436,             830,        3153,      943,                1926
 6945512983,        4096,         440, 19.84033203125 ,           19.0, 20.650762657278673 ,           2862,           2778,            2442,             854,        3108,      988,                1893
 6955513919,        4096,         263, 19.32958984375 ,           19.0, 18.848562907020174 ,           2842,           2753,            2436,             809,        3132,      964,                1914
 6965513946,        4096,         287, 19.60400390625 ,           19.0, 19.707676258249847 ,           2861,           2781,            2461,             870,        3146,      950,                1922
 6975514023,        4096,         167, 19.3701171875  ,           19.0, 18.443490170620287 ,           2842,           2754,            2458,             837,        3118,      978,                1890
 6985514207,        4096,         163, 19.27783203125 ,           19.0, 18.397691579547732 ,           2845,           2766,            2470,             861,        3109,      987,                1889
 6995514346,        4096,         188, 18.970703125   ,           19.0, 18.33133153679419  ,           2849,           2768,            2428,             773,        3100,      996,                1902
 7005514538,        4096,         249, 19.218017578125,           19.0, 19.597265373834777 ,           2843,           2754,            2412,             792,        3108,      988,                1899
 7015514666,        4096,         194, 19.2705078125  ,           19.0, 19.071131993758957 ,           2831,           2746,            2430,             820,        3107,      989,                1892
 7025514730,        4096,         288, 19.3056640625  ,           19.0, 19.20362278515817  ,           2857,           2768,            2456,             807,        3144,      952,                1921
 7035514856,        4096,         172, 19.48193359375 ,           19.0, 19.111250821962575 ,           2853,           2780,            2447,             848,        3139,      957,                1916
 7045515088,        4096,         240, 19.421630859375,           19.0, 19.178214642441244 ,           2844,           2758,            2415,             841,        3145,      951,                1910
 7055516007,        4096,         203, 19.350830078125,           19.0, 18.912659406715065 ,           2855,           2771,            2452,             809,        3134,      962,                1900
 7065517551,        4096,         249, 19.636474609375,           19.0, 19.34690320809757  ,           2873,           2789,            2464,             837,        3166,      930,                1932
 7075517616,        4096,         280, 19.47705078125 ,           19.0, 19.88273632582067  ,           2834,           2747,            2416,             839,        3153,      943,                1916
 7085517661,        4096,         458, 19.618896484375,           19.0, 20.7273861232188   ,           2831,           2756,            2427,             857,        3106,      990,                1866
 7095517677,        4096,         221, 19.864990234375,           19.0, 19.883242809683004 ,           2864,           2784,            2461,             829,        3115,      981,                1893
 7105518499,        4096,         414, 19.4921875     ,           19.0, 19.800369351727856 ,           2851,           2770,            2462,             830,        3122,      974,                1894
 7115518636,        4096,         437, 19.382080078125,           19.0, 19.94256306131499  ,           2837,           2749,            2450,             825,        3147,      949,                1910
 7125518857,        4096,         230, 19.412109375   ,           19.0, 19.01425991001325  ,           2835,           2742,            2446,             820,        3113,      983,                1878
 7135518865,        4096,         178, 19.596435546875,           19.0, 19.2508618158785   ,           2851,           2771,            2465,             868,        3106,      990,                1873
 7145520685,        4096,         244, 19.41259765625 ,           19.0, 18.99207476288615  ,           2861,           2775,            2463,             849,        3162,      934,                1926
 7155520738,        4096,         152, 19.28955078125 ,           19.0, 18.604832521621297 ,           2843,           2758,            2446,             805,        3153,      943,                1918
 7165520906,        4096,         173, 19.304443359375,           19.0, 18.711805884930172 ,           2849,           2768,            2457,             826,        3131,      965,                1898
 7175520966,        4096,         164, 19.023681640625,           19.0, 18.309958113906823 ,           2840,           2761,            2430,             813,        3128,      968,                1903
 7185521348,        4096,         303, 18.809326171875,           19.0, 18.51782083327148  ,           2837,           2756,            2395,             754,        3133,      963,                1905
 7195521433,        4096,         190, 19.340087890625,           19.0, 19.069640424763527 ,           2856,           2781,            2420,             826,        3139,      957,                1904
 7205521496,        4096,         234, 19.19775390625 ,           19.0, 19.13858930077692  ,           2838,           2762,            2414,             831,        3136,      960,                1907
 7215521578,        4096,         212, 19.18994140625 ,           19.0, 18.880704756601162 ,           2850,           2765,            2424,             815,        3118,      978,                1887
 7225521696,        4096,         203, 19.277099609375,           19.0, 18.967749226736398 ,           2858,           2772,            2440,             822,        3130,      966,                1899
 7235521808,        4096,         164, 19.108642578125,           19.0, 18.526115527974106 ,           2848,           2755,            2424,             803,        3143,      953,                1914
 7245521993,        4096,         248, 19.20263671875 ,           19.0, 19.084310086697247 ,           2860,           2766,            2448,             803,        3134,      962,                1911
 7255522240,        4096,         242, 18.9375        ,           19.0, 18.539074022857776 ,           2864,           2777,            2407,             781,        3158,      938,                1934
 7265522475,        4096,         239, 19.260498046875,           19.0, 18.927164623615692 ,           2865,           2778,            2439,             845,        3141,      955,                1916
 7275522516,        4096,         214, 18.927734375   ,           18.0, 18.645219004933768 ,           2861,           2768,            2406,             788,        3145,      951,                1918
 7285522558,        4096,         210, 18.6044921875  ,           18.0, 18.508096289401333 ,           2841,           2747,            2345,             767,        3079,     1017,                1880
 7295522964,        4096,         148, 18.616455078125,           18.0, 17.800355309720054 ,           2853,           2758,            2394,             795,        3111,      985,                1908
 7305522973,        4096,         165, 18.94091796875 ,           19.0, 18.477959461912544 ,           2855,           2768,            2412,             775,        3128,      968,                1904
 7317160430,        4096,         207, 18.5693359375  ,           18.0, 17.332360481813232 ,           2990,           2885,            2380,             729,        3107,      989,                1971
 7327160443,        4096,         246, 16.738525390625,           16.0, 16.99967658738034  ,           2863,           2757,            2103,             573,        3028,     1068,                1971
 7337160703,        4096,         147, 16.810546875   ,           17.0, 16.279082932007494 ,           2834,           2732,            2207,             584,        3076,     1020,                1906
 7347160731,        4096,         207, 17.475830078125,           18.0, 16.757137640677975 ,           2857,           2769,            2308,             640,        3116,      980,                1913
 7357160866,        4096,         184, 17.467529296875,           18.0, 16.780345656181776 ,           2839,           2746,            2319,             659,        3128,      968,                1905
 7367161819,        4096,         180, 17.869140625   ,           18.0, 16.96958345224551  ,           2849,           2757,            2368,             689,        3127,      969,                1903
 7377161888,        4096,         176, 17.94873046875 ,           18.0, 17.535992795110445 ,           2857,           2767,            2320,             689,        3122,      974,                1908
 7387161945,        4096,         188, 17.760498046875,           18.0, 17.280388545040715 ,           2827,           2738,            2319,             691,        3126,      970,                1896
 7397162113,        4096,         171, 17.899658203125,           18.0, 17.248653703135062 ,           2848,           2759,            2321,             719,        3152,      944,                1928
 7407162276,        4096,         183, 17.918212890625,           18.0, 17.232084229261563 ,           2837,           2750,            2332,             703,        3133,      963,                1899
 7417162312,        4096,         162, 18.078369140625,           18.0, 17.46753296510909  ,           2855,           2762,            2357,             695,        3146,      950,                1918
 7427162457,        4096,         197, 18.364501953125,           18.0, 18.271637420584206 ,           2833,           2748,            2364,             712,        3136,      960,                1925
 7437162576,        4096,         155, 18.32177734375 ,           18.0, 17.346916219022884 ,           2855,           2770,            2366,             755,        3091,     1005,                1872
 7447163538,        4096,         195, 18.16650390625 ,           18.0, 17.427265452064002 ,           2835,           2752,            2351,             732,        3147,      949,                1907
 7457163559,        4096,         148, 18.1455078125  ,           18.0, 17.380712846111965 ,           2840,           2751,            2348,             748,        3126,      970,                1899
 7467163671,        4096,         191, 18.1826171875  ,           18.0, 17.647020557492972 ,           2850,           2755,            2370,             698,        3155,      941,                1935
 7477163871,        4096,         187, 18.197265625   ,           18.0, 17.42792502417294  ,           2850,           2762,            2373,             731,        3150,      946,                1912
 7487164043,        4096,         222, 18.31884765625 ,           18.0, 18.212099350009154 ,           2836,           2750,            2332,             740,        3135,      961,                1902
 7497164141,        4096,         190, 18.365234375   ,           18.0, 17.78240062027814  ,           2856,           2762,            2348,             714,        3133,      963,                1906
 7507164233,        4096,         348, 18.205810546875,           18.0, 17.94885788680355  ,           2866,           2779,            2367,             703,        3158,      938,                1943
 7517164287,        4096,         228, 18.197509765625,           18.0, 17.69955429705386  ,           2860,           2770,            2373,             703,        3170,      926,                1950
 7527164413,        4096,         146, 18.047607421875,           18.0, 17.606121569968423 ,           2840,           2748,            2326,             722,        3140,      956,                1909
 7537164688,        4096,         175, 18.177001953125,           18.0, 17.588244820204913 ,           2843,           2754,            2336,             719,        3114,      982,                1904
 7547164745,        4096,         230, 18.25439453125 ,           18.0, 18.075842018353395 ,           2841,           2760,            2342,             746,        3091,     1005,                1880
 7557164811,        4096,         233, 18.386962890625,           18.0, 18.21441886646824  ,           2852,           2763,            2340,             729,        3069,     1027,                1859
 7567165179,        4096,         265, 18.297119140625,           18.0, 18.469578859929353 ,           2860,           2762,            2381,             719,        3137,      959,                1917
 7577165366,        4096,         129, 18.1064453125  ,           18.0, 17.249883872484382 ,           2867,           2758,            2357,             709,        3163,      933,                1934
 7587165405,        4096,         389, 18.495361328125,           18.0, 19.319602708006787 ,           2854,           2757,            2329,             749,        3139,      957,                1901
 7597165415,        4096,         256, 18.248779296875,           18.0, 18.154511897069042 ,           2856,           2769,            2349,             702,        3131,      965,                1903
 7607165433,        4096,         220, 18.351318359375,           18.0, 17.447447969394865 ,           2880,           2793,            2346,             741,        3121,      975,                1903
 7617165698,        4096,         269, 18.0517578125  ,           18.0, 18.10862020741352  ,           2850,           2762,            2314,             682,        3136,      960,                1919
 7627165837,        4096,         181, 17.885009765625,           18.0, 17.436119734236268 ,           2832,           2747,            2325,             673,        3109,      987,                1882
 7637166016,        4096,         207, 17.90185546875 ,           18.0, 17.483589863811886 ,           2855,           2765,            2303,             686,        3132,      964,                1902
 7647166689,        4096,         149, 18.130615234375,           18.0, 17.630076845618802 ,           2872,           2776,            2331,             699,        3166,      930,                1940
 7657166794,        4096,         152, 15.66162109375 ,           15.0, 15.709793413371324 ,           2838,           2727,            1908,             527,        3029,     1067,                1879
 7667166811,        4096,         223, 16.57421875    ,           16.0, 16.44389607543323  ,           2837,           2742,            2156,             546,        3071,     1025,                1882
 7677315960,        4096,         186, 17.098876953125,           17.0, 16.800319086107137 ,           2878,           2793,            2223,             584,        3120,      976,                1916
 7687316251,        4096,         147, 16.754638671875,           17.0, 15.956639945976589 ,           2833,           2740,            2200,             592,        3119,      977,                1904
 7697316688,        4096,         134, 17.21826171875 ,           17.0, 16.21240297610531  ,           2832,           2737,            2279,             633,        3088,     1008,                1857
 7707316801,        4096,         235, 17.406982421875,           17.0, 17.387954368043406 ,           2863,           2776,            2259,             622,        3164,      932,                1949
 7717316816,        4096,         248, 17.378662109375,           17.0, 17.007176902084563 ,           2827,           2744,            2235,             637,        3122,      974,                1886
 7727316911,        4096,         127, 17.59326171875 ,           17.0, 16.581713310581502 ,           2843,           2759,            2297,             664,        3103,      993,                1868
 7737317026,        4096,         161, 17.585693359375,           18.0, 16.724969065499316 ,           2850,           2759,            2311,             667,        3139,      957,                1908
 7747317053,        4096,         201, 17.619384765625,           17.0, 17.124541086814173 ,           2832,           2745,            2310,             662,        3136,      960,                1900
 7757317232,        4096,         182, 17.87109375    ,           18.0, 17.16763011611419  ,           2849,           2761,            2349,             684,        3146,      950,                1910
 7767317418,        4096,         375, 17.8466796875  ,           17.5, 17.862264057413743 ,           2845,           2756,            2341,             676,        3119,      977,                1894
 7777319375,        4096,         157, 17.40380859375 ,           17.0, 16.619140330906518 ,           2819,           2726,            2320,             660,        3151,      945,                1918
 7787319388,        4096,         185, 17.567626953125,           17.0, 16.830331994132234 ,           2825,           2738,            2307,             662,        3113,      983,                1884
 7797319884,        4096,         269, 17.9619140625  ,           18.0, 17.224661945851498 ,           2860,           2771,            2340,             702,        3121,      975,                1902
 7807320046,        4096,         167, 17.546142578125,           17.0, 16.74057628338953  ,           2835,           2754,            2308,             653,        3155,      941,                1932
 7817320141,        4096,         184, 17.50927734375 ,           17.0, 16.882634611662155 ,           2838,           2758,            2302,             648,        3143,      953,                1925
 7827320306,        4096,         203, 18.12060546875 ,           18.0, 17.889734017786783 ,           2851,           2771,            2328,             702,        3121,      975,                1896
 7837320726,        4096,         261, 17.667236328125,           18.0, 17.486011730217538 ,           2828,           2748,            2318,             642,        3110,      986,                1885
 7847320816,        4096,         228, 17.83447265625 ,           18.0, 17.697626935156336 ,           2838,           2750,            2312,             680,        3104,      992,                1878
 7857320896,        4096,         165, 17.327880859375,           17.0, 16.683159079635683 ,           2831,           2752,            2322,             641,        3130,      966,                1896
 7867320972,        4096,         246, 17.788818359375,           17.0, 17.971958462742393 ,           2829,           2738,            2298,             645,        3118,      978,                1889
 7877321863,        4096,         276, 17.865966796875,           17.0, 17.789084223824876 ,           2837,           2751,            2296,             688,        3114,      982,                1883
 7887321916,        4096,         349, 17.525390625   ,           17.0, 17.29385672185826  ,           2850,           2772,            2293,             670,        3156,      940,                1926
 7897321978,        4096,         177, 17.47265625    ,           17.0, 16.948688485597813 ,           2837,           2755,            2277,             656,        3165,      931,                1935
 7907322352,        4096,         194, 17.37158203125 ,           17.0, 16.9343750875712   ,           2838,           2760,            2259,             637,        3148,      948,                1915
 7917322473,        4096,         211, 17.29150390625 ,           17.0, 16.93566889559993  ,           2826,           2738,            2258,             649,        3144,      952,                1915
 7927322561,        4096,         465, 15.517822265625,           14.0, 17.80211250696383  ,           2850,           2740,            1803,             485,        2970,     1126,                1856
 7937322723,        4096,         133, 15.827392578125,           15.0, 16.091739608601635 ,           2828,           2736,            1987,             473,        3091,     1005,                1931
 7947322892,        4096,         253, 16.3203125     ,           16.0, 16.499021558939297 ,           2845,           2756,            2101,             522,        3115,      981,                1900
 7957323053,        4096,         178, 16.28564453125 ,           16.0, 16.039424358881057 ,           2823,           2745,            2116,             545,        3118,      978,                1888
 7967323066,        4096,         171, 16.42529296875 ,           16.0, 15.99289652226831  ,           2853,           2769,            2136,             523,        3128,      968,                1910
 7977323428,        4096,         141, 16.418212890625,           16.0, 15.69935901139725  ,           2834,           2746,            2159,             558,        3111,      985,                1887
 7987323598,        4096,         208, 16.446044921875,           16.0, 16.347947566309188 ,           2847,           2756,            2156,             541,        3129,      967,                1898
 7997323653,        4096,         165, 16.3271484375  ,           16.0, 15.762966056546633 ,           2815,           2735,            2136,             552,        3133,      963,                1895
 8007323903,        4096,         151, 16.4755859375  ,           16.0, 15.824812697858457 ,           2825,           2744,            2157,             566,        3091,     1005,                1865
 8017324086,        4096,         122, 16.496826171875,           16.0, 15.525982811743836 ,           2826,           2747,            2180,             569,        3105,      991,                1882
 8027324307,        4096,         151, 16.58203125    ,           16.0, 15.935098145454688 ,           2840,           2752,            2168,             576,        3134,      962,                1901
 8037324703,        4096,         151, 16.5615234375  ,           16.0, 15.850732682919997 ,           2822,           2725,            2147,             584,        3131,      965,                1896
 8047324776,        4096,         180, 16.527099609375,           16.0, 15.837284429824821 ,           2842,           2746,            2178,             564,        3098,      998,                1877
 8057324841,        4096,         148, 16.66943359375 ,           17.0, 15.957389650090297 ,           2837,           2743,            2180,             598,        3111,      985,                1882
 8067325183,        4096,         196, 16.54638671875 ,           16.0, 16.39778938484769  ,           2830,           2735,            2165,             568,        3110,      986,                1878
 8077325546,        4096,         224, 16.64404296875 ,           16.0, 16.39078895479573  ,           2846,           2755,            2174,             551,        3131,      965,                1906
 8087325711,        4096,         213, 16.77685546875 ,           16.0, 16.97969580997914  ,           2845,           2768,            2189,             537,        3147,      949,                1920
 8097327212,        4096,         123, 16.28955078125 ,           16.0, 15.261814973409209 ,           2823,           2751,            2137,             578,        3132,      964,                1909
 8107327573,        4096,         150, 15.93603515625 ,           16.0, 15.612692349656225 ,           2807,           2726,            2049,             523,        3086,     1010,                1885
 8117327690,        4096,         114, 15.572998046875,           15.0, 15.05035634038784  ,           2852,           2764,            1998,             485,        3071,     1025,                1889
 8127327835,        4096,         196, 15.70263671875 ,           15.0, 15.530949848736368 ,           2817,           2733,            2017,             485,        3134,      962,                1921
 8137327866,        4096,         158, 16.280029296875,           16.0, 16.26531584717975  ,           2826,           2751,            2110,             513,        3109,      987,                1873
 8147329199,        4096,         169, 16.356689453125,           16.0, 15.989436490216107 ,           2827,           2744,            2146,             549,        3131,      965,                1890
 8157329264,        4096,         159, 16.54296875    ,           16.0, 15.950243354304142 ,           2837,           2754,            2170,             556,        3098,      998,                1868
 8167329388,        4096,         154, 16.54736328125 ,           16.0, 15.626974965211252 ,           2845,           2768,            2171,             543,        3117,      979,                1900
 8177329493,        4096,         146, 16.263671875   ,           16.0, 15.431404053053111 ,           2821,           2748,            2152,             536,        3102,      994,                1890
 8187329607,        4096,         317, 16.46728515625 ,           16.0, 16.465737510668887 ,           2827,           2748,            2166,             541,        3107,      989,                1893
 8197329768,        4096,         394, 16.524169921875,           16.0, 17.20016299984179  ,           2805,           2732,            2166,             536,        3118,      978,                1890
 8207329774,        4096,         141, 16.607177734375,           16.0, 15.952405323007069 ,           2829,           2755,            2162,             581,        3099,      997,                1865
 8217329946,        4096,         142, 16.603759765625,           16.0, 15.916452877205003 ,           2836,           2763,            2160,             577,        3132,      964,                1895
 8227330018,        4096,         178, 16.398193359375,           16.0, 15.860903148597014 ,           2817,           2737,            2165,             532,        3150,      946,                1918
 8237330877,        4096,         177, 16.609375      ,           16.0, 16.226282270690504 ,           2827,           2747,            2157,             558,        3111,      985,                1893
 8247331013,        4096,         247, 16.470703125   ,           16.0, 16.162568913406535 ,           2809,           2734,            2155,             562,        3095,     1001,                1864
 8257331236,        4096,         164, 16.5380859375  ,           16.0, 16.216010566107645 ,           2834,           2749,            2152,             539,        3112,      984,                1890
 8267331687,        4096,         173, 16.734375      ,           16.0, 15.938733101806585 ,           2866,           2786,            2197,             585,        3137,      959,                1911
 8277331760,        4096,         251, 16.591064453125,           16.0, 16.283784238940807 ,           2844,           2752,            2178,             557,        3152,      944,                1919
 8287331800,        4096,         136, 16.273681640625,           16.0, 15.43005104698976  ,           2831,           2738,            2173,             545,        3132,      964,                1904
 8297331883,        4096,         199, 16.47119140625 ,           16.0, 16.33616429321541  ,           2850,           2762,            2163,             539,        3146,      950,                1922
 8307332239,        4096,         212, 16.56689453125 ,           16.0, 16.581914261943307 ,           2842,           2756,            2139,             556,        3157,      939,                1922
 8317332688,        4096,         180, 16.260498046875,           16.0, 15.682729670188136 ,           2834,           2746,            2111,             545,        3146,      950,                1914
 8327332945,        4096,         145, 14.633056640625,           13.0, 14.83685270783988  ,           2834,           2736,            1720,             430,        2977,     1119,                1869
 8337333086,        4096,         190, 14.509765625   ,           14.0, 14.249842458824531 ,           2835,           2738,            1811,             370,        3035,     1061,                1916
 8347333238,        4096,         173, 14.750244140625,           14.0, 14.492501258024195 ,           2823,           2732,            1839,             426,        3121,      975,                1923
 8357333333,        4096,         114, 14.9775390625  ,           15.0, 14.075358128438033 ,           2834,           2749,            1929,             415,        3124,      972,                1906
 8367333514,        4096,         153, 15.22998046875 ,           15.0, 14.80928035946526  ,           2818,           2727,            1983,             440,        3068,     1028,                1857
 8377333522,        4096,         145, 15.116455078125,           15.0, 14.435381430461195 ,           2815,           2732,            1992,             431,        3110,      986,                1892
 8387333791,        4096,         150, 15.49365234375 ,           15.0, 15.24509906969319  ,           2831,           2754,            2005,             436,        3114,      982,                1888
 8397334508,        4096,         271, 15.467529296875,           15.0, 15.523889111734809 ,           2840,           2756,            1991,             467,        3137,      959,                1914
 8407334601,        4096,         149, 15.656005859375,           15.0, 14.965718575609413 ,           2860,           2781,            1994,             462,        3123,      973,                1906
 8417335726,        4096,         221, 15.32470703125 ,           15.0, 15.128955284490294 ,           2831,           2756,            1956,             431,        3130,      966,                1919
 8427335726,        4096,         143, 15.089111328125,           15.0, 14.424968133606908 ,           2811,           2733,            1953,             455,        3135,      961,                1906
 8437335868,        4096,         177, 14.909912109375,           14.0, 14.679799823016584 ,           2827,           2741,            1830,             451,        3097,      999,                1889
 8447336533,        4096,         139, 14.495361328125,           14.0, 14.021345264059837 ,           2837,           2753,            1796,             380,        3116,      980,                1896
 8457336722,        4096,         130, 14.8212890625  ,           15.0, 14.148549088407188 ,           2833,           2748,            1893,             438,        3114,      982,                1892
 8467336823,        4096,         149, 15.151123046875,           15.0, 14.618015950884997 ,           2851,           2771,            1933,             442,        3129,      967,                1907
 8477336842,        4096,         289, 15.4736328125  ,           15.0, 15.492777679944076 ,           2837,           2763,            1975,             472,        3149,      947,                1926
 8487337579,        4096,         222, 14.902587890625,           15.0, 14.403454621082128 ,           2822,           2736,            1892,             420,        3076,     1020,                1875
 8497338438,        4096,         168, 15.15478515625 ,           15.0, 14.9898229327569   ,           2815,           2737,            1943,             427,        3090,     1006,                1875
 8507339409,        4096,         151, 15.31591796875 ,           15.0, 14.638375311984621 ,           2848,           2766,            1972,             463,        3143,      953,                1913
 8517339486,        4096,         125, 15.2373046875  ,           15.0, 14.504775444798879 ,           2816,           2733,            1952,             468,        3130,      966,                1909
 8527339506,        4096,         128, 15.061767578125,           15.0, 14.201220073048919 ,           2808,           2733,            1964,             443,        3106,      990,                1882
 8537339618,        4096,         163, 15.400634765625,           15.0, 14.885529676088037 ,           2819,           2740,            1991,             475,        3095,     1001,                1872
 8547340878,        4096,         142, 15.661865234375,           15.0, 14.864891879304091 ,           2852,           2777,            2044,             475,        3117,      979,                1892
 8557340885,        4096,         143, 14.29443359375 ,           14.0, 14.157706474174109 ,           2836,           2753,            1707,             380,        3060,     1036,                1929
 8567341653,        4096,         121, 14.3330078125  ,           14.0, 13.725491094923123 ,           2836,           2743,            1817,             375,        3101,      995,                1940
 8577341656,        4096,         106, 14.821533203125,           14.0, 14.276894685751456 ,           2837,           2748,            1871,             399,        3132,      964,                1920
 8587341783,        4096,         254, 15.28173828125 ,           15.0, 15.363283725236878 ,           2833,           2751,            1948,             444,        3121,      975,                1905
 8597341792,        4096,         194, 15.375732421875,           15.0, 14.652574397534275 ,           2852,           2766,            1993,             446,        3144,      952,                1917
 8607341863,        4096,         186, 15.02880859375 ,           15.0, 14.518312457976172 ,           2819,           2730,            1961,             406,        3129,      967,                1914
 8617342726,        4096,         182, 15.435302734375,           15.0, 14.809902653548086 ,           2848,           2755,            2028,             460,        3129,      967,                1911
 8628923013,        4096,         180, 15.878662109375,           15.5, 15.317287955751947 ,           2955,           2859,            2048,             446,        3131,      965,                1981
 8638923638,        4096,         142, 14.2626953125  ,           14.0, 13.837323387004458 ,           2842,           2745,            1728,             403,        3069,     1027,                1973
 8648923747,        4096,         331, 14.30419921875 ,           14.0, 14.412306954181966 ,           2849,           2758,            1794,             354,        3116,      980,                1918
 8658923763,        4096,         152, 14.3125        ,           14.0, 13.9245490557594   ,           2831,           2748,            1794,             362,        3124,      972,                1921
 8668923855,        4096,         194, 14.4052734375  ,           14.0, 14.12642800868666  ,           2836,           2746,            1777,             374,        3136,      960,                1919
 8678924158,        4096,         125, 14.30859375    ,           14.0, 13.622616060616291 ,           2823,           2733,            1803,             381,        3123,      973,                1900
 8688924204,        4096,         201, 14.369384765625,           14.0, 14.035513349110149 ,           2834,           2747,            1807,             353,        3112,      984,                1901
 8698926005,        4096,         139, 14.064208984375,           14.0, 13.840276379220198 ,           2817,           2735,            1728,             365,        3091,     1005,                1882
 8708926116,        4096,         164, 14.4267578125  ,           14.0, 14.02942314234517  ,           2836,           2753,            1806,             387,        3104,      992,                1885
 8718926171,        4096,         138, 14.238525390625,           14.0, 13.551892819728254 ,           2827,           2746,            1818,             374,        3091,     1005,                1887
 8728926181,        4096,         253, 14.432373046875,           14.0, 14.052663811141326 ,           2838,           2744,            1851,             375,        3097,      999,                1885
 8738926253,        4096,         114, 14.439208984375,           14.0, 13.843299081231297 ,           2830,           2743,            1869,             363,        3115,      981,                1896
 8748926653,        4096,         126, 14.311767578125,           14.0, 13.65600751360386  ,           2823,           2736,            1819,             373,        3119,      977,                1895
 8758926820,        4096,         110, 14.565673828125,           14.0, 13.547824124589138 ,           2856,           2775,            1874,             373,        3138,      958,                1921
 8768926889,        4096,         247, 14.44677734375 ,           14.0, 14.144434893010455 ,           2846,           2762,            1833,             371,        3147,      949,                1939
 8778927043,        4096,         101, 14.364013671875,           14.0, 13.474913899300548 ,           2824,           2749,            1830,             375,        3138,      958,                1911
 8788927253,        4096,         108, 14.37939453125 ,           14.0, 13.632312588420485 ,           2806,           2741,            1825,             385,        3105,      991,                1886
 8798927368,        4096,         194, 14.7109375     ,           14.0, 14.600755729450915 ,           2810,           2743,            1859,             379,        3118,      978,                1895
 8808928686,        4096,         312, 14.7060546875  ,           14.0, 14.633979029881424 ,           2837,           2769,            1862,             379,        3118,      978,                1903
 8818928723,        4096,         118, 14.58349609375 ,           14.0, 13.76853725876785  ,           2840,           2763,            1862,             393,        3159,      937,                1930
 8828930343,        4096,         216, 14.678466796875,           14.0, 13.969497504918106 ,           2849,           2777,            1866,             408,        3179,      917,                1958
 8838930345,        4096,         142, 14.671630859375,           14.0, 14.142665110998712 ,           2845,           2775,            1837,             393,        3171,      925,                1950
 8848930521,        4096,         190, 14.604736328125,           14.0, 14.183843383021081 ,           2833,           2758,            1851,             391,        3156,      940,                1936
 8858930558,        4096,         222, 14.8935546875  ,           15.0, 14.699675719907797 ,           2830,           2754,            1887,             406,        3136,      960,                1913
 8868931941,        4096,         199, 13.4345703125  ,           13.0, 14.32016089359661  ,           2840,           2756,            1497,             315,        3032,     1064,                1912
 8878932148,        4096,         158, 13.59033203125 ,           13.0, 13.732593538016781 ,           2828,           2749,            1591,             324,        3080,     1016,                1889
 8888932301,        4096,         156, 13.419189453125,           13.0, 12.998960029287488 ,           2835,           2761,            1640,             276,        3136,      960,                1927
 8898932516,        4096,         136, 13.3671875     ,           13.0, 12.961610892693614 ,           2819,           2735,            1636,             282,        3131,      965,                1913
 8908932707,        4096,         119, 13.689208984375,           13.0, 12.961287037905679 ,           2845,           2763,            1700,             317,        3119,      977,                1910
 8918932836,        4096,         160, 13.441162109375,           13.0, 13.120384419725545 ,           2801,           2714,            1657,             310,        3086,     1010,                1889
 8928933065,        4096,         104, 13.561279296875,           14.0, 12.729366527503421 ,           2833,           2753,            1669,             305,        3104,      992,                1898
 8938933161,        4096,         191, 13.516357421875,           13.0, 12.9566481944502   ,           2819,           2741,            1661,             312,        3151,      945,                1935
 8948934333,        4096,         131, 13.850830078125,           13.5, 13.496743107367896 ,           2822,           2746,            1686,             338,        3108,      988,                1889
 8958934433,        4096,         139, 13.69091796875 ,           14.0, 12.811191836308922 ,           2850,           2773,            1703,             299,        3138,      958,                1937
 8968934486,        4096,          98, 13.689208984375,           14.0, 12.656629653228453 ,           2846,           2768,            1708,             312,        3148,      948,                1934
 8978935553,        4096,         194, 13.943115234375,           14.0, 13.49601852683097  ,           2842,           2771,            1724,             329,        3155,      941,                1931
 8988935559,        4096,         112, 13.74072265625 ,           14.0, 13.000682143507623 ,           2823,           2752,            1715,             330,        3137,      959,                1930
 8998936573,        4096,         166, 13.700439453125,           13.0, 13.301725385993388 ,           2837,           2767,            1662,             331,        3106,      990,                1900
 9008936666,        4096,         151, 13.417236328125,           13.0, 12.943310356594164 ,           2839,           2760,            1611,             289,        3140,      956,                1934
 9018936688,        4096,         225, 13.879638671875,           14.0, 13.720330755536361 ,           2839,           2770,            1706,             340,        3145,      951,                1921
 9028937657,        4096,         135, 13.5947265625  ,           14.0, 12.89140382205743  ,           2818,           2750,            1740,             287,        3122,      974,                1909
 9038937721,        4096,          99, 13.544677734375,           14.0, 12.579588656830204 ,           2808,           2747,            1694,             292,        3143,      953,                1919
 9048937732,        4096,         147, 13.892578125   ,           14.0, 13.323157544179288 ,           2811,           2748,            1744,             308,        3130,      966,                1906
 9058938408,        4096,         194, 12.72705078125 ,           12.0, 12.874002945820067 ,           2811,           2731,            1466,             264,        2979,     1117,                1857
 9068938992,        4096,         178, 12.7451171875  ,           12.0, 13.068422535424546 ,           2814,           2733,            1484,             243,        3035,     1061,                1898
 9078939033,        4096,         153, 12.87353515625 ,           13.0, 12.351149791600184 ,           2839,           2764,            1524,             259,        3125,      971,                1922
 9088939528,        4096,         117, 12.952392578125,           13.0, 12.514012815100815 ,           2830,           2758,            1494,             268,        3123,      973,                1933
 9098940946,        4096,         162, 12.963134765625,           13.0, 12.51931548029362  ,           2814,           2745,            1528,             277,        3098,      998,                1897
 9108941317,        4096,         137, 12.849365234375,           13.0, 12.372632924948114 ,           2833,           2757,            1530,             234,        3144,      952,                1931
 9118942481,        4096,         163, 13.175537109375,           13.0, 12.718949522566998 ,           2848,           2772,            1562,             281,        3161,      935,                1942
 9128942784,        4096,         137, 13.1025390625  ,           13.0, 12.835202196621665 ,           2825,           2751,            1559,             270,        3097,      999,                1887
 9138943379,        4096,         143, 13.34033203125 ,           13.0, 12.906548660554272 ,           2843,           2779,            1601,             293,        3106,      990,                1887
 9148943478,        4096,         219, 13.09521484375 ,           13.0, 12.698741039066812 ,           2836,           2765,            1569,             246,        3118,      978,                1921
 9158943509,        4096,         165, 13.125732421875,           13.0, 12.799557561883319 ,           2814,           2752,            1575,             284,        3121,      975,                1909
 9168944246,        4096,         115, 13.404052734375,           13.0, 12.731722238309674 ,           2849,           2776,            1622,             296,        3135,      961,                1931
 9178944264,        4096,         180, 13.17724609375 ,           13.0, 12.612707886433443 ,           2821,           2749,            1625,             278,        3123,      973,                1906
 9188944353,        4096,         122, 13.53125       ,           13.0, 12.990343468804049 ,           2830,           2755,            1673,             292,        3091,     1005,                1887
 9198944989,        4096,         124, 13.4912109375  ,           13.0, 12.562866167643845 ,           2848,           2777,            1683,             289,        3122,      974,                1919
 9208945659,        4096,         174, 13.69921875    ,           14.0, 13.220536203749393 ,           2841,           2776,            1701,             306,        3117,      979,                1900
 9218945756,        4096,         186, 13.41455078125 ,           13.0, 13.10204552230357  ,           2817,           2745,            1674,             290,        3123,      973,                1910
 9228945986,        4096,         146, 11.996826171875,           11.5, 11.776306144593475 ,           2819,           2744,            1335,             210,        3066,     1030,                1913
 9238946163,        4096,         183, 12.397705078125,           12.0, 12.092307916562437 ,           2834,           2757,            1424,             224,        3111,      985,                1896
 9248946187,        4096,         109, 12.2607421875  ,           12.0, 11.61419532481298  ,           2826,           2752,            1386,             222,        3160,      936,                1940
 9258949147,        4096,         309, 12.243408203125,           12.0, 12.250700733520366 ,           2823,           2757,            1380,             219,        3130,      966,                1910
 9268949667,        4096,         134, 12.289794921875,           12.0, 11.805543311835777 ,           2824,           2758,            1408,             217,        3104,      992,                1905
 9278950834,        4096,         133, 12.1240234375  ,           12.0, 11.6690089780881   ,           2800,           2742,            1397,             205,        3131,      965,                1917
 9288951460,        4096,         123, 12.486572265625,           12.0, 12.0143678377058   ,           2825,           2762,            1440,             250,        3124,      972,                1907
 9298951798,        4096,         104, 12.631591796875,           12.0, 11.828084461843144 ,           2846,           2789,            1464,             246,        3143,      953,                1932
 9308952709,        4096,         149, 12.567626953125,           12.0, 11.935610813924063 ,           2840,           2785,            1483,             223,        3161,      935,                1953
 9318952801,        4096,         149, 12.6533203125  ,           13.0, 12.027695445326378 ,           2834,           2779,            1481,             235,        3121,      975,                1918
 9328952889,        4096,         184, 12.71728515625 ,           12.5, 12.622801249311637 ,           2808,           2756,            1489,             239,        3130,      966,                1920
 9338953439,        4096,         221, 12.785888671875,           13.0, 12.355010927192398 ,           2817,           2762,            1521,             254,        3112,      984,                1900
 9348954202,        4096,         135, 12.910888671875,           13.0, 12.147394693640065 ,           2832,           2775,            1512,             272,        3127,      969,                1901
 9359289698,        4096,         132, 13.092041015625,           13.0, 12.196554134193711 ,           2913,           2864,            1528,             259,        3150,      946,                1976
 9369290091,        4096,         127, 11.41162109375 ,           11.0, 11.09643460954599  ,           2849,           2788,            1188,             180,        3108,      988,                1975
 9379290193,        4096,         133, 11.416015625   ,           11.0, 10.965912976401274 ,           2810,           2742,            1245,             175,        3105,      991,                1914
 9389291378,        4096,         101, 11.52392578125 ,           12.0, 10.727670933186829 ,           2824,           2754,            1258,             168,        3132,      964,                1913
 9399292452,        4096,         152, 11.766845703125,           12.0, 11.1195380030815   ,           2851,           2787,            1294,             179,        3151,      945,                1941
 9409293563,        4096,         169, 11.80859375    ,           12.0, 11.16854121477872  ,           2823,           2767,            1296,             196,        3147,      949,                1929
 9419293676,        4096,         108, 11.976806640625,           12.0, 11.196452386915059 ,           2853,           2798,            1339,             196,        3129,      967,                1944
 9429294366,        4096,         132, 12.11279296875 ,           12.0, 11.63683757228314  ,           2850,           2795,            1350,             204,        3121,      975,                1948
 9439294428,        4096,         289, 12.014404296875,           12.0, 11.822128910198726 ,           2837,           2780,            1375,             186,        3130,      966,                1939
 9449294438,        4096,         149, 12.04541015625 ,           12.0, 11.25207829881704  ,           2849,           2792,            1384,             182,        3153,      943,                1945
 9459294816,        4096,          99, 12.114501953125,           12.0, 11.052534558285966 ,           2851,           2799,            1391,             204,        3156,      940,                1949
 9469295554,        4096,         133, 12.39208984375 ,           12.0, 11.567189755324241 ,           2840,           2796,            1416,             224,        3140,      956,                1937
 9479296294,        4096,          83, 12.33642578125 ,           12.0, 11.077942140520067 ,           2853,           2800,            1453,             212,        3138,      958,                1946
 9489296493,        4096,         302, 11.20947265625 ,           11.0, 11.633442335838673 ,           2820,           2759,            1158,             169,        3067,     1029,                1940
 9499297351,        4096,         167, 11.421142578125,           11.0, 11.299506188359084 ,           2825,           2758,            1211,             167,        3044,     1052,                1906
 9509298113,        4096,         197, 11.6015625     ,           11.0, 11.450766618543222 ,           2848,           2782,            1239,             165,        3112,      984,                1920
 9519299033,        4096,          78, 11.27880859375 ,           11.0, 10.303542518197377 ,           2836,           2768,            1221,             163,        3139,      957,                1936
 9529300061,        4096,         105, 11.5986328125  ,           11.0, 10.972646124547548 ,           2847,           2779,            1238,             200,        3109,      987,                1924
 9539301006,        4096,         192, 11.362548828125,           11.0, 10.872559610682766 ,           2836,           2771,            1198,             152,        3130,      966,                1943
 9549301444,        4096,         145, 11.287353515625,           11.0, 10.587304281139414 ,           2851,           2785,            1192,             150,        3143,      953,                1940
 9559301907,        4096,         230, 11.419677734375,           11.0, 11.165585795028619 ,           2841,           2784,            1207,             170,        3162,      934,                1953
 9569302083,        4096,         127, 11.5166015625  ,           11.0, 10.849206920064367 ,           2847,           2785,            1244,             164,        3148,      948,                1953
 9579303464,        4096,         124, 11.763916015625,           12.0, 11.12581969841758  ,           2844,           2784,            1286,             175,        3128,      968,                1952
 9589304699,        4096,          96, 11.757568359375,           12.0, 10.94328268318053  ,           2838,           2787,            1289,             186,        3120,      976,                1932
 9599323330,        4096,         207, 11.46826171875 ,           11.0, 11.046265829467137 ,           2947,           2885,            1137,             154,        3148,      948,                2014
 9609324111,        4096,         180, 11.017822265625,           11.0, 10.925793947465465 ,           2821,           2762,            1100,             156,        3151,      945,                2022
 9619324954,        4096,         158, 10.914794921875,           11.0, 10.113627672800533 ,           2860,           2796,            1101,             129,        3147,      949,                1947
 9629325886,        4096,          97, 10.771728515625,           11.0,  9.942627978245804 ,           2821,           2760,            1112,             126,        3124,      972,                1927
 9639327253,        4096,          81, 11.116943359375,           11.0, 10.230366392086019 ,           2867,           2808,            1160,             135,        3135,      961,                1949
 9649327261,        4096,         200, 11.088623046875,           11.0, 10.704081045736135 ,           2853,           2794,            1140,             140,        3146,      950,                1960
 9659328691,        4096,         161, 11.003662109375,           11.0, 10.468387879328885 ,           2838,           2784,            1106,             131,        3162,      934,                1976
 9669328848,        4096,          80, 11.12255859375 ,           11.0, 10.160701855856122 ,           2843,           2792,            1150,             142,        3135,      961,                1945
 9679328906,        4096,         122, 11.263671875   ,           11.0, 10.453711614413992 ,           2834,           2783,            1195,             149,        3138,      958,                1944
 9689328945,        4096,         141, 11.41259765625 ,           11.0, 10.95940563022498  ,           2827,           2779,            1195,             157,        3114,      982,                1922
 9699330057,        4096,         103, 10.5576171875  ,           10.0, 10.125149525609713 ,           2804,           2750,            1049,             134,        3029,     1067,                1888
 9709330202,        4096,          91, 10.845703125   ,           11.0,  9.967261893913756 ,           2869,           2801,            1080,             133,        3073,     1023,                1933
 9719330402,        4096,         124, 10.6953125     ,           11.0, 10.011611300876785 ,           2849,           2789,            1068,             138,        3180,      916,                1982
 9729330418,        4096,         624, 10.9755859375  ,           11.0, 14.187651074651232 ,           2858,           2805,            1059,             141,        3178,      918,                1988
 9739330439,        4096,         104, 10.70263671875 ,           11.0, 10.04236401844527  ,           2853,           2796,            1045,             132,        3149,      947,                1958
 9749330594,        4096,         126, 10.5712890625  ,           11.0, 10.01233594095643  ,           2834,           2779,            1035,             119,        3153,      943,                1974
 9759330934,        4096,         136, 10.843017578125,           11.0, 10.214090827924787 ,           2849,           2795,            1064,             134,        3147,      949,                1967
 9769331103,        4096,         112, 10.913818359375,           11.0, 10.23405984582581  ,           2838,           2788,            1128,             128,        3122,      974,                1929
 9779331868,        4096,         119, 11.1142578125  ,           11.0, 10.332397085250001 ,           2856,           2810,            1125,             144,        3130,      966,                1941
 9789557323,        4096,         113, 10.846435546875,           10.0,  9.956477653046353 ,           2968,           2909,            1030,             135,        3130,      966,                2013
 9799557808,        4096,          78, 10.33544921875 ,           10.0,  9.472605093591731 ,           2847,           2787,             972,             112,        3129,      967,                2009
 9809557931,        4096,         163, 10.24169921875 ,           10.0,  9.801231559421787 ,           2840,           2786,             960,              97,        3157,      939,                1974
 9819557973,        4096,         114, 10.45068359375 ,           10.0,  9.985585779553675 ,           2855,           2800,             940,             126,        3133,      963,                1957
 9829558053,        4096,         108, 10.24755859375 ,           10.0,  9.443977697064968 ,           2862,           2809,             976,              95,        3158,      938,                1983
 9839558481,        4096,         119, 10.311279296875,           10.0,  9.572733990804926 ,           2854,           2804,             976,             116,        3151,      945,                1985
 9849558630,        4096,         123, 10.583740234375,           10.0,  9.867274434242052 ,           2870,           2819,            1002,             124,        3166,      930,                2001
 9859558649,        4096,         128, 10.77880859375 ,           11.0, 10.145951516457249 ,           2867,           2820,            1041,             126,        3154,      942,                1978
 9869558716,        4096,         120, 10.6171875     ,           11.0,  9.802539605369812 ,           2847,           2797,            1043,             109,        3157,      939,                1987
 9879558864,        4096,         104, 10.111572265625,           10.0,  9.569391045877387 ,           2875,           2814,             933,             110,        3080,     1016,                1964
 9889559113,        4096,          76,  9.91796875    ,           10.0,  9.221483142248509 ,           2853,           2800,             863,              93,        3143,      953,                1962
 9899559245,        4096,          95,  9.839599609375,           10.0,  9.201169902466878 ,           2827,           2766,             891,              91,        3109,      987,                1943
 9909559313,        4096,         119,  9.95166015625 ,           10.0,  9.48719877536337  ,           2874,           2813,             859,              87,        3142,      954,                1976
 9919560099,        4096,          84, 10.15087890625 ,           10.0,  9.198796690635618 ,           2915,           2858,             900,             111,        3214,      882,                2052
 9929560116,        4096,          76, 10.215087890625,           10.0,  9.456746563098827 ,           2882,           2818,             927,             106,        3158,      938,                2007
 9939560637,        4096,          72, 10.16943359375 ,           10.0,  9.163158830736753 ,           2860,           2805,             945,             105,        3144,      952,                1976
 9949560698,        4096,         235,  9.99169921875 ,           10.0,  9.689512363737952 ,           2945,           2878,             868,             104,        3145,      951,                2030
 9959561547,        4096,         125,  9.943603515625,           10.0,  9.48158129689743  ,           2878,           2812,             879,              96,        3127,      969,                2021
 9969561728,        4096,          81,  9.706298828125,           10.0,  8.579443738146095 ,           2879,           2819,             854,              72,        3172,      924,                2010
 9979562045,        4096,          92,  9.773193359375,           10.0,  9.025277770013142 ,           2869,           2815,             873,              94,        3153,      943,                1987
 9989562168,        4096,         119,  9.927490234375,           10.0,  9.02642962566119  ,           2893,           2838,             889,              78,        3157,      939,                1985
 9999562181,        4096,         195,  9.786376953125,           10.0,  9.216049390368893 ,           2858,           2806,             880,              83,        3187,      909,                2023
10009562261,        4096,         166, 10.17919921875 ,           10.0,  9.72877381707219  ,           2883,           2828,             903,              88,        3163,      933,                1994
10020855800,        4096,          75, 10.2490234375  ,           10.0,  8.894619545479484 ,           2966,           2910,             926,             102,        3184,      912,                2062
10030856079,        4096,          86,  9.817626953125,           10.0,  8.972924324385474 ,           2850,           2794,             863,              85,        3144,      952,                2022
10040856878,        4096,         128,  9.82080078125 ,           10.0,  9.340724684948132 ,           2871,           2817,             834,             100,        3145,      951,                1975
10050857507,        4096,          71,  9.630859375   ,            9.0,  8.85456300334605  ,           2860,           2800,             835,              85,        3147,      949,                1989
10060858145,        4096,          79,  9.847412109375,           10.0,  8.819722668613771 ,           2919,           2851,             845,              87,        3170,      926,                2018
10070858719,        4096,          76,  9.767822265625,           10.0,  8.870104819858978 ,           2889,           2828,             858,              81,        3184,      912,                2029
10080859089,        4096,         119,  9.308349609375,            9.0,  8.744216202883669 ,           2856,           2799,             749,              75,        3137,      959,                1982
10090859978,        4096,         104,  9.158203125   ,            9.0,  8.702346301213268 ,           2846,           2795,             747,              67,        3080,     1016,                1965
10100861323,        4096,          83,  9.0859375     ,            9.0,  8.336955186238184 ,           2831,           2785,             721,              67,        3098,      998,                1953
10110861549,        4096,          79,  9.12646484375 ,            9.0,  8.121731482159165 ,           2854,           2803,             760,              46,        3121,      975,                1957
10120862017,        4096,         208,  9.178466796875,            9.0,  8.867824739925693 ,           2858,           2810,             702,              59,        3145,      951,                1977
10130862099,        4096,          81,  9.400390625   ,            9.0,  8.461674849204625 ,           2894,           2846,             753,              70,        3175,      921,                2014
10140863206,        4096,          84,  9.515869140625,           10.0,  8.71251693228632  ,           2861,           2813,             785,              79,        3139,      957,                1991
10150863298,        4096,         399,  9.12158203125 ,            9.0, 10.552364915490609 ,           2856,           2806,             700,              69,        3100,      996,                1985
10160864706,        4096,         130,  9.4365234375  ,            9.0,  8.951331846142404 ,           2892,           2844,             739,              68,        3110,      986,                1989
10170865674,        4096,         103,  9.168212890625,            9.0,  8.537416231378355 ,           2877,           2827,             719,              72,        3156,      940,                1998
10180866124,        4096,          82,  9.120849609375,            9.0,  8.42836860400866  ,           2875,           2825,             733,              69,        3162,      934,                2009
10190866944,        4096,          97,  9.28076171875 ,            9.0,  8.530808196313204 ,           2880,           2822,             747,              67,        3138,      958,                1988
10200867709,        4096,         121,  9.358154296875,            9.0,  8.499706848783372 ,           2902,           2852,             753,              70,        3170,      926,                2026
10210867784,        4096,          64,  8.833251953125,            9.0,  8.03388075656705  ,           2851,           2803,             670,              53,        3129,      967,                2001
10220867910,        4096,         196,  9.222900390625,            9.0,  9.054623354272348 ,           2883,           2827,             710,              73,        3100,      996,                1954
10230868516,        4096,          60,  8.882568359375,            9.0,  7.763825171534656 ,           2892,           2835,             663,              40,        3169,      927,                2021
10240868727,        4096,          89,  8.885498046875,            9.0,  7.972476129212025 ,           2881,           2827,             685,              48,        3152,      944,                2001
10250869643,        4096,          83,  8.974609375   ,            9.0,  8.020745796287407 ,           2885,           2832,             667,              48,        3179,      917,                2021
10260869892,        4096,          64,  9.035888671875,            9.0,  7.913128868381081 ,           2898,           2851,             687,              42,        3173,      923,                2018
10270870048,        4096,         114,  8.76220703125 ,            9.0,  8.077329954354537 ,           2869,           2817,             658,              57,        3127,      969,                1988
10280870664,        4096,         108,  8.681640625   ,            9.0,  8.008797338449114 ,           2871,           2817,             614,              50,        3178,      918,                2022
10290870788,        4096,         138,  8.882568359375,            9.0,  8.354080031287413 ,           2886,           2837,             651,              57,        3157,      939,                2009
10300871609,        4096,          72,  8.778076171875,            9.0,  7.914325039454429 ,           2875,           2834,             641,              60,        3163,      933,                2015
10310871726,        4096,          98,  8.96240234375 ,            9.0,  8.264077270633093 ,           2887,           2845,             677,              53,        3142,      954,                2005
10320873154,        4096,          95,  8.421630859375,            8.0,  7.8315524480493455,           2849,           2806,             584,              34,        3146,      950,                2005
10330873413,        4096,          86,  8.59814453125 ,            9.0,  7.828149106413068 ,           2887,           2832,             582,              52,        3129,      967,                1976
10340873502,        4096,          61,  8.687744140625,            9.0,  7.763528149312076 ,           2900,           2850,             617,              55,        3181,      915,                2024
10350874104,        4096,          64,  8.587890625   ,            9.0,  7.58725866094185  ,           2885,           2846,             607,              40,        3173,      923,                2024
10360874255,        4096,          65,  8.738037109375,            9.0,  7.6870857646646815,           2904,           2856,             616,              46,        3171,      925,                2033
10370875398,        4096,         255,  8.47119140625 ,            8.0,  8.69868603956518  ,           2840,           2792,             569,              53,        3144,      952,                1998
10380875572,        4096,          62,  8.514892578125,            9.0,  7.501059358008494 ,           2888,           2839,             587,              44,        3133,      963,                1974
10390876575,        4096,          94,  8.49560546875 ,            9.0,  7.52288047812107  ,           2922,           2866,             561,              33,        3187,      909,                2037
10400876609,        4096,         101,  8.46240234375 ,            8.0,  7.708150141489494 ,           2889,           2832,             568,              44,        3198,      898,                2054
10410877414,        4096,          70,  8.60986328125 ,            9.0,  7.541949115824303 ,           2907,           2851,             601,              40,        3150,      946,                2021
10420878670,        4096,          66,  8.206298828125,            8.0,  7.456591134049744 ,           2858,           2800,             545,              38,        3137,      959,                2014
10430879986,        4096,         145,  8.310791015625,            8.0,  7.633629898611916 ,           2890,           2832,             548,              42,        3154,      942,                1998
10440880163,        4096,         128,  8.4384765625  ,            8.0,  7.687571393433571 ,           2925,           2869,             560,              37,        3174,      922,                2038
10450880409,        4096,          85,  8.385009765625,            8.0,  7.575560771058363 ,           2905,           2853,             536,              50,        3182,      914,                2064
10460880707,        4096,          94,  7.793212890625,            8.0,  7.570080319555489 ,           2784,           2715,             515,              30,        3045,     1051,                1938
10470880928,        4096,         155,  8.5107421875  ,            8.0,  7.895272878384744 ,           2917,           2847,             573,              46,        3084,     1012,                1967
10480881283,        4096,          60,  8.24072265625 ,            8.0,  7.260509749426547 ,           2891,           2833,             534,              37,        3156,      940,                2025
10490881453,        4096,          98,  8.346923828125,            8.0,  7.589730501925223 ,           2912,           2860,             546,              36,        3156,      940,                2025
10500881968,        4096,          61,  8.27685546875 ,            8.0,  7.19303533283573  ,           2922,           2871,             524,              32,        3194,      902,                2074
10510883255,        4096,         141,  8.069091796875,            8.0,  7.476092217143231 ,           2919,           2862,             476,              39,        3213,      883,                2081
10520883482,        4096,          58,  7.93115234375 ,            8.0,  7.012032504486761 ,           2893,           2845,             488,              31,        3187,      909,                2053
10530883901,        4096,          84,  7.998291015625,            8.0,  7.166698636401381 ,           2914,           2869,             473,              30,        3174,      922,                2049
10540884740,        4096,          56,  8.07421875    ,            8.0,  7.057199295021251 ,           2912,           2860,             506,              34,        3191,      905,                2070
10550886006,        4096,          79,  7.911376953125,            8.0,  7.233562147807095 ,           2871,           2827,             455,              36,        3134,      962,                2036
10560886043,        4096,         149,  8.054443359375,            8.0,  7.435445802370895 ,           2918,           2867,             498,              36,        3129,      967,                2014
10570886191,        4096,          79,  7.894287109375,            8.0,  7.02824981683781  ,           2917,           2858,             459,              27,        3197,      899,                2082
10580887183,        4096,         100,  7.946533203125,            8.0,  6.997720240711036 ,           2914,           2858,             474,              28,        3176,      920,                2068
10590887205,        4096,          59,  7.778076171875,            8.0,  6.956955953765651 ,           2886,           2841,             446,              33,        3159,      937,                2049
10600887653,        4096,          70,  7.993408203125,            8.0,  6.933043719758945 ,           2950,           2894,             465,              30,        3186,      910,                2069
10610887979,        4096,          67,  7.7763671875  ,            8.0,  6.890450542429961 ,           2905,           2860,             413,              30,        3207,      889,                2092
10620888690,        4096,          72,  8.079345703125,            8.0,  7.284622553281028 ,           2933,           2892,             491,              39,        3179,      917,                2068
10630888873,        4096,          73,  7.76708984375 ,            8.0,  7.039748400803512 ,           2881,           2844,             439,              33,        3154,      942,                2042
10640889006,        4096,          64,  7.597412109375,            8.0,  6.644082419224427 ,           2931,           2882,             371,              25,        3223,      873,                2100
10650889433,        4096,          70,  7.682861328125,            8.0,  6.887684265932663 ,           2922,           2879,             436,              29,        3215,      881,                2103
10661143133,        4096,         126,  7.677978515625,            8.0,  6.890682639748106 ,           3000,           2961,             392,              23,        3236,      860,                2162
10671144694,        4096,          66,  7.73046875    ,            8.0,  7.096269471015981 ,           2889,           2844,             387,              43,        3148,      948,                2083
10681145016,        4096,          60,  7.68310546875 ,            8.0,  6.60009082890636  ,           2943,           2897,             397,              21,        3176,      920,                2073
10691145196,        4096,          72,  7.776123046875,            8.0,  6.774508905207408 ,           2965,           2920,             429,              32,        3215,      881,                2107
10701146293,        4096,          59,  7.30224609375 ,            7.0,  6.52526301807543  ,           2851,           2817,             378,              17,        3165,      931,                2063
10711146627,        4096,          45,  7.54541015625 ,            8.0,  6.518295198340541 ,           2922,           2881,             390,              22,        3138,      958,                2018
10721147663,        4096,          85,  7.540771484375,            8.0,  6.647279591480402 ,           2936,           2895,             383,              24,        3205,      891,                2100
10731523598,        4096,         176,  7.46875       ,            7.0,  7.0734497528610465,           2987,           2945,             356,              26,        3234,      862,                2146
10741523776,        4096,          67,  7.583740234375,            8.0,  6.794688533012152 ,           2906,           2868,             385,              33,        3185,      911,                2108
10751524392,        4096,          45,  7.385498046875,            7.0,  6.2919742596406545,           2927,           2882,             365,              14,        3155,      941,                2052
10761525335,        4096,         109,  7.550048828125,            8.0,  6.577359293139863 ,           2954,           2914,             374,              22,        3181,      915,                2087
10771525457,        4096,          62,  7.268310546875,            7.0,  6.433708810616986 ,           2913,           2867,             347,              26,        3198,      898,                2113
10781525978,        4096,          81,  7.269287109375,            7.0,  6.39484457880717  ,           2940,           2883,             335,              20,        3193,      903,                2089
10791526380,        4096,          64,  7.21923828125 ,            7.0,  6.3943701591544215,           2921,           2864,             349,              22,        3191,      905,                2101
10801526380,        4096,          55,  7.02294921875 ,            7.0,  6.185247435095767 ,           2868,           2817,             315,              14,        3147,      949,                2056
10811527096,        4096,          48,  7.243896484375,            7.0,  6.146116092341123 ,           2961,           2912,             357,              16,        3172,      924,                2069
10821527234,        4096,         124,  7.32666015625 ,            7.0,  6.781590730044001 ,           2965,           2919,             339,              23,        3218,      878,                2133
10831527721,        4096,          68,  7.004150390625,            7.0,  6.31081601616484  ,           2846,           2805,             321,              16,        3107,      989,                2051
10841528018,        4096,         104,  7.2783203125  ,            7.0,  6.344379487774979 ,           2963,           2915,             319,              17,        3119,      977,                2034
10851530298,        4096,         157,  7.060546875   ,            7.0,  6.494720368859443 ,           2932,           2879,             307,              14,        3195,      901,                2122
10861531026,        4096,          84,  6.73681640625 ,            7.0,  6.264987656291178 ,           2826,           2777,             288,              11,        3062,     1034,                2005
10871531526,        4096,          83,  7.06982421875 ,            7.0,  6.108596303343834 ,           2942,           2900,             279,              13,        3099,      997,                2019
10881531887,        4096,          90,  7.24609375    ,            7.0,  6.380128480580225 ,           2968,           2926,             318,              23,        3220,      876,                2138
10891532942,        4096,          77,  6.93017578125 ,            7.0,  6.268060434434719 ,           2863,           2824,             322,              17,        3129,      967,                2063
10901533110,        4096,          70,  7.11962890625 ,            7.0,  6.091974537745494 ,           2955,           2911,             309,              14,        3152,      944,                2067
10911533703,        4096,         102,  6.927490234375,            7.0,  6.21614786560085  ,           2924,           2869,             287,              17,        3196,      900,                2115
10921534172,        4096,          75,  6.900146484375,            7.0,  6.031658015508035 ,           2879,           2834,             313,              10,        3101,      995,                2032
10931534318,        4096,          58,  7.04638671875 ,            7.0,  6.0429611551228435,           2958,           2913,             293,              18,        3161,      935,                2086
10941534518,        4096,         110,  6.99560546875 ,            7.0,  6.266500112251263 ,           2972,           2922,             274,              14,        3204,      892,                2128
10951536699,        4096,          70,  6.933349609375,            7.0,  5.963897005402972 ,           2938,           2899,             284,              19,        3179,      917,                2106
10961536968,        4096,          95,  6.853271484375,            7.0,  5.930440214126392 ,           2973,           2930,             249,              15,        3200,      896,                2133
10971537413,        4096,          47,  6.81494140625 ,            7.0,  5.728597344518924 ,           2993,           2949,             261,              12,        3260,      836,                2207
10981537675,        4096,          73,  6.7880859375  ,            7.0,  6.0374817747231955,           2936,           2891,             272,              14,        3213,      883,                2145
10991537796,        4096,          59,  6.69140625    ,            7.0,  5.865766045770232 ,           2940,           2883,             257,              17,        3193,      903,                2116
11001538474,        4096,          45,  6.419677734375,            7.0,  5.7220698606269105,           2833,           2785,             254,               8,        3047,     1049,                2003
11011539630,        4096,          50,  6.848876953125,            7.0,  5.817568666038951 ,           2979,           2932,             274,               9,        3121,      975,                2056
11021539981,        4096,          47,  6.643310546875,            7.0,  5.521837787902175 ,           2967,           2921,             236,               8,        3212,      884,                2157
11031540223,        4096,          58,  6.651611328125,            7.0,  5.758355201807559 ,           2904,           2873,             242,              12,        3159,      937,                2103
11041540538,        4096,          55,  6.69921875    ,            7.0,  5.679713022208819 ,           2967,           2924,             242,              13,        3169,      927,                2102
11051540552,        4096,         112,  6.377685546875,            6.0,  6.148883609510488 ,           2798,           2758,             238,              16,        3068,     1028,                2024
11061540692,        4096,          62,  6.8505859375  ,            7.0,  5.789617226158155 ,           2982,           2938,             258,              12,        3092,     1004,                2031
11071541664,        4096,          54,  6.68994140625 ,            7.0,  5.693125342765762 ,           2980,           2925,             254,               7,        3223,      873,                2171
11081542007,        4096,         134,  6.596923828125,            7.0,  6.029701898957493 ,           2917,           2866,             228,              11,        3161,      935,                2138
11091542066,        4096,          40,  6.686767578125,            7.0,  5.637770287024944 ,           2978,           2929,             242,              11,        3160,      936,                2097
11101542537,        4096,          52,  6.458251953125,            7.0,  5.619807957179865 ,           2878,           2832,             216,              12,        3084,     1012,                2055
11111542587,        4096,          48,  6.6201171875  ,            7.0,  5.585208701227474 ,           2976,           2928,             222,              11,        3132,      964,                2084
11122342978,        4096,          41,  6.628173828125,            7.0,  5.332561128438546 ,           3057,           2986,             222,               5,        3224,      872,                2204
11132343945,        4096,          74,  6.67431640625 ,            7.0,  5.757542990765426 ,           2978,           2929,             219,              13,        3222,      874,                2199
11142343946,        4096,          95,  6.55517578125 ,            6.0,  5.8039152471123705,           2984,           2925,             215,              17,        3211,      885,                2165
11152345388,        4096,          57,  6.401611328125,            6.5,  5.398711085805266 ,           2944,           2889,             202,               8,        3156,      940,                2126
11162345424,        4096,          58,  6.356689453125,            6.0,  5.3849806661356165,           2981,           2906,             196,               9,        3187,      909,                2140
11172345532,        4096,          68,  6.3271484375  ,            6.0,  5.4892833514349855,           2911,           2860,             206,               8,        3139,      957,                2107
11182346028,        4096,          45,  6.45361328125 ,            7.0,  5.3245540297825515,           3013,           2959,             189,              10,        3173,      923,                2134
11192347521,        4096,          61,  6.270751953125,            6.0,  5.591627043111334 ,           2893,           2835,             210,              11,        3155,      941,                2131
11202348692,        4096,          47,  6.388916015625,            6.0,  5.304070904589736 ,           2986,           2924,             185,               9,        3151,      945,                2092
11212349734,        4096,          61,  5.95947265625 ,            6.0,  5.413860080562534 ,           2809,           2754,             195,               7,        3049,     1047,                2014
11222350701,        4096,          48,  6.47216796875 ,            7.0,  5.295165357124034 ,           2987,           2934,             183,               8,        3077,     1019,                2034
11232359120,        4096,          44,  6.269287109375,            6.0,  5.066066845280415 ,           3064,           2991,             189,               8,        3238,      858,                2208
11242359121,        4096,          43,  6.283935546875,            7.0,  5.093433247412377 ,           2986,           2937,             169,               7,        3225,      871,                2218
11252576998,        4096,          45,  6.13916015625 ,            6.0,  4.972450437878941 ,           3036,           2954,             165,               6,        3229,      867,                2210
11262577841,        4096,          65,  6.369140625   ,            6.0,  5.366223288913219 ,           3002,           2954,             163,              15,        3227,      869,                2198
11272577945,        4096,          40,  6.128662109375,            6.0,  4.881085821411684 ,           3074,           2987,             155,               3,        3260,      836,                2247
11282579136,        4096,          56,  6.3857421875  ,            7.0,  5.1354344840317765,           3028,           2974,             173,               5,        3226,      870,                2234
11292579137,        4096,          82,  6.036376953125,            6.0,  5.214153567014146 ,           3012,           2936,             154,               8,        3235,      861,                2211
11302579389,        4096,          37,  6.271728515625,            6.0,  5.072486440782393 ,           3007,           2938,             171,               7,        3195,      901,                2186
11312579583,        4096,          48,  5.79296875    ,            6.0,  5.198464445658298 ,           2810,           2755,             180,               7,        3062,     1034,                2060
11322579835,        4096,          63,  6.395263671875,            6.0,  5.346377920056802 ,           2990,           2924,             186,               9,        3036,     1060,                2027
11332580078,        4096,          42,  5.96435546875 ,            6.0,  5.173050185083455 ,           2862,           2790,             167,               5,        3042,     1054,                2038
11342581160,        4096,          41,  6.35888671875 ,            6.0,  5.120864292710251 ,           3047,           2964,             175,               5,        3104,      992,                2086
11352581231,        4096,          43,  6.01806640625 ,            6.0,  5.037279555843135 ,           2913,           2843,             155,               2,        3152,      944,                2147
11362582478,        4096,          46,  6.1650390625  ,            6.0,  4.903622743859801 ,           3058,           2982,             141,               4,        3156,      940,                2144
11372583310,        4096,          69,  6.0458984375  ,            6.0,  5.155477477492755 ,           2962,           2908,             167,               7,        3191,      905,                2210
11382583310,        4096,          38,  6.078369140625,            6.0,  4.896283754637051 ,           3062,           2967,             146,               6,        3189,      907,                2189
11392583349,        4096,          48,  5.980712890625,            6.0,  4.86465941362157  ,           3001,           2929,             139,               6,        3239,      857,                2239
11402583654,        4096,          65,  5.970947265625,            6.0,  4.994810361565325 ,           3063,           2965,             131,              10,        3247,      849,                2238
11412584605,        4096,          48,  5.93603515625 ,            6.0,  4.8384356232168715,           3008,           2945,             139,               6,        3234,      862,                2240
11422585778,        4096,          34,  5.426025390625,            6.0,  4.772141694346241 ,           2822,           2730,             125,               1,        3066,     1030,                2067
11432586565,        4096,          57,  6.050048828125,            6.0,  4.853838787411291 ,           3046,           2958,             121,               5,        3073,     1023,                2066
11442586640,        4096,          43,  5.9462890625  ,            6.0,  4.913663377912947 ,           2969,           2909,             140,               2,        3173,      923,                2178
11452586911,        4096,          55,  5.982177734375,            6.0,  4.776184484106848 ,           3082,           2997,             147,               4,        3205,      891,                2209
11462587115,        4096,          57,  5.896240234375,            6.0,  4.831206088588278 ,           3017,           2955,             125,               4,        3224,      872,                2242
11472587142,        4096,         144,  5.226318359375,            5.0,  5.2338666469766695,           2786,           2666,             113,               4,        3012,     1084,                2015
11482587165,        4096,          40,  6.10693359375 ,            6.0,  4.744784428088141 ,           3066,           2979,             127,               3,        3031,     1065,                2056
11492587452,        4096,          43,  5.8154296875  ,            6.0,  4.6887098658366195,           2961,           2889,             120,               1,        3163,      933,                2184
11502588007,        4096,          31,  5.77197265625 ,            6.0,  4.55920853183448  ,           3038,           2948,             123,               0,        3164,      932,                2181
11512589196,        4096,          40,  5.89892578125 ,            6.0,  4.746713379650606 ,           3047,           2961,             142,               2,        3204,      892,                2225
11522590452,        4096,          46,  5.47998046875 ,            6.0,  4.645918655752437 ,           2901,           2799,             111,               4,        3086,     1010,                2122
11532590725,        4096,          40,  5.81640625    ,            6.0,  4.6149049852040225,           3062,           2957,             114,               2,        3145,      951,                2170
11542590986,        4096,          42,  5.75244140625 ,            6.0,  4.600149018527609 ,           3004,           2916,             116,               2,        3181,      915,                2222
11552592006,        4096,          65,  5.265380859375,            5.0,  4.850059675803215 ,           2776,           2670,             118,               3,        2986,     1110,                2021
11562593145,        4096,          38,  6.021728515625,            6.0,  4.6721380089562565,           3094,           3000,             125,               5,        3039,     1057,                2071
11572594172,        4096,          43,  5.84033203125 ,            6.0,  4.685613608670186 ,           3011,           2922,             118,               4,        3202,      894,                2233
11582594838,        4096,          54,  5.19140625    ,            5.0,  4.656877513818776 ,           2774,           2664,             107,               1,        2950,     1146,                2000
11592594857,        4096,          50,  6.113037109375,            6.0,  4.844220335490443 ,           3116,           3011,             122,               6,        3050,     1046,                2088
11602596041,        4096,          39,  5.84716796875 ,            6.0,  4.642343093899243 ,           3044,           2951,             115,               5,        3218,      878,                2270
11612596312,        4096,          35,  5.317626953125,            5.0,  4.5809176458460295,           2851,           2730,             103,               1,        3050,     1046,                2099
11622596334,        4096,          71,  5.91259765625 ,            6.0,  4.7299306171239985,           3101,           2986,             114,               5,        3075,     1021,                2114
11632597742,        4096,          42,  5.841552734375,            6.0,  4.566088264821538 ,           3080,           2988,             109,               1,        3238,      858,                2287
11642598024,        4096,          30,  5.512451171875,            6.0,  4.450722076199427 ,           2968,           2873,              91,               0,        3171,      925,                2210
11652598075,        4096,          32,  5.6611328125  ,            6.0,  4.390865550120595 ,           3122,           2983,              98,               1,        3201,      895,                2245
11662598941,        4096,          38,  5.62255859375 ,            6.0,  4.384879347382094 ,           3098,           2988,              92,               3,        3266,      830,                2328
11672600005,        4096,          47,  5.50634765625 ,            6.0,  4.383525035688758 ,           3029,           2934,              80,               2,        3205,      891,                2254
11682600912,        4096,          58,  5.1875        ,            5.0,  4.511432959022    ,           2882,           2753,              83,               3,        3079,     1017,                2113
11692601950,        4096,          32,  5.659423828125,            6.0,  4.347679659085519 ,           3124,           2966,              98,               1,        3110,      986,                2161
11702602071,        4096,          37,  5.57861328125 ,            6.0,  4.320550867165101 ,           3081,           2976,              83,               2,        3242,      854,                2311
11712602318,        4096,          36,  5.48193359375 ,            6.0,  4.300727338045881 ,           3028,           2939,              74,               2,        3167,      929,                2240
11722602377,        4096,          38,  5.195556640625,            5.0,  4.41351238637465  ,           2903,           2786,              87,               3,        3046,     1050,                2111
11732602536,        4096,          33,  5.600830078125,            6.0,  4.276067722843654 ,           3149,           2999,              81,               1,        3125,      971,                2204
11742602831,        4096,         159,  5.592529296875,            6.0,  4.937968020650784 ,           3126,           3000,              89,               6,        3294,      802,                2381
11752603145,        4096,          53,  5.43505859375 ,            6.0,  4.305835134733362 ,           3051,           2940,              75,               2,        3218,      878,                2290
11762603236,        4096,          32,  5.36572265625 ,            6.0,  4.281710384146205 ,           3001,           2881,              78,               1,        3133,      963,                2209
11772604250,        4096,          39,  5.0693359375  ,            5.0,  4.361427288918273 ,           2875,           2739,              76,               3,        3008,     1088,                2088
11782605404,        4096,          37,  5.6328125     ,            6.0,  4.309887965753141 ,           3138,           3001,              94,               2,        3082,     1014,                2161
11792606151,        4096,          41,  5.565185546875,            6.0,  4.2412765325699535,           3137,           2989,              77,               2,        3240,      856,                2342
11802606606,        4096,          32,  5.4755859375  ,            6.0,  4.172593529934619 ,           3105,           2976,              77,               1,        3253,      843,                2345
11812607868,        4096,          41,  5.352294921875,            6.0,  4.1435024915397465,           3052,           2934,              63,               1,        3195,      901,                2278
11822608041,        4096,         111,  5.32470703125 ,            5.0,  4.535938836129386 ,           3015,           2892,              75,               2,        3143,      953,                2228
11832608290,        4096,          65,  4.923828125   ,            5.0,  4.320877121078426 ,           2854,           2705,              72,               1,        2992,     1104,                2073
11842839603,        4096,          40,  5.550048828125,            6.0,  4.2494180435152895,           3170,           2989,              79,               2,        3093,     1003,                2189
11852841113,        4096,          36,  5.6123046875  ,            6.0,  4.11179051641928  ,           3200,           3045,              75,               1,        3269,      827,                2421
11862841811,        4096,          71,  5.372802734375,            6.0,  4.179380252276349 ,           3132,           2967,              64,               3,        3275,      821,                2404
11872842325,        4096,          35,  5.40087890625 ,            6.0,  4.019962298800053 ,           3143,           2995,              71,               1,        3244,      852,                2343
11882842428,        4096,          52,  5.365478515625,            6.0,  4.065680205419697 ,           3127,           2991,              54,               2,        3247,      849,                2357
11892842428,        4096,          36,  5.294189453125,            5.0,  4.0213207936006565,           3104,           2957,              63,               2,        3224,      872,                2330
11902842470,        4096,          34,  5.22802734375 ,            5.0,  4.020182920962966 ,           3062,           2930,              60,               1,        3199,      897,                2289
11912843265,        4096,          34,  5.2158203125  ,            5.0,  4.039031214934146 ,           3053,           2919,              58,               1,        3164,      932,                2255
11922843522,        4096,          31,  5.0908203125  ,            5.0,  3.9926144843745437,           3017,           2882,              53,               0,        3118,      978,                2227
11932845521,        4096,          35,  5.072021484375,            5.0,  4.149658590946178 ,           2959,           2798,              58,               1,        3049,     1047,                2154
11942845746,        4096,          37,  5.035888671875,            5.0,  4.197856955501944 ,           2933,           2777,              66,               1,        2974,     1122,                2088
11952845798,        4096,          69,  5.042724609375,            5.0,  4.314920154056011 ,           2904,           2755,              75,               2,        2953,     1143,                2064
11962846003,        4096,          39,  5.011962890625,            5.0,  4.255580373007058 ,           2870,           2719,              64,               1,        2894,     1202,                2023
11972846365,        4096,          39,  5.14306640625 ,            5.0,  4.398157547871916 ,           2884,           2743,              86,               1,        2870,     1226,                1987
11982846571,        4096,          42,  5.198486328125,            5.0,  4.443372836249784 ,           2894,           2738,              83,               3,        2871,     1225,                2009
11992847487,        4096,          42,  5.104736328125,            5.0,  4.364106642366327 ,           2890,           2745,              75,               4,        2888,     1208,                2024
12002847863,        4096,          34,  5.21533203125 ,            5.0,  4.412398113987194 ,           2900,           2773,              82,               2,        2864,     1232,                1987
12012847863,        4096,          33,  5.313232421875,            5.0,  4.387847286456233 ,           2965,           2836,              93,               1,        2923,     1173,                2067
12022848692,        4096,          30,  5.361328125   ,            5.0,  4.279517052756535 ,           3021,           2876,              82,               0,        3001,     1095,                2159
12032849671,        4096,          47,  5.307861328125,            5.0,  4.351858070786559 ,           3021,           2869,              82,               5,        3068,     1028,                2211
12042850340,        4096,          41,  5.37353515625 ,            5.0,  4.165710895909039 ,           3094,           2951,              79,               1,        3111,      985,                2251
12052851108,        4096,          34,  5.302001953125,            5.0,  4.150296005068034 ,           3103,           2923,              78,               1,        3153,      943,                2297
12062852312,        4096,          36,  5.2607421875  ,            5.0,  4.054665743672062 ,           3130,           2939,              65,               2,        3200,      896,                2326
12072853441,        4096,          37,  5.240966796875,            5.0,  3.9199499063672745,           3182,           2979,              58,               1,        3271,      825,                2399
12082853476,        4096,          29,  5.1591796875  ,            5.0,  3.758720811604315 ,           3200,           2983,              48,               0,        3286,      810,                2420
12092853545,        4096,          28,  5.120361328125,            5.0,  3.7595471524263377,           3210,           2976,              44,               0,        3279,      817,                2427
12102853582,        4096,          36,  5.150146484375,            5.0,  3.703509338972271 ,           3255,           3004,              48,               1,        3294,      802,                2481
12112854262,        4096,          23,  4.234619140625,            5.0,  3.6788010146958734,           2752,           2547,              31,               0,        2944,     1152,                2124
12122855450,        4096,          66,  5.07373046875 ,            5.0,  4.049128637648835 ,           2977,           2816,              38,               1,        2775,     1321,                1940
12132856655,        4096,          29,  5.28466796875 ,            5.0,  3.9771710962463946,           3120,           2951,              63,               0,        3070,     1026,                2244
12142857560,        4096,          25,  5.273193359375,            5.0,  3.8471560312805617,           3185,           3007,              61,               0,        3218,      878,                2376
12152857684,        4096,          29,  5.16943359375 ,            5.0,  3.7246674651650395,           3213,           3008,              54,               0,        3281,      815,                2442
12162857816,        4096,          26,  5.08642578125 ,            5.0,  3.5784117404702505,           3250,           3006,              37,               0,        3329,      767,                2494
12172859210,        4096,          27,  4.541015625   ,            5.0,  3.7579053839547183,           2880,           2692,              39,               0,        3018,     1078,                2223
12182860258,        4096,          56,  5.068359375   ,            5.0,  3.92547952431924  ,           3076,           2884,              36,               2,        2955,     1141,                2150
12192861759,        4096,          39,  5.160400390625,            5.0,  3.8204839859057578,           3160,           2953,              42,               1,        3164,      932,                2322
12202861976,        4096,          37,  5.17138671875 ,            5.0,  3.8056959817011276,           3222,           3018,              53,               3,        3275,      821,                2449
12212862165,        4096,          64,  4.335205078125,            5.0,  3.949472232460207 ,           2757,           2539,              30,               3,        2918,     1178,                2100
12222862411,        4096,          37,  5.24267578125 ,            5.0,  3.966189512169672 ,           3074,           2931,              45,               1,        2834,     1262,                2032
12232863450,        4096,          34,  5.364990234375,            5.0,  3.84696700995549  ,           3230,           3035,              48,               1,        3185,      911,                2374
12242863616,        4096,          29,  5.21240234375 ,            5.0,  3.636136247016812 ,           3281,           3056,              48,               0,        3304,      792,                2505
12252863729,        4096,          22,  4.814453125   ,            5.0,  3.7337206662292957,           2997,           2829,              37,               0,        3127,      969,                2343
12262864223,        4096,          45,  5.206787109375,            5.0,  3.774783058438105 ,           3207,           3008,              44,               1,        3098,      998,                2291
12272864346,        4096,          25,  5.1240234375  ,            5.0,  3.6024011392681805,           3286,           3037,              45,               0,        3293,      803,                2491
12282864694,        4096,          31,  4.74267578125 ,            5.0,  3.66234735554872  ,           3008,           2810,              20,               0,        3127,      969,                2361
12292864866,        4096,          37,  5.1259765625  ,            5.0,  3.7208173118551096,           3203,           2968,              41,               1,        3068,     1028,                2257
12302867703,        4096,          22,  5.076171875   ,            5.0,  3.456348692328218 ,           3309,           3018,              36,               0,        3294,      802,                2515
12312869080,        4096,          27,  4.9052734375  ,            5.0,  3.63560027758236  ,           3087,           2909,              34,               0,        3190,      906,                2433
12322869194,        4096,          26,  5.068115234375,            5.0,  3.4984649203930913,           3266,           3020,              24,               0,        3189,      907,                2374
12332869315,        4096,          23,  4.365966796875,            5.0,  3.5786508815068916,           2856,           2624,              19,               0,        3011,     1085,                2229
12342869776,        4096,          26,  5.206787109375,            5.0,  3.7009108398502835,           3188,           3004,              39,               0,        2962,     1134,                2165
12352885870,        4096,          25,  5.06787109375 ,            5.0,  3.4694935800680162,           3275,           3005,              24,               0,        3276,      820,                2466
12362886441,        4096,          25,  4.971923828125,            5.0,  3.563040366098572 ,           3145,           2973,              33,               0,        3222,      874,                2455
12372886736,        4096,          19,  5.043212890625,            5.0,  3.4151028634521143,           3276,           3032,              17,               0,        3226,      870,                2446
12382887256,        4096,          27,  4.86669921875 ,            5.0,  3.5426812270818466,           3112,           2935,              26,               0,        3211,      885,                2455
12392887514,        4096,          34,  5.05712890625 ,            5.0,  3.4326895259869743,           3309,           3051,              24,               1,        3221,      875,                2444
12402887741,        4096,          23,  4.8720703125  ,            5.0,  3.513887238701059 ,           3137,           2941,              28,               0,        3205,      891,                2450
12412914173,        4096,          22,  4.999267578125,            5.0,  3.383705417760712 ,           3312,           3027,              29,               0,        3233,      863,                2450
12422914288,        4096,          30,  4.929443359375,            5.0,  3.437876724060756 ,           3182,           2989,              23,               0,        3249,      847,                2498
12432914879,        4096,          41,  4.3583984375  ,            5.0,  3.652237083795021 ,           2860,           2648,              24,               1,        2938,     1158,                2158
12442915011,        4096,          25,  5.250244140625,            5.0,  3.6788995227116295,           3267,           3023,              41,               0,        2984,     1112,                2223
12452915530,        4096,          25,  4.920166015625,            5.0,  3.656346629569441 ,           3086,           2914,              24,               0,        3154,      942,                2387
12462916135,        4096,          23,  5.12646484375 ,            5.0,  3.4419889443888816,           3320,           3064,              21,               0,        3201,      895,                2420
12472916194,        4096,          23,  4.98388671875 ,            5.0,  3.416231666568788 ,           3225,           3024,              23,               0,        3287,      809,                2555
12482916692,        4096,          26,  4.65869140625 ,            5.0,  3.5632828973198856,           3014,           2831,              30,               0,        3076,     1020,                2305
12492917395,        4096,          25,  5.10009765625 ,            5.0,  3.455314632448579 ,           3319,           3051,              34,               0,        3138,      958,                2370
12502917576,        4096,          21,  4.935302734375,            5.0,  3.406029781607267 ,           3223,           3013,              22,               0,        3307,      789,                2555
12512918216,        4096,          35,  4.620849609375,            5.0,  3.524266443625384 ,           3018,           2825,              23,               1,        3079,     1017,                2333
12522918260,        4096,          33,  4.2099609375  ,            4.0,  3.705182497829779 ,           2769,           2520,              27,               1,        2732,     1364,                2005
12532918391,        4096,          24,  5.414794921875,            5.0,  3.693726979747111 ,           3292,           3083,              36,               0,        2909,     1187,                2171
12542918524,        4096,          25,  5.2578125     ,            5.0,  3.640784264220245 ,           3242,           3077,              42,               0,        3253,      843,                2518
12552918710,        4096,          24,  4.93798828125 ,            5.0,  3.542165410696919 ,           3132,           2964,              29,               0,        3168,      928,                2437
12562919600,        4096,          20,  4.674072265625,            5.0,  3.6603838301249474,           2965,           2787,              18,               0,        2908,     1188,                2179
12572962613,        4096,          34,  5.180419921875,            5.0,  3.532344606265875 ,           3353,           3059,              37,               2,        3057,     1039,                2321
12582963250,        4096,          28,  5.1767578125  ,            5.0,  3.3486393627815785,           3350,           3135,              23,               0,        3337,      759,                2658
12592963861,        4096,          21,  4.919189453125,            5.0,  3.252187203812038 ,           3280,           3054,              17,               0,        3286,      810,                2603
12602964692,        4096,          21,  4.823486328125,            5.0,  3.329459115497021 ,           3203,           2988,              15,               0,        3223,      873,                2490
12612964734,        4096,          26,  4.847900390625,            5.0,  3.43153751155411  ,           3162,           2939,              13,               0,        3129,      967,                2386
12622964954,        4096,          21,  4.702880859375,            5.0,  3.390927622074712 ,           3093,           2884,               9,               0,        3057,     1039,                2331
12632965950,        4096,          33,  4.664306640625,            5.0,  3.61837425290648  ,           3028,           2809,              24,               1,        2963,     1133,                2236
12642966125,        4096,          25,  4.602783203125,            5.0,  3.6748567770602114,           2946,           2726,              20,               0,        2845,     1251,                2120
12652966180,        4096,          26,  4.6806640625  ,            5.0,  3.8139824408380534,           2927,           2714,              36,               0,        2784,     1312,                2069
12662966391,        4096,          23,  4.769775390625,            5.0,  3.830894986143986 ,           2944,           2749,              39,               0,        2764,     1332,                2055
12672966585,        4096,          25,  4.82666015625 ,            5.0,  3.872823503894636 ,           2965,           2764,              42,               0,        2791,     1305,                2072
12682966750,        4096,          23,  4.8720703125  ,            5.0,  3.9108399547036123,           2962,           2789,              45,               0,        2787,     1309,                2083
12692966973,        4096,          28,  4.990478515625,            5.0,  3.9944611511704924,           3008,           2813,              50,               0,        2810,     1286,                2099
12702968377,        4096,          32,  5.06103515625 ,            5.0,  3.8920598888572537,           3079,           2892,              40,               1,        2883,     1213,                2198
12712968688,        4096,          35,  5.200927734375,            5.0,  3.829675593954915 ,           3173,           2975,              49,               1,        3003,     1093,                2292
12722968862,        4096,          25,  5.124755859375,            5.0,  3.53281387369567  ,           3245,           3036,              25,               0,        3147,      949,                2423
12732969004,        4096,          30,  5.14404296875 ,            5.0,  3.4430003809401017,           3329,           3101,              37,               0,        3277,      819,                2561
12742969594,        4096,          26,  5.01220703125 ,            5.0,  3.2609262565853987,           3372,           3118,              28,               0,        3344,      752,                2667
12752970206,        4096,          28,  4.20361328125 ,            5.0,  3.534849745809376 ,           2820,           2603,              20,               0,        2912,     1184,                2234
12762970407,        4096,          23,  4.86279296875 ,            5.0,  3.62193059870362  ,           3054,           2858,              20,               0,        2729,     1367,                2041
12772970455,        4096,          22,  5.17138671875 ,            5.0,  3.6251914861681596,           3239,           3018,              35,               0,        3018,     1078,                2335
12782971630,        4096,          26,  5.174072265625,            5.0,  3.382402417212532 ,           3344,           3130,              17,               0,        3226,      870,                2522
12792972895,        4096,          23,  4.130126953125,            5.0,  3.4541373775438355,           2811,           2592,              21,               0,        2894,     1202,                2225
12802973134,        4096,          22,  4.959228515625,            5.0,  3.7049438822250544,           3069,           2895,              27,               0,        2709,     1387,                2035
12812973230,        4096,          20,  5.298828125   ,            5.0,  3.5326405715780065,           3311,           3113,              29,               0,        3090,     1006,                2386
12822973262,        4096,          22,  4.939697265625,            5.0,  3.285715162198619 ,           3314,           3050,              25,               0,        3266,      830,                2594
12832974340,        4096,          26,  4.832763671875,            5.0,  3.394850589669635 ,           3155,           2971,              17,               0,        3150,      946,                2492
12842974485,        4096,          21,  5.058349609375,            5.0,  3.3149701301385486,           3359,           3115,              28,               0,        3208,      888,                2521
12852974755,        4096,          26,  4.47021484375 ,            5.0,  3.483581965910543 ,           2971,           2782,              20,               0,        3043,     1053,                2378
12862974946,        4096,          25,  5.18017578125 ,            5.0,  3.4380337040743147,           3324,           3108,              29,               0,        3008,     1088,                2334
12872975807,        4096,          22,  4.414794921875,            5.0,  3.483227930154975 ,           2922,           2713,              11,               0,        2946,     1150,                2301
12882976050,        4096,          26,  5.167236328125,            5.0,  3.5542133308483703,           3275,           3058,              33,               0,        2922,     1174,                2252
12892977150,        4096,          22,  4.583984375   ,            5.0,  3.5225663895100485,           2987,           2790,              14,               0,        2957,     1139,                2298
12902977950,        4096,          24,  4.73974609375 ,            5.0,  3.1392086877956387,           3412,           2920,              21,               0,        3047,     1049,                2326
12912979911,        4096,          23,  2.681884765625,            3.0,  2.6759606851154483,           2621,           1438,               5,               0,        2610,     1486,                1569
12922981175,        4096,          15,  1.93212890625 ,            2.0,  1.9412219691171793,           2625,            680,               0,               0,        3642,      454,                1659
12932981460,        4096,          19,  3.091796875   ,            3.0,  2.9688932685413656,           2664,           1695,              10,               0,        2655,     1441,                1307
12942982795,        4096,          13,  3.78369140625 ,            5.0,  2.957476563477705 ,           2734,           2558,               0,               0,        3044,     1052,                1782
12952982865,        4096,          16,  2.908203125   ,            3.0,  2.436071515265969 ,           2773,           1753,               1,               0,        3278,      818,                1894
12962982955,        4096,          13,  3.468505859375,            4.0,  2.7927228806052873,           2823,           2294,               0,               0,        3359,      737,                2152
12972983188,        4096,          16,  4.279541015625,            5.0,  3.3529708410912766,           2870,           2701,               1,               0,        3442,      654,                2269
12982983751,        4096,          18,  4.796630859375,            5.0,  3.8427206925258632,           2878,           2665,               4,               0,        2900,     1196,                1724
12992984603,        4096,          17,  3.49853515625 ,            4.0,  2.8010178470036187,           2890,           2092,               1,               0,        2826,     1270,                1635
13002984832,        4096,          17,  3.750244140625,            4.0,  2.952814953791188 ,           2890,           2360,               1,               0,        2797,     1299,                1629
13012984948,        4096,          15,  3.983154296875,            4.0,  2.980889556895932 ,           2917,           2636,               0,               0,        3195,      901,                2039
13022984973,        4096,          18,  3.95947265625 ,            5.0,  2.9685556046937323,           2917,           2618,               1,               0,        2832,     1264,                1691
13032986748,        4096,          19,  3.538818359375,            4.0,  2.815008771740407 ,           2999,           2093,               3,               0,        3023,     1073,                1580
13042990515,        4096,          11,  2.260986328125,            2.0,  1.868086578469218 ,           2999,           1004,               0,               0,        2858,     1238,                 751
13052993590,        4096,          14,  2.21533203125 ,            2.0,  1.751260507839353 ,           2959,            871,               0,               0,        3315,      781,                2104
13062995010,        4096,           9,  1.571533203125,            1.0,  1.3676151805609198,           2957,            421,               0,               0,        3141,      955,                 774
13072995301,        4096,          16,  2.89111328125 ,            3.0,  2.4009395806600087,           2904,           1682,               1,               0,        2835,     1261,                1689
13082996697,        4096,           9,  2.64453125    ,            3.0,  1.9984391797784185,           2926,           1343,               0,               0,        3152,      944,                1975
13092997347,        4096,          15,  2.748779296875,            3.0,  2.2532796137400215,           2969,           1434,               0,               0,        2846,     1250,                1611
13102997427,        4096,          26,  2.9765625     ,            3.0,  2.3264858953137346,           2938,           2019,               9,               0,        3099,      997,                1930
13112999945,        4096,           9,  2.789306640625,            3.0,  1.9647262720135539,           2984,           1771,               0,               0,        3563,      533,                2403
13123003093,        4096,          11,  2.2890625     ,            2.0,  2.005226934437534 ,           2967,            939,               0,               0,        2960,     1136,                 855
13133006013,        4096,          11,  1.649169921875,            2.0,  1.4049349039752006,           2960,            297,               0,               0,        2931,     1165,                 709
13143007727,        4096,          17,  2.607421875   ,            3.0,  1.9098796371162985,           2908,           1643,               6,               0,        2856,     1240,                1722
13153009103,        4096,          17,  2.27490234375 ,            2.0,  1.694751488463945 ,           3048,            938,               1,               0,        2850,     1246,                1312
13163009675,        4096,          14,  1.247314453125,            1.0,  1.0875348480165967,           3037,             75,               0,               0,        2990,     1106,                  71
13173012120,        4096,          17,  0.908447265625,            1.0,  1.081930300413784 ,           2274,             46,               1,               0,        2988,     1108,                  62
13183095770,        4096,          20,  1.5625        ,            2.0,  1.4775335761836346,           2898,            113,               4,               0,        2830,     1266,                1698
13193096073,        4096,          24,  3.3828125     ,            4.0,  2.498913338051912 ,           2942,           2399,               3,               0,        2728,     1368,                1574
13203096993,        4096,          22,  3.64697265625 ,            4.0,  2.6320368136321384,           2964,           2637,               4,               0,        3711,      385,                2549
13213097017,        4096,          25,  4.876953125   ,            5.0,  3.976922699029079 ,           2943,           2788,              17,               0,        2957,     1139,                1799
13223099400,        4096,          31,  2.812255859375,            3.0,  2.2450371023183515,           2996,           1317,               4,               0,        3592,      504,                1279
13233099525,        4096,          24,  3.6337890625  ,            4.0,  3.1819300136482216,           2945,           2201,              19,               0,        3350,      746,                2220
13243099627,        4096,          18,  2.32666015625 ,            2.0,  2.2115270145464483,           2975,            844,               5,               0,        3289,      807,                 911
13253102569,        4096,          24,  3.62890625    ,            3.0,  3.4056743170348716,           2954,           1978,              40,               0,        3382,      714,                2222
13263103138,        4096,          27,  2.20751953125 ,            2.0,  2.3352767877491054,           2954,            724,              14,               0,        3404,      692,                1127
13273103509,        4096,          26,  4.2412109375  ,            4.0,  4.109395306323106 ,           2913,           2342,             112,               0,        3089,     1007,                1922
13283104046,        4096,          29,  4.99609375    ,            5.0,  4.275884454263344 ,           2929,           2789,              81,               0,        3363,      733,                2175
13293104420,        4096,          31,  4.10498046875 ,            4.0,  3.716742446508909 ,           2907,           2163,              38,               0,        2775,     1321,                 972
13303104973,        4096,          39,  3.708740234375,            4.0,  2.935152282387248 ,           2908,           2462,              12,               1,        3345,      751,                2157
13313105081,        4096,          44,  4.344970703125,            5.0,  3.4246762362828465,           2916,           2817,              22,               2,        3776,      320,                2586
13323105272,        4096,          32,  6.097412109375,            6.0,  5.015895937200264 ,           2945,           2881,             154,               1,        2875,     1221,                1689
13333105406,        4096,          32,  4.145751953125,            4.0,  3.6081229593841795,           2914,           2392,              51,               1,        3434,      662,                1903
13343105661,        4096,          38,  5.43212890625 ,            6.0,  4.319885315564891 ,           2906,           2830,              33,               3,        3196,      900,                2006
13353108705,        4096,          30,  4.619140625   ,            5.0,  3.6951013871712113,           2959,           2621,              17,               0,        2757,     1339,                1369
13363224701,        4096,          32,  3.5576171875  ,            4.0,  2.7436184097746885,           2966,           2325,               8,               1,        2845,     1251,                1648
13373224703,        4096,          38,  4.093505859375,            4.0,  3.6362697680641825,           2917,           2584,              46,               4,        3287,      809,                2112
13383252313,        4096,          37,  5.05615234375 ,            5.0,  4.02139920945327  ,           2947,           2831,              25,               3,        3007,     1089,                1817
13393252831,        4096,          50,  5.4619140625  ,            6.0,  4.078815153339845 ,           2947,           2896,              19,               4,        3475,      621,                2292
13403253089,        4096,          41,  6.34423828125 ,            7.0,  5.025390221736223 ,           2942,           2896,             168,               3,        3215,      881,                2015
13413253252,        4096,          57,  6.833251953125,            7.0,  5.803107142793279 ,           2931,           2879,             230,              11,        3019,     1077,                1815
13423253483,        4096,          40,  5.9814453125  ,            6.0,  4.839630048342722 ,           2923,           2867,             105,               2,        3058,     1038,                1846
13433254165,        4096,          33,  5.362548828125,            5.0,  4.679018759350105 ,           2992,           2883,             146,               2,        3315,      781,                2148
13443491825,        4096,          39,  6.471923828125,            6.0,  5.825815796720906 ,           2943,           2838,             253,              12,        2810,     1286,                1652
13453491953,        4096,          32,  4.26025390625 ,            4.0,  3.4244271780885653,           2998,           2565,              22,               1,        3782,      314,                2568
13463491955,        4096,          65,  4.9794921875  ,            5.0,  4.48707664001591  ,           2922,           2829,              57,              13,        3317,      779,                2168
13473492083,        4096,          41,  5.9091796875  ,            7.0,  4.660186434933414 ,           2950,           2902,              83,               6,        3315,      781,                2145
13483492460,        4096,          42,  7.28173828125 ,            7.0,  6.123980982345413 ,           2944,           2876,             425,               7,        3112,      984,                1927
13493492887,        4096,          43,  9.474609375   ,           10.0,  7.700246029180633 ,           2926,           2868,             751,              30,        3076,     1020,                1856
13503492893,        4096,          48,  8.841064453125,           10.0,  6.826632648682991 ,           2919,           2866,             590,              11,        3119,      977,                1917
13513493405,        4096,          48,  9.447265625   ,           10.0,  7.6001228623748815,           2903,           2855,             766,              18,        3284,      812,                2068
13523493431,        4096,          51,  9.7265625     ,            9.0,  8.626609762594674 ,           2910,           2863,             899,              70,        2998,     1098,                1807
13533494028,        4096,          48,  8.06689453125 ,            8.0,  6.952083329599038 ,           2910,           2875,             491,              24,        2931,     1165,                1727
13543506737,        4096,          44,  7.79931640625 ,            9.0,  6.007828512778105 ,           2942,           2909,             295,              13,        3839,      257,                2637
13553506755,        4096,          55,  7.248291015625,            6.0,  7.5747332621970855,           2913,           2829,             590,              47,        2970,     1126,                1636
13563506844,        4096,          67,  9.32568359375 ,            9.0,  8.17546733430341  ,           2911,           2859,             694,              66,        3021,     1075,                1835
13573506910,        4096,          52,  8.161376953125,            9.0,  6.400651704680164 ,           2915,           2867,             422,              11,        3141,      955,                1933
13583566743,        4096,          48,  7.62255859375 ,            8.0,  6.096082798391769 ,           2949,           2916,             376,               5,        3527,      569,                2333
13593566941,        4096,          69,  7.730712890625,            9.0,  6.3310366819620825,           2931,           2896,             291,              22,        3861,      235,                2668
13603567380,        4096,          74,  9.695068359375,            8.0,  9.306863599189619 ,           2941,           2903,             992,             103,        2817,     1279,                1618
13613567828,        4096,          55,  6.458251953125,            6.0,  5.687690181486868 ,           2934,           2885,             150,              20,        2787,     1309,                1594
13623569364,        4096,          64,  8.669677734375,            9.0,  7.422550528050137 ,           2925,           2877,             689,              29,        2770,     1326,                1562
13633570545,        4096,          49,  7.232666015625,            8.0,  5.391310402239718 ,           2973,           2930,             125,              12,        2877,     1219,                1697
13643570755,        4096,          61,  5.59716796875 ,            6.0,  5.2368540572655835,           2923,           2881,              73,              28,        3637,      459,                2474
13653570935,        4096,          81,  8.677734375   ,            9.0,  7.64825171146605  ,           2926,           2890,             595,              48,        3102,      994,                1907
13663571019,        4096,          75,  9.71728515625 ,           10.0,  8.468066972728984 ,           2930,           2869,             772,              56,        3098,      998,                1900
13673571206,        4096,          69,  8.77197265625 ,            9.0,  7.268682529730015 ,           2934,           2876,             627,              27,        3298,      798,                2091
13683571288,        4096,          69,  9.285888671875,            9.0,  7.724602796935163 ,           2930,           2878,             776,              24,        2668,     1428,                1459
13693571309,        4096,          45,  7.849853515625,            8.0,  6.058001309124555 ,           2957,           2907,             345,               9,        2731,     1365,                1530
13703571364,        4096,          48,  7.33447265625 ,            7.0,  5.823866835464309 ,           2940,           2886,             336,               3,        2791,     1305,                1592
13713582583,        4096,          53,  7.62060546875 ,            9.0,  5.582837227468448 ,           2980,           2932,             213,               4,        3575,      521,                2398
13723582951,        4096,          49,  6.168212890625,            7.0,  4.827773584459257 ,           2934,           2886,              78,              10,        3932,      164,                2756
13733583083,        4096,          67,  5.137939453125,            6.0,  4.493242110146812 ,           2920,           2864,             108,               9,        3804,      292,                2601
13743583733,        4096,          57,  7.971435546875,            6.0,  8.191668457578876 ,           2928,           2872,             805,              19,        3031,     1065,                1832
13753584014,        4096,          70,  8.646484375   ,            8.0,  7.484132129654771 ,           2914,           2875,             625,              27,        3041,     1055,                1858
13763584229,        4096,          64,  7.2265625     ,            7.0,  6.659252367183853 ,           2918,           2874,             264,              44,        3484,      612,                2295
13773584730,        4096,          54,  8.78662109375 ,           10.0,  6.6077588677907695,           2949,           2913,             586,              10,        2846,     1250,                1659
13783584975,        4096,          67,  7.242431640625,            8.0,  5.854983049420286 ,           2932,           2888,             223,              12,        3501,      595,                2325
13793585041,        4096,          67,  9.18798828125 ,           10.0,  7.665575459472215 ,           2941,           2901,             720,              34,        3077,     1019,                1880
13803585103,        4096,          74,  9.4189453125  ,           10.0,  7.879572857641731 ,           2924,           2876,             672,              54,        3116,      980,                1910
13813585288,        4096,          99, 10.90185546875 ,           11.0,  9.149295379002456 ,           2924,           2874,            1037,              71,        3106,      990,                1884
13823585798,        4096,          67,  9.811279296875,           10.0,  8.247619195066962 ,           2933,           2884,             926,              59,        3012,     1084,                1821
13833585983,        4096,          84,  9.864501953125,           10.0,  8.866575537583158 ,           2921,           2865,             826,              87,        2996,     1100,                1800
13843586073,        4096,          80, 10.1904296875  ,           10.0,  8.602856891194264 ,           2930,           2874,             928,              69,        3037,     1059,                1847
13853586303,        4096,          61, 10.243896484375,           11.0,  8.34997057752508  ,           2927,           2882,             962,              52,        3120,      976,                1920
13863586325,        4096,          98, 10.11669921875 ,            9.0,  9.485548961701856 ,           2924,           2880,             916,             127,        3039,     1057,                1842
13873586344,        4096,          70,  8.79443359375 ,            9.0,  7.72492972962353  ,           2935,           2878,             628,              59,        3279,      817,                2083
13883586697,        4096,          86,  9.713134765625,            8.0, 10.269725842698138 ,           2941,           2873,             832,             162,        3152,      944,                1928
13893587134,        4096,          60,  9.427001953125,            9.0,  7.969304110391474 ,           2948,           2882,             804,              50,        3047,     1049,                1853
13903587567,        4096,          94,  7.063232421875,            7.0,  6.414983049096764 ,           2955,           2896,             357,              22,        3473,      623,                2216
13913587866,        4096,          47,  5.91015625    ,            6.0,  5.182106983465889 ,           2954,           2774,             133,              10,        2853,     1243,                1690
13923588079,        4096,          51,  6.713623046875,            7.0,  5.460508965526367 ,           2919,           2876,             186,               9,        2789,     1307,                1614
13933588296,        4096,          68,  7.921630859375,            9.0,  6.8171186233388   ,           2910,           2866,             258,              43,        3005,     1091,                1783
13943588570,        4096,          73,  8.829345703125,           10.0,  7.240155503877876 ,           2907,           2855,             528,              36,        3012,     1084,                1809
13953589083,        4096,          79, 10.945556640625,           11.0,  8.885513951721924 ,           2929,           2887,            1148,              63,        2941,     1155,                1732
13963589386,        4096,          64, 10.011962890625,           11.0,  7.838058409046394 ,           2949,           2920,             897,              42,        3428,      668,                2233
13973589386,        4096,          99,  9.297607421875,           10.0,  7.962470205631536 ,           2901,           2868,             692,              43,        3300,      796,                2102
13983589671,        4096,          60, 10.9580078125  ,           11.0,  9.270311016556509 ,           2915,           2878,            1117,             105,        2997,     1099,                1774
13993589773,        4096,          65, 10.886962890625,           12.0,  8.490727131481682 ,           2903,           2865,            1211,              34,        3327,      769,                2091
14003589959,        4096,          58,  8.82421875    ,           10.0,  6.975078360824948 ,           2911,           2872,             551,              21,        3438,      658,                2222
14013590185,        4096,          58, 10.4638671875  ,           10.0,  9.012857736373677 ,           2900,           2872,            1014,              76,        2966,     1130,                1727
14023590367,        4096,          59,  8.9619140625  ,            9.0,  7.454386990146457 ,           2906,           2860,             642,              47,        2956,     1140,                1750
14033590754,        4096,          60, 10.486083984375,           10.0,  9.360525372582414 ,           2910,           2867,            1033,             129,        2919,     1177,                1707
14043592250,        4096,          59,  9.602294921875,           11.0,  7.532143658528334 ,           2896,           2858,             768,              29,        3383,      713,                2169
14053592498,        4096,          77,  7.341064453125,            7.0,  6.521721012178422 ,           2894,           2863,             481,              14,        3204,      892,                2002
14063592722,        4096,          72, 11.324951171875,           11.0,  9.91364680952585  ,           2887,           2860,            1181,             156,        2933,     1163,                1714
14073593063,        4096,          76, 11.169921875   ,           12.0,  8.987618088244876 ,           2895,           2860,            1302,              73,        2793,     1303,                1565
14083593200,        4096,          73, 11.278564453125,           11.0,  9.752568245971426 ,           2901,           2861,            1158,             117,        3062,     1034,                1845
14093593231,        4096,          82, 10.958251953125,           11.0,  9.177394807893856 ,           2889,           2857,            1192,              87,        3019,     1077,                1811
14103594297,        4096,          78, 10.978515625   ,           11.0,  9.838591274434611 ,           2902,           2872,            1013,             157,        3232,      864,                2052
14113594663,        4096,          69, 11.7548828125  ,           12.0, 10.066210281898153 ,           2902,           2877,            1332,             140,        2739,     1357,                1537
14123594698,        4096,          76, 11.21044921875 ,           12.0,  8.927586733061041 ,           2900,           2863,            1304,              59,        2879,     1217,                1670
14133594928,        4096,          49,  9.66552734375 ,           11.0,  7.260495038113522 ,           2900,           2867,             814,              14,        3039,     1057,                1817
14143595376,        4096,          78, 10.15283203125 ,           11.0,  7.9619506400896505,           2893,           2864,             976,              19,        3177,      919,                1948
14153595930,        4096,          54,  9.333251953125,           11.0,  6.798762508821982 ,           2889,           2865,             626,               8,        3843,      253,                2609
14163596424,        4096,          64, 11.796630859375,           11.0, 10.23178155959491  ,           2918,           2898,            1064,             216,        3100,      996,                1891
14173597055,        4096,          94, 11.10888671875 ,           12.0,  9.716984321664818 ,           2886,           2858,            1262,              84,        2726,     1370,                1511
14183597227,        4096,          79, 10.338134765625,           12.0,  8.743087159773756 ,           2883,           2852,             949,              67,        3102,      994,                1882
14193687333,        4096,          82, 11.481689453125,           12.0,  9.458697049812049 ,           2901,           2874,            1203,              71,        3063,     1033,                1834
14203687389,        4096,          65, 10.22998046875 ,           10.5,  8.424256945140238 ,           2886,           2856,            1026,              62,        3033,     1063,                1799
14213687605,        4096,          73, 12.755126953125,           13.0, 10.59491826538974  ,           2887,           2861,            1607,             181,        2749,     1347,                1538
14223687903,        4096,         143, 11.01171875    ,           12.0,  8.634243200168063 ,           2893,           2870,            1302,              21,        3033,     1063,                1802
14233688125,        4096,          82, 11.568359375   ,           12.0,  9.760371829282407 ,           2884,           2856,            1183,             111,        3235,      861,                1998
14243688724,        4096,          61, 11.23388671875 ,           12.0,  9.408610798573951 ,           2896,           2874,            1108,             132,        3317,      779,                2100
14253689056,        4096,          74, 12.5           ,           12.0, 11.044985252083862 ,           2890,           2861,            1383,             243,        2919,     1177,                1694
14263689167,        4096,         102, 10.62451171875 ,           11.0,  8.759683523144197 ,           2896,           2867,            1132,              56,        2886,     1210,                1701
14273689785,        4096,          72, 10.508056640625,           12.0,  8.511506087161768 ,           2896,           2865,             939,              72,        3679,      417,                2459
14283690004,        4096,         103, 11.958251953125,           10.0, 12.126428124295593 ,           2925,           2893,             975,             325,        3323,      773,                2119
14293690190,        4096,          97, 12.92529296875 ,           12.0, 11.615431416201544 ,           2890,           2856,            1415,             275,        3147,      949,                1933
14303690521,        4096,          87, 12.785888671875,           13.0, 11.151973361463591 ,           2890,           2868,            1557,             210,        2951,     1145,                1723
14313690559,        4096,          72, 13.520751953125,           14.0, 11.318371189693838 ,           2895,           2874,            1770,             224,        2868,     1228,                1630
14323690642,        4096,          81, 12.5380859375  ,           13.0, 10.412043931734285 ,           2901,           2869,            1556,             167,        3213,      883,                2011
14333690653,        4096,         110, 12.012451171875,           12.0, 10.244643762849636 ,           2897,           2860,            1359,             159,        2994,     1102,                1774
14343692437,        4096,         108, 11.785400390625,           11.0, 10.389583676008442 ,           2939,           2906,            1257,             182,        3133,      963,                1927
14354060535,        4096,          86,  9.9716796875  ,           10.0,  8.621499443101525 ,           2921,           2895,             901,              59,        2976,     1120,                1773
14364060891,        4096,          72, 10.059326171875,           11.0,  8.521437003725115 ,           2895,           2865,             881,              79,        3151,      945,                1946
14374060976,        4096,          71, 10.635986328125,           11.0,  8.614042173237433 ,           2891,           2856,            1066,              52,        3064,     1032,                1827
14384061173,        4096,         105, 11.417236328125,           11.0, 10.213037670344105 ,           2903,           2867,            1156,             160,        2959,     1137,                1773
14394061490,        4096,          87, 10.362060546875,           10.0,  9.354431397459258 ,           2890,           2855,            1019,             103,        2981,     1115,                1824
14404061498,        4096,          79, 11.420166015625,           12.0,  9.373826675106534 ,           2891,           2854,            1331,              83,        2973,     1123,                1797
14414061685,        4096,          94, 12.02685546875 ,           13.0, 10.04150378753343  ,           2890,           2850,            1380,             133,        3122,      974,                1929
14424061967,        4096,          70, 12.299560546875,           12.0, 10.381909399317205 ,           2887,           2851,            1438,             171,        3108,      988,                1898
14434062186,        4096,          67, 12.21142578125 ,           12.0, 10.398867798119795 ,           2891,           2866,            1397,             168,        3364,      732,                2136
14444062758,        4096,          67, 11.9892578125  ,           12.0,  9.930809551864728 ,           2873,           2845,            1439,             129,        3133,      963,                1899
14454062982,        4096,          88, 11.791259765625,           12.5,  9.830801591753751 ,           2879,           2846,            1367,             132,        3249,      847,                2041
14464063038,        4096,          70, 13.06884765625 ,           13.0, 11.020583823587971 ,           2864,           2844,            1600,             248,        2933,     1163,                1697
14474242128,        4096,         105, 13.618896484375,           14.5, 11.206557805354562 ,           2907,           2889,            1859,             197,        3286,      810,                2066
14484242442,        4096,          94, 12.13232421875 ,           12.0, 10.640937957418613 ,           2891,           2863,            1300,             190,        3303,      793,                2093
14494242620,        4096,         104, 12.997314453125,           13.0, 10.81935036853937  ,           2893,           2871,            1600,             217,        2809,     1287,                1574
14504243205,        4096,          76, 12.471435546875,           14.0,  9.527210439552475 ,           2885,           2862,            1807,              64,        2674,     1422,                1442
14514243295,        4096,          72, 11.91259765625 ,           12.0,  9.32217814470186  ,           2923,           2896,            1486,              59,        2651,     1445,                1467
14524243464,        4096,          84, 11.473388671875,           13.0,  8.693302628300446 ,           2901,           2867,            1550,              25,        2800,     1296,                1595
14534243538,        4096,          91,  9.671142578125,           11.0,  7.635623187923349 ,           2900,           2870,             881,              14,        2774,     1322,                1555
14544243715,        4096,          98, 11.486328125   ,           12.0,  9.331294404707954 ,           2886,           2861,            1332,              55,        2777,     1319,                1554
14554243870,        4096,          82, 10.01318359375 ,           11.0,  8.021779558589593 ,           2877,           2860,             910,              39,        3687,      409,                2447
14564243921,        4096,          84, 13.5185546875  ,           13.0, 11.263865043739283 ,           2875,           2853,            1638,             194,        2637,     1459,                1401
14574244101,        4096,         106, 11.69775390625 ,           13.0,  9.14643003882186  ,           2920,           2897,            1561,              35,        2669,     1427,                1457
14584244275,        4096,          83, 12.2314453125  ,           13.0,  9.994390392481263 ,           2881,           2859,            1475,              86,        3055,     1041,                1848
14594244700,        4096,          99, 12.302734375   ,           13.0, 10.291771418441208 ,           2878,           2853,            1517,             160,        3093,     1003,                1881
14604244801,        4096,          91, 13.91064453125 ,           15.0, 11.460373472599157 ,           2886,           2860,            1881,             254,        3094,     1002,                1878
14614244908,        4096,          70, 14.741455078125,           15.0, 12.118446208476879 ,           2894,           2867,            2009,             331,        2998,     1098,                1769
14624245019,        4096,          77, 13.706298828125,           15.0, 11.10089643817175  ,           2882,           2852,            1841,             210,        3058,     1038,                1806
14634245530,        4096,          79, 12.353515625   ,           12.0, 10.984987418194017 ,           2900,           2864,            1381,             211,        3285,      811,                2113
14644246466,        4096,         105, 14.378173828125,           13.0, 13.444667499239104 ,           2954,           2930,            1564,             410,        3001,     1095,                1822
14654246585,        4096,          74, 11.014404296875,           11.0,  9.790058809864552 ,           2880,           2843,            1183,             126,        2844,     1252,                1666
14664247012,        4096,          92, 11.17724609375 ,           12.0,  9.528320750386731 ,           2883,           2860,            1148,             106,        3296,      800,                2075
14674247440,        4096,          71, 11.622802734375,           13.0,  9.282305156569677 ,           2872,           2853,            1355,              79,        3021,     1075,                1788
14684247669,        4096,          76, 11.620361328125,           14.0,  9.009173139122812 ,           2867,           2848,            1460,              54,        3479,      617,                2245
14694248011,        4096,          60, 14.27001953125 ,           15.0, 11.438709789143333 ,           2878,           2862,            1868,             251,        2658,     1438,                1454
14704248164,        4096,          95, 13.0341796875  ,           15.0, 10.180850193142634 ,           2870,           2858,            1974,              76,        2912,     1184,                1678
14714248168,        4096,          93, 13.938232421875,           15.0, 11.043408809134414 ,           2874,           2859,            1930,             218,        2859,     1237,                1656
14724248656,        4096,          67, 13.494873046875,           15.0, 10.65056543226     ,           2892,           2871,            1932,             187,        3254,      842,                2038
14734248726,        4096,          77, 14.05859375    ,           14.0, 11.62583936716876  ,           2883,           2856,            1848,             282,        2780,     1316,                1594
14744249280,        4096,         102, 12.212890625   ,           13.0,  9.616757318960852 ,           2895,           2869,            1544,              78,        2889,     1207,                1694
14754249779,        4096,          81, 10.906005859375,           12.0,  8.384684411452417 ,           2894,           2871,            1210,              35,        3774,      322,                2559
14764249874,        4096,         117, 13.544921875   ,           12.0, 12.704438877077433 ,           2877,           2848,            1324,             400,        2998,     1098,                1762
14774250002,        4096,          81, 12.9677734375  ,           13.0, 11.323390671191179 ,           2876,           2844,            1535,             228,        3191,      905,                1969
14784250058,        4096,         117, 10.84130859375 ,           11.0,  9.557607645879925 ,           2873,           2846,            1040,             105,        3130,      966,                1920
14794250156,        4096,         105, 13.76123046875 ,           13.0, 13.218662117379605 ,           2885,           2856,            1510,             367,        3021,     1075,                1830
14804250211,        4096,         107, 13.466552734375,           13.0, 12.560589656955688 ,           2873,           2857,            1522,             312,        3121,      975,                1903
14814250246,        4096,          99, 12.1005859375  ,           12.0, 10.559593703733457 ,           2879,           2855,            1418,             164,        3049,     1047,                1829
14824250250,        4096,         113, 13.25830078125 ,           14.0, 11.195688319902695 ,           2883,           2857,            1804,             191,        3036,     1060,                1802
14834250375,        4096,          83, 12.652099609375,           13.0, 10.609262724269673 ,           2875,           2850,            1534,             175,        3043,     1053,                1801
14844250384,        4096,          68, 13.248046875   ,           13.0, 11.30883038261706  ,           2875,           2852,            1653,             245,        3125,      971,                1881
14854250578,        4096,         114, 12.22119140625 ,           13.0,  9.977631239079301 ,           2920,           2905,            1464,             116,        3175,      921,                2003
14864250620,        4096,          83, 13.164306640625,           14.0, 11.197320471868327 ,           2863,           2846,            1615,             241,        3027,     1069,                1851
14874250848,        4096,          96, 13.379150390625,           14.0, 11.648185248812963 ,           2868,           2850,            1671,             233,        3187,      909,                1954
14884251060,        4096,          64, 13.308837890625,           14.0, 11.003287861666134 ,           2886,           2859,            1727,             211,        2650,     1446,                1437
14894251083,        4096,          54, 11.16650390625 ,           13.0,  8.540666225430162 ,           2869,           2842,            1353,              39,        3801,      295,                2563
14904251087,        4096,          83, 13.7646484375  ,           14.0, 11.746541224368082 ,           2868,           2844,            1631,             312,        2864,     1232,                1656
14914251251,        4096,          74, 13.229248046875,           14.0, 10.69153953360455  ,           2863,           2844,            1826,             149,        2988,     1108,                1763
14924251325,        4096,          66, 11.641845703125,           12.0,  9.317028938132852 ,           2963,           2949,            1276,             112,        3242,      854,                2083
14934251505,        4096,          80, 12.22802734375 ,           12.0, 11.202515046821063 ,           2879,           2851,            1282,             242,        3005,     1091,                1848
14944251713,        4096,         107, 13.88427734375 ,           14.0, 12.260669256226613 ,           2879,           2859,            1739,             293,        3134,      962,                1901
14954252063,        4096,          70, 13.93212890625 ,           15.0, 11.024621014557969 ,           2875,           2851,            2045,             182,        2738,     1358,                1505
14964252230,        4096,          76, 11.94384765625 ,           14.0,  8.966015003293904 ,           2896,           2872,            1593,              39,        3447,      649,                2217
14974252475,        4096,          98, 13.64697265625 ,           14.5, 10.791045396858676 ,           2892,           2867,            1859,             192,        2694,     1402,                1509
14984252506,        4096,          69, 12.7666015625  ,           15.0,  9.491372407053289 ,           2879,           2857,            1983,              43,        3340,      756,                2108
14994252700,        4096,          92, 14.142578125   ,           16.0, 11.133102895061263 ,           2874,           2853,            2143,             206,        3169,      927,                1931
15004253433,        4096,          77, 14.828857421875,           16.0, 11.976386975360212 ,           2871,           2849,            2110,             342,        3114,      982,                1877
15014253516,        4096,          91, 13.311767578125,           14.0, 11.219368811305968 ,           2870,           2844,            1639,             255,        2991,     1105,                1775
15024253620,        4096,         164, 15.073486328125,           15.0, 13.518387367774446 ,           2876,           2850,            1936,             401,        2643,     1453,                1425
15034253807,        4096,          85, 14.05908203125 ,           15.0, 11.120584865513296 ,           2873,           2854,            2014,             189,        2620,     1476,                1384
15044253942,        4096,         113, 14.960205078125,           16.0, 12.19887803646581  ,           2869,           2848,            2081,             319,        2816,     1280,                1587
15054254163,        4096,          75, 14.583251953125,           16.0, 11.5568357228439   ,           2876,           2855,            2118,             243,        3082,     1014,                1841
15064254390,        4096,          60, 14.93115234375 ,           16.0, 12.032067595605872 ,           2872,           2852,            2162,             327,        3190,      906,                1947
15074254561,        4096,         125, 15.739501953125,           15.0, 14.023531498500986 ,           2864,           2844,            2028,             505,        2875,     1221,                1659
15084254809,        4096,          95, 13.27490234375 ,           14.0, 11.28962703996021  ,           2864,           2840,            1725,             206,        3125,      971,                1916
15094254936,        4096,          91, 14.3759765625  ,           15.0, 12.129720771701658 ,           2861,           2840,            1936,             316,        3065,     1031,                1830
15104255217,        4096,          97, 15.646728515625,           15.0, 13.630462424252249 ,           2865,           2848,            2044,             455,        2861,     1235,                1632
15115011040,        4096,          96, 14.90576171875 ,           16.0, 12.065895976215238 ,           2938,           2922,            2123,             284,        3368,      728,                2184
15125011230,        4096,          93, 15.50927734375 ,           16.0, 13.302773437084198 ,           2865,           2846,            2054,             481,        2929,     1167,                1747
15135011249,        4096,         100, 14.01220703125 ,           15.0, 11.559262528688327 ,           2881,           2865,            1884,             239,        3312,      784,                2082
15145011431,        4096,         100, 13.1591796875  ,           14.0, 10.906677718642712 ,           2875,           2851,            1771,             184,        3312,      784,                2070
15155011557,        4096,          71, 12.292724609375,           14.0,  9.809041279283681 ,           2871,           2843,            1530,             128,        3327,      769,                2097
15165011753,        4096,         133, 17.368896484375,           16.0, 16.205811293504894 ,           2862,           2841,            2053,             730,        2819,     1277,                1578
15175011797,        4096,          92, 15.111083984375,           16.0, 12.607975611504425 ,           2873,           2856,            2066,             306,        3156,      940,                1913
15185011817,        4096,         116, 15.78515625    ,           17.0, 13.364673085950734 ,           2862,           2845,            2236,             464,        3115,      981,                1893
15195012723,        4096,         123, 15.689697265625,           16.0, 13.24298352349894  ,           2878,           2864,            2193,             419,        3275,      821,                2055
15205012774,        4096,          87, 15.16064453125 ,           15.0, 13.12939189817371  ,           2886,           2857,            1968,             423,        2939,     1157,                1719
15215012847,        4096,          85, 13.534912109375,           14.0, 11.028981348343962 ,           2887,           2865,            1801,             191,        2953,     1143,                1714
15225013013,        4096,         117, 14.572509765625,           14.0, 13.744800726870833 ,           2873,           2850,            1673,             404,        2977,     1119,                1760
15235013418,        4096,         107, 14.8173828125  ,           15.0, 13.121627192599993 ,           2876,           2851,            1919,             383,        2849,     1247,                1664
15245013510,        4096,         111, 14.70263671875 ,           16.0, 12.011670467620823 ,           2875,           2857,            2104,             289,        3218,      878,                1997
15255013513,        4096,         106, 15.1826171875  ,           16.0, 12.442341652863403 ,           2871,           2852,            2152,             364,        3106,      990,                1872
15265013746,        4096,          78, 15.12646484375 ,           16.0, 12.556400991607639 ,           2869,           2852,            2110,             360,        3246,      850,                2005
15275013853,        4096,          76, 15.4697265625  ,           17.0, 12.837858347733937 ,           2863,           2838,            2242,             384,        3088,     1008,                1851
15285014021,        4096,          98, 15.89892578125 ,           16.0, 13.638541107228225 ,           2865,           2841,            2194,             459,        3088,     1008,                1863
15295014023,        4096,         100, 14.055419921875,           14.0, 12.299529372007873 ,           2862,           2840,            1813,             303,        3329,      767,                2122
15305014336,        4096,         139, 17.632568359375,           16.0, 16.38167814221402  ,           2858,           2846,            2170,             709,        2595,     1501,                1369
15315015508,        4096,          59, 13.494384765625,           15.0, 10.593817648770104 ,           2871,           2854,            2006,             142,        3121,      975,                1932
15325015734,        4096,          82, 14.146728515625,           15.0, 11.772344281549342 ,           2875,           2858,            1956,             295,        3107,      989,                1886
15335015900,        4096,          78, 14.404541015625,           15.0, 12.183078880964453 ,           2861,           2840,            1946,             319,        3120,      976,                1914
15345016143,        4096,          97, 12.861083984375,           13.0, 11.389477788455794 ,           2864,           2841,            1497,             223,        3060,     1036,                1874
15355016364,        4096,         121, 14.284423828125,           14.0, 13.129906507011759 ,           2856,           2843,            1747,             335,        2903,     1193,                1697
15365016700,        4096,          90, 14.1181640625  ,           15.0, 11.801114807162648 ,           2849,           2837,            1993,             253,        3263,      833,                2042
15375016717,        4096,         119, 16.5341796875  ,           16.0, 14.728742087079684 ,           2865,           2854,            2166,             589,        3051,     1045,                1825
15385016870,        4096,          79, 15.392822265625,           16.0, 12.533421618397119 ,           2868,           2853,            2236,             384,        3355,      741,                2116
15395017006,        4096,          88, 17.06103515625 ,           18.0, 14.224541585002012 ,           2863,           2844,            2387,             630,        3036,     1060,                1792
15405017098,        4096,          84, 15.138427734375,           16.0, 12.564215051953337 ,           2856,           2838,            2149,             335,        2990,     1106,                1759
15415017113,        4096,          80, 14.992431640625,           16.0, 12.181576739509602 ,           2858,           2839,            2200,             337,        3168,      928,                1935
15425017258,        4096,          87, 15.27880859375 ,           15.0, 13.45313044956642  ,           2854,           2835,            2037,             442,        3084,     1012,                1836
15435017368,        4096,          62, 14.100341796875,           15.0, 11.546988746072497 ,           2860,           2843,            1892,             284,        3028,     1068,                1815
15445017504,        4096,         121, 16.988525390625,           16.0, 15.988402632031903 ,           2857,           2849,            2065,             610,        2954,     1142,                1722
15455017521,        4096,          94, 15.70849609375 ,           16.0, 13.216440625841399 ,           2870,           2853,            2185,             429,        3197,      899,                1989
15465017785,        4096,         108, 16.768310546875,           16.0, 15.175094009607836 ,           2868,           2851,            2154,             590,        2858,     1238,                1628
15475018009,        4096,          92, 16.42041015625 ,           17.0, 13.523724575510693 ,           2858,           2846,            2326,             481,        2858,     1238,                1617
15485018530,        4096,          78, 15.91796875    ,           17.0, 13.151019943773314 ,           2860,           2841,            2249,             460,        3026,     1070,                1807
15495019045,        4096,          93, 17.337158203125,           18.0, 14.728345668911377 ,           2861,           2838,            2298,             655,        2619,     1477,                1400
15505019151,        4096,         126, 14.55517578125 ,           16.0, 11.710116927070517 ,           2856,           2838,            2104,             273,        3096,     1000,                1867
15515019175,        4096,          80, 14.702880859375,           15.0, 12.445775022850095 ,           2861,           2851,            1955,             398,        3082,     1014,                1892
15525019195,        4096,          87, 15.55078125    ,           16.0, 13.263346733654686 ,           2858,           2848,            2151,             419,        3129,      967,                1905
15535019267,        4096,          93, 14.705810546875,           16.0, 12.426723716704053 ,           2862,           2847,            2083,             325,        3508,      588,                2269
15545019325,        4096,         139, 17.73388671875 ,           17.0, 16.41583006400506  ,           2864,           2849,            2275,             682,        3056,     1040,                1816
15555019455,        4096,         105, 16.536865234375,           17.0, 14.609136306118321 ,           2862,           2846,            2243,             506,        3086,     1010,                1859
15565019618,        4096,         122, 18.848876953125,           17.0, 18.447967465864043 ,           2868,           2847,            2180,             794,        2840,     1256,                1653
15575019849,        4096,         110, 16.022216796875,           17.0, 13.330048020996085 ,           2863,           2842,            2258,             429,        3008,     1088,                1801
15585020028,        4096,         117, 16.725830078125,           17.0, 14.667715291399817 ,           2864,           2846,            2305,             570,        3099,      997,                1874
15595020123,        4096,         110, 16.83203125    ,           17.0, 14.732365298222598 ,           2856,           2838,            2288,             552,        2959,     1137,                1724
15605020456,        4096,         116, 16.379150390625,           17.0, 14.13512651595004  ,           2856,           2838,            2265,             490,        3153,      943,                1906
15615020476,        4096,         108, 15.51025390625 ,           15.0, 14.007562561698828 ,           2866,           2851,            2025,             441,        3159,      937,                1959
15625020841,        4096,         104, 16.360595703125,           16.0, 14.27458474236686  ,           2859,           2845,            2191,             543,        2888,     1208,                1674
15635021075,        4096,         111, 16.185546875   ,           16.0, 14.086914434846182 ,           2862,           2848,            2201,             479,        3107,      989,                1886
15645021192,        4096,         113, 16.61572265625 ,           17.0, 14.472134015214564 ,           2860,           2848,            2232,             568,        3135,      961,                1887
15655021605,        4096,         181, 16.7021484375  ,           17.0, 15.040380389445485 ,           2856,           2844,            2238,             539,        3012,     1084,                1775
15665021725,        4096,         122, 17.344482421875,           17.0, 15.267671428393857 ,           2868,           2856,            2325,             609,        3015,     1081,                1792
15675021784,        4096,         108, 15.53466796875 ,           16.0, 13.183714255453307 ,           2865,           2845,            2191,             390,        3200,      896,                1959
15685022138,        4096,         120, 16.096923828125,           17.0, 13.761487754769345 ,           2866,           2847,            2241,             476,        3098,      998,                1846
15696174515,        4096,         124, 16.6953125     ,           16.0, 14.23431282574237  ,           3014,           2994,            2168,             509,        3055,     1041,                1942
15706174622,        4096,          92, 15.6171875     ,           16.0, 13.88922544622607  ,           2868,           2847,            2077,             442,        3105,      991,                1988
15716174770,        4096,         158, 15.5263671875  ,           16.0, 13.906225002995003 ,           2869,           2839,            2090,             418,        3066,     1030,                1867
15726174821,        4096,         139, 17.107177734375,           17.0, 16.010860182783098 ,           2858,           2837,            2257,             572,        3032,     1064,                1812
15736175072,        4096,         113, 16.190185546875,           17.0, 14.08833430332113  ,           2856,           2840,            2226,             477,        3097,      999,                1875
15746175145,        4096,         123, 16.533447265625,           17.0, 14.658560399956478 ,           2862,           2846,            2217,             518,        3107,      989,                1887
15756175357,        4096,         134, 16.969970703125,           16.0, 15.890704172587954 ,           2861,           2846,            2222,             571,        3069,     1027,                1870
15766175433,        4096,         190, 16.323486328125,           16.0, 14.984484004876217 ,           2862,           2841,            2199,             472,        3281,      815,                2053
15776175625,        4096,         105, 16.26123046875 ,           16.0, 15.024381904456058 ,           2855,           2832,            2106,             530,        3107,      989,                1925
15786175677,        4096,         136, 16.0           ,           15.0, 15.448139678655485 ,           2857,           2842,            1930,             511,        3168,      928,                1960
15796175888,        4096,          96, 15.443359375   ,           15.0, 14.116570176864833 ,           2854,           2838,            1966,             442,        3055,     1041,                1837
15806175929,        4096,         113, 16.247802734375,           16.0, 14.645564136726222 ,           2862,           2844,            2096,             524,        2951,     1145,                1747
15816175987,        4096,         206, 17.485595703125,           17.0, 16.62724043693004  ,           2860,           2844,            2316,             592,        3301,      795,                2068
15826176153,        4096,         119, 16.096923828125,           17.0, 13.852728123899155 ,           2864,           2843,            2227,             479,        3024,     1072,                1808
15836176471,        4096,         107, 16.3232421875  ,           17.0, 13.977556187982941 ,           2869,           2849,            2280,             486,        3093,     1003,                1864
15846176727,        4096,         107, 15.087890625   ,           16.0, 12.915802678571206 ,           2867,           2856,            2094,             350,        3312,      784,                2082
15856176846,        4096,         124, 16.18408203125 ,           16.0, 14.803639904792702 ,           2850,           2840,            2124,             512,        3089,     1007,                1871
15866333065,        4096,         153, 17.897216796875,           17.0, 16.392313487501706 ,           2902,           2889,            2291,             634,        3094,     1002,                1881
15876333085,        4096,         148, 15.991943359375,           16.0, 14.553919935232804 ,           2861,           2841,            2101,             475,        3085,     1011,                1903
15886333370,        4096,         156, 16.104736328125,           16.0, 14.911507099332578 ,           2852,           2835,            2097,             494,        3033,     1063,                1825
15896333389,        4096,         110, 15.94189453125 ,           16.0, 14.103033345197456 ,           2851,           2836,            2157,             456,        3141,      955,                1910
15906333495,        4096,         121, 16.263427734375,           16.5, 14.576280710263063 ,           2851,           2841,            2202,             503,        3085,     1011,                1878
15916333505,        4096,         152, 17.079833984375,           17.0, 15.419356860390248 ,           2845,           2832,            2310,             577,        3087,     1009,                1863
15926333763,        4096,         310, 16.34326171875 ,           16.0, 15.71122594233788  ,           2849,           2834,            2180,             490,        3212,      884,                1979
15936334882,        4096,         169, 17.301513671875,           17.0, 15.978872698310024 ,           2853,           2837,            2324,             598,        3150,      946,                1902
15946335005,        4096,         159, 17.558349609375,           17.0, 16.377445356856967 ,           2861,           2848,            2269,             627,        3111,      985,                1876
15956335168,        4096,         292, 17.409423828125,           16.0, 17.44630711338616  ,           2861,           2843,            2182,             615,        3103,      993,                1891
15966335168,        4096,         117, 16.680419921875,           17.0, 14.940365422716093 ,           2856,           2839,            2277,             509,        3163,      933,                1936
15976576593,        4096,         171, 17.31982421875 ,           16.0, 16.48633008454583  ,           2894,           2877,            2211,             618,        3129,      967,                1908
15986576685,        4096,         159, 17.04296875    ,           16.0, 15.85330423757216  ,           2858,           2837,            2190,             587,        3132,      964,                1909
15996576690,        4096,          96, 16.400146484375,           17.0, 14.27731038310148  ,           2852,           2835,            2210,             530,        2997,     1099,                1764
16006576791,        4096,         161, 16.91357421875 ,           17.0, 15.15904778681977  ,           2855,           2838,            2288,             554,        3082,     1014,                1839
16016577037,        4096,         231, 18.41943359375 ,           18.0, 17.27741688025684  ,           2863,           2843,            2394,             702,        2941,     1155,                1696
16026577043,        4096,         126, 16.974853515625,           18.0, 14.528565023384056 ,           2864,           2848,            2412,             518,        3348,      748,                2099
16036577090,        4096,         173, 17.34619140625 ,           17.0, 15.796690316257347 ,           2866,           2845,            2373,             617,        3237,      859,                1992
16047573310,        4096,         114, 18.306640625   ,           17.0, 16.143270742854423 ,           2991,           2965,            2387,             673,        3101,      995,                1963
16057573386,        4096,         149, 17.33056640625 ,           17.0, 15.62100271592893  ,           2874,           2854,            2343,             599,        3106,      990,                1964
16067573539,        4096,         142, 18.385009765625,           19.0, 16.562882068113883 ,           2867,           2853,            2446,             721,        3086,     1010,                1870
16077573700,        4096,         121, 17.790771484375,           18.0, 15.766636884974055 ,           2863,           2850,            2418,             633,        3105,      991,                1880
16087573729,        4096,         153, 17.077880859375,           17.0, 15.840869406573555 ,           2861,           2839,            2288,             576,        3172,      924,                1943
16097573978,        4096,         165, 19.0341796875  ,           17.0, 18.89281040168356  ,           2850,           2836,            2312,             765,        2992,     1104,                1746
16107574042,        4096,         174, 17.5986328125  ,           18.0, 15.49738631207851  ,           2854,           2846,            2372,             619,        2970,     1126,                1753
16117574108,        4096,         131, 17.211669921875,           18.0, 14.952737081711778 ,           2853,           2845,            2399,             586,        3133,      963,                1899
16127574455,        4096,         146, 17.931884765625,           18.0, 16.712221241668356 ,           2844,           2837,            2356,             669,        3079,     1017,                1863
16137574657,        4096,         103, 16.5712890625  ,           17.0, 14.557077044802568 ,           2864,           2851,            2252,             517,        3166,      930,                1956
16147574956,        4096,         108, 16.943115234375,           18.0, 14.811937504562486 ,           2868,           2856,            2362,             555,        3155,      941,                1923
16158638545,        4096,         139, 16.46240234375 ,           16.0, 14.722947666100852 ,           2990,           2968,            2087,             514,        3231,      865,                2101
16168639006,        4096,         160, 17.0849609375  ,           17.0, 16.1780289739773   ,           2862,           2842,            2199,             581,        2822,     1274,                1696
16178639013,        4096,         108, 16.118896484375,           17.0, 13.870257999957257 ,           2853,           2834,            2240,             461,        2952,     1144,                1749
16188639075,        4096,         126, 17.14892578125 ,           18.0, 15.007787328139983 ,           2861,           2839,            2350,             607,        3072,     1024,                1854
16198639160,        4096,         172, 18.482666015625,           18.0, 17.168332844454806 ,           2853,           2833,            2398,             715,        3071,     1025,                1850
16208639167,        4096,          96, 15.53076171875 ,           16.0, 13.253169985107697 ,           2861,           2841,            2177,             407,        3219,      877,                2055
16218639428,        4096,         103, 15.836181640625,           17.0, 13.457806947716508 ,           2855,           2840,            2254,             445,        3282,      814,                2085
16228639640,        4096,         110, 15.647216796875,           16.0, 14.125822952653692 ,           2852,           2836,            2086,             463,        3328,      768,                2099
16238639771,        4096,         196, 18.354248046875,           17.0, 17.499072143956955 ,           2872,           2845,            2285,             738,        3022,     1074,                1794
16248639943,        4096,         124, 15.741455078125,           16.0, 13.607385411110307 ,           2856,           2835,            2159,             432,        2981,     1115,                1756
16258640035,        4096,         160, 20.75048828125 ,           19.0, 20.171076178893045 ,           2861,           2844,            2441,             947,        2728,     1368,                1488
16268640218,        4096,          82, 16.654052734375,           18.0, 13.759006218838321 ,           2861,           2835,            2391,             497,        3341,      755,                2097
16278640438,        4096,         104, 18.273681640625,           19.0, 15.633389957482343 ,           2866,           2845,            2486,             769,        3097,      999,                1854
16288640624,        4096,         109, 17.596923828125,           18.0, 15.330151825415546 ,           2868,           2856,            2363,             627,        3140,      956,                1897
16298640720,        4096,          99, 17.318359375   ,           18.0, 15.056005953675085 ,           2846,           2840,            2347,             625,        3090,     1006,                1848
16308640943,        4096,         121, 17.056396484375,           17.0, 15.577584089876554 ,           2851,           2840,            2209,             608,        2986,     1110,                1810
16318640957,        4096,         114, 16.76513671875 ,           17.0, 15.154623475250729 ,           2851,           2836,            2221,             556,        2991,     1105,                1778
16329085508,        4096,         134, 17.79833984375 ,           18.0, 15.860502028234517 ,           2899,           2882,            2366,             634,        3117,      979,                1913
16339085621,        4096,         136, 16.590087890625,           17.0, 15.005376295372027 ,           2868,           2839,            2240,             524,        3150,      946,                1936
16349085749,        4096,         163, 19.43310546875 ,           18.0, 18.242598502452683 ,           2863,           2836,            2377,             867,        2707,     1389,                1482
16359086346,        4096,         108, 17.26611328125 ,           18.0, 14.436501728571308 ,           2874,           2854,            2411,             573,        3118,      978,                1879
16369086579,        4096,         112, 16.874267578125,           17.0, 14.688432880968428 ,           2856,           2837,            2306,             602,        3039,     1057,                1845
16379086690,        4096,         109, 16.778076171875,           17.0, 14.976489316137656 ,           2853,           2839,            2256,             540,        3202,      894,                1993
16389086713,        4096,         169, 19.735107421875,           19.0, 18.523169557008305 ,           2854,           2839,            2424,             891,        2591,     1505,                1359
16399086870,        4096,          86, 17.049560546875,           19.0, 13.881165395476291 ,           2850,           2833,            2456,             509,        3309,      787,                2067
16409086880,        4096,          94, 17.6962890625  ,           19.0, 14.944478818829477 ,           2862,           2848,            2473,             688,        3118,      978,                1878
16419087053,        4096,         101, 17.9560546875  ,           19.0, 15.417672060926035 ,           2845,           2834,            2461,             697,        3099,      997,                1848
16429087225,        4096,         103, 18.665283203125,           19.0, 16.21290916678018  ,           2853,           2840,            2481,             767,        3138,      958,                1891
16439087505,        4096,         152, 17.72021484375 ,           18.0, 15.420912189826584 ,           2856,           2845,            2443,             657,        3248,      848,                1998
16449087938,        4096,         118, 18.236328125   ,           18.0, 16.42284305524881  ,           2849,           2836,            2438,             693,        3153,      943,                1904
16459087975,        4096,         133, 19.344970703125,           18.0, 18.437285197348345 ,           2847,           2835,            2378,             826,        3041,     1055,                1815
16469088158,        4096,         144, 17.497314453125,           18.0, 15.114746415143324 ,           2839,           2831,            2420,             611,        3303,      793,                2065
16479088184,        4096,         126, 18.918701171875,           18.0, 17.146669737260076 ,           2845,           2839,            2378,             836,        2844,     1252,                1659
16489088435,        4096,         134, 18.158447265625,           19.0, 15.911192808001259 ,           2855,           2846,            2437,             695,        2915,     1181,                1717
16499088862,        4096,         156, 16.546142578125,           17.0, 14.31807068729003  ,           2853,           2836,            2312,             541,        3041,     1055,                1818
16509088866,        4096,         114, 17.6484375     ,           18.0, 15.619856575320842 ,           2853,           2838,            2390,             649,        3064,     1032,                1825
16519088873,        4096,         168, 17.45751953125 ,           18.0, 15.36895371775596  ,           2855,           2841,            2388,             641,        3112,      984,                1867
16529088958,        4096,         177, 17.395751953125,           18.0, 15.842174216540567 ,           2856,           2843,            2370,             604,        3120,      976,                1883
16539089088,        4096,         104, 16.64892578125 ,           17.0, 14.979846122763714 ,           2863,           2843,            2247,             554,        3236,      860,                2028
16549089093,        4096,         128, 17.8720703125  ,           17.0, 16.766076159206307 ,           2861,           2840,            2334,             666,        3094,     1002,                1865
16559089222,        4096,         131, 17.80126953125 ,           18.0, 16.10300275125855  ,           2852,           2837,            2375,             677,        3070,     1026,                1832
16569089363,        4096,         182, 18.525146484375,           18.0, 18.040748486012813 ,           2855,           2830,            2337,             743,        3062,     1034,                1820
16579090152,        4096,         148, 17.609375      ,           18.0, 15.898120773872144 ,           2881,           2858,            2362,             608,        3117,      979,                1888
