vpn,itlb_hit,dtlb_hit,stlb_hit,stlb_ptw
10,0,478,0,1
100004,0,407,0,1
100005,0,498,0,1
100006,0,494,0,1
100007,0,490,0,1
100008,0,493,0,1
100009,0,494,0,1
100010,0,116,0,1
1000195,0,238,0,1
1000196,0,494,0,1
1000197,0,209,0,1
1000234,0,303,0,1
1000354,0,320,0,1
1000401,0,484,0,1
1000402,0,497,0,1
1000403,0,499,0,1
1000404,0,494,0,1
1000405,0,493,0,1
1000406,0,493,0,1
1000407,0,493,0,1
1000408,0,489,0,1
1000409,0,494,0,1
1000410,0,496,0,1
1000411,0,498,0,1
1000412,0,493,0,1
1000413,0,500,0,1
1000414,0,501,0,1
1000415,0,496,0,1
1000416,0,503,0,1
1000417,0,497,0,1
1000418,0,206,0,1
1000443,0,250,0,1
1000444,0,496,0,1
1000445,0,199,0,1
1000532,0,389,0,1
1000533,0,498,0,1
1000534,0,492,0,1
1000535,0,497,0,1
1000536,0,492,0,1
1000537,0,492,0,1
1000569,0,301,0,1
1000570,0,26,0,1
1000594,0,0,0,1
1000755,0,426,0,1
1000756,0,490,0,1
1000757,0,501,0,1
1000758,0,492,0,1
1000759,0,496,0,1
1000760,0,495,0,1
1000761,0,495,0,1
1000762,0,494,0,1
1000763,0,500,0,1
1000764,0,500,0,1
1000765,0,495,0,1
1000766,0,501,0,1
1000767,0,497,0,1
1000768,0,495,0,1
1000769,0,494,0,1
1000770,0,494,0,1
1000771,0,490,0,1
1000772,0,377,0,1
1000830,0,213,0,1
1000831,0,494,0,1
1000832,0,494,0,1
1000833,0,498,0,1
1000834,0,494,0,1
1000835,0,489,0,1
1000836,0,193,0,1
100085,0,81,0,1
1000876,0,313,0,1
1000900,0,36,0,1
1000901,0,54,0,1
1000905,0,0,0,1
1000910,0,100,0,1
1000911,0,179,0,1
100102,0,25,0,1
1001031,0,144,0,1
1001032,0,493,0,1
1001033,0,498,0,1
1001034,0,496,0,1
1001035,0,504,0,1
1001036,0,494,0,1
1001037,0,372,0,1
1001051,0,329,0,1
100118,0,85,0,1
1001190,0,440,0,1
1001191,0,495,0,1
1001192,0,497,0,1
1001193,0,496,0,1
1001194,0,495,0,1
1001195,0,497,0,1
1001196,0,499,0,1
1001197,0,500,0,1
1001198,0,493,0,1
1001199,0,496,0,1
1001200,0,498,0,1
1001201,0,492,0,1
1001202,0,496,0,1
1001203,0,500,0,1
1001204,0,500,0,1
1001205,0,496,0,1
1001206,0,494,0,1
1001207,0,408,0,1
1001323,0,165,0,1
1001324,0,499,0,1
1001325,0,497,0,1
1001326,0,488,0,1
1001327,0,494,0,1
1001328,0,497,0,1
1001329,0,237,0,1
1001390,0,2,0,1
1001391,0,491,0,1
1001392,0,498,0,1
1001393,0,491,0,1
1001394,0,493,0,1
1001395,0,490,0,1
1001396,0,381,0,1
100140,0,84,0,1
1001432,0,73,0,1
1001433,0,504,0,1
1001434,0,503,0,1
1001435,0,505,0,1
1001436,0,499,0,1
1001437,0,503,0,1
1001438,0,409,0,1
1001469,0,297,0,1
1001591,0,29,0,1
1001596,0,39,0,1
1001597,0,494,0,1
1001598,0,388,0,1
100161,0,91,0,1
1001636,0,2,0,1
1001694,0,15,0,1
1001695,0,273,0,1
100170,0,94,0,1
1001731,0,294,0,1
1001732,0,499,0,1
1001733,0,506,0,1
1001734,0,496,0,1
1001735,0,492,0,1
1001736,0,497,0,1
1001737,0,498,0,1
1001738,0,504,0,1
1001739,0,499,0,1
1001740,0,501,0,1
1001741,0,502,0,1
1001742,0,496,0,1
1001743,0,501,0,1
1001744,0,495,0,1
1001745,0,500,0,1
1001746,0,501,0,1
1001747,0,498,0,1
1001748,0,501,0,1
1001749,0,63,0,1
1001767,0,133,0,1
1001768,0,495,0,1
1001769,0,325,0,1
100177,0,363,1,1
100178,0,491,0,1
1001781,0,192,0,1
1001782,0,496,0,1
1001783,0,492,0,1
1001784,0,500,0,1
1001785,0,492,0,1
1001786,0,492,0,1
1001787,0,250,0,1
1001788,0,9,0,1
1001789,0,66,0,1
100179,0,488,0,1
100180,0,497,0,1
100181,0,497,0,1
100182,0,502,0,1
100183,0,495,0,1
100184,0,502,0,1
100185,0,497,0,1
100186,0,495,0,1
100187,0,502,0,1
1001877,0,136,0,1
1001878,0,496,0,1
1001879,0,493,0,1
100188,0,495,0,1
1001880,0,495,0,1
1001881,0,486,0,1
1001882,0,492,0,1
1001883,0,383,0,1
100189,0,496,0,1
100190,0,495,0,1
100191,0,498,0,1
100192,0,499,0,1
1001920,0,303,0,1
1001921,0,497,0,1
1001922,0,493,0,1
1001923,0,486,0,1
1001924,0,501,0,1
1001925,0,499,0,1
1001926,0,501,0,1
1001927,0,497,0,1
1001928,0,491,0,1
1001929,0,497,0,1
100193,0,494,1,1
1001930,0,494,0,1
1001931,0,499,0,1
1001932,0,495,0,1
1001933,0,498,0,1
1001934,0,505,0,1
1001935,0,492,0,1
1001936,0,502,0,1
1001937,0,503,0,1
1001938,0,501,0,1
1001939,0,499,0,1
100194,0,492,0,1
1001940,0,505,0,1
1001941,0,503,0,1
1001942,0,487,0,1
1001943,0,493,0,1
1001944,0,495,0,1
1001945,0,497,0,1
1001946,0,495,0,1
1001947,0,494,0,1
1001948,0,500,0,1
1001949,0,497,0,1
1001950,0,491,0,1
1001951,0,503,0,1
1001952,0,501,0,1
1001953,0,498,0,1
1001954,0,495,0,1
1001955,0,498,0,1
1001956,0,498,0,1
1001957,0,497,0,1
1001958,0,501,0,1
1001959,0,501,0,1
1001960,0,495,0,1
1001961,0,496,0,1
1001962,0,497,0,1
1001963,0,492,0,1
1001964,0,497,0,1
1001965,0,503,0,1
1001966,0,499,0,1
1001967,0,498,0,1
1001968,0,496,0,1
1001969,0,501,0,1
1001970,0,373,0,1
1001974,0,322,0,1
1002067,0,91,0,1
1002176,0,246,0,1
1002177,0,498,0,1
1002178,0,203,0,1
1002208,0,83,0,1
1002303,0,431,0,1
1002304,0,501,0,1
1002305,0,500,0,1
1002306,0,501,0,1
1002307,0,502,0,1
1002308,0,492,0,1
1002309,0,93,0,1
1002420,0,77,0,1
1002421,0,502,0,1
1002422,0,495,0,1
1002423,0,496,0,1
1002424,0,498,0,1
1002425,0,494,0,1
1002426,0,498,0,1
1002427,0,505,0,1
1002428,0,497,0,1
1002429,0,497,0,1
1002430,0,498,0,1
1002431,0,497,0,1
1002432,0,498,0,1
1002433,0,500,0,1
1002434,0,500,0,1
1002435,0,503,0,1
1002436,0,503,0,1
1002437,0,503,0,1
1002438,0,501,0,1
1002439,0,501,0,1
1002440,0,502,0,1
1002441,0,503,0,1
1002442,0,499,0,1
1002443,0,499,0,1
1002444,0,501,0,1
1002445,0,498,0,1
1002446,0,501,0,1
1002447,0,497,0,1
1002448,0,500,0,1
1002449,0,502,0,1
1002450,0,503,0,1
1002451,0,493,0,1
1002452,0,495,0,1
1002453,0,501,0,1
1002454,0,498,0,1
1002455,0,496,0,1
1002456,0,503,0,1
1002457,0,503,0,1
1002458,0,496,0,1
1002459,0,494,0,1
1002460,0,497,0,1
1002461,0,501,0,1
1002462,0,497,0,1
1002463,0,500,0,1
1002464,0,499,0,1
1002465,0,498,0,1
1002466,0,499,0,1
1002467,0,501,0,1
1002468,0,501,0,1
1002469,0,497,0,1
1002470,0,425,0,1
1002477,0,417,0,1
1002478,0,496,0,1
1002479,0,497,0,1
1002480,0,499,0,1
1002481,0,494,0,1
1002482,0,496,0,1
1002483,0,496,0,1
1002484,0,493,0,1
1002485,0,496,0,1
1002486,0,495,0,1
1002487,0,497,0,1
1002488,0,499,0,1
1002489,0,495,0,1
1002490,0,499,0,1
1002491,0,497,0,1
1002492,0,496,0,1
1002493,0,497,0,1
1002494,0,498,0,1
1002495,0,8,0,1
1002578,0,160,0,1
1002579,0,493,0,1
1002580,0,494,0,1
1002581,0,490,0,1
1002582,0,499,0,1
1002583,0,500,0,1
1002584,0,494,0,1
1002585,0,501,0,1
1002586,0,496,0,1
1002587,0,497,0,1
1002588,0,498,0,1
1002589,0,502,0,1
1002590,0,500,0,1
1002591,0,498,0,1
1002592,0,495,0,1
1002593,0,499,0,1
1002594,0,493,0,1
1002595,0,499,0,1
1002596,0,43,0,1
1002601,0,61,0,1
1002602,0,234,0,1
1002703,0,78,0,1
1002704,0,497,1,1
1002705,0,499,1,1
1002706,0,499,0,1
1002707,0,500,0,1
1002708,0,498,0,1
1002709,0,496,0,1
1002710,0,500,0,1
1002711,0,494,0,1
1002712,0,500,0,1
1002713,0,500,0,1
1002714,0,497,0,1
1002715,0,503,0,1
1002716,0,503,0,1
1002717,0,502,0,1
1002718,0,497,0,1
1002719,0,500,0,1
1002720,0,497,0,1
1002721,0,497,0,1
1002722,0,498,0,1
1002723,0,499,0,1
1002724,0,503,0,1
1002725,0,497,0,1
1002726,0,494,0,1
1002727,0,496,0,1
1002728,0,501,0,1
1002729,0,498,0,1
1002730,0,501,0,1
1002731,0,500,0,1
1002732,0,504,0,1
1002733,0,500,0,1
1002734,0,496,0,1
1002735,0,505,0,1
1002736,0,503,0,1
1002737,0,500,1,1
1002738,0,505,0,1
1002739,0,490,0,1
1002740,0,501,0,1
1002741,0,499,0,1
1002742,0,502,0,1
1002743,0,500,0,1
1002744,0,500,0,1
1002745,0,500,0,1
1002746,0,498,0,1
1002747,0,503,0,1
1002748,0,499,0,1
1002749,0,503,0,1
1002750,0,499,0,1
1002751,0,505,0,1
1002752,0,505,0,1
1002753,0,359,0,1
1002956,0,283,0,1
1003001,0,101,0,1
1003038,0,185,0,1
1003039,0,500,0,1
1003040,0,498,0,1
1003041,0,500,1,1
1003042,0,502,0,1
1003043,0,501,0,1
1003044,0,501,0,1
1003045,0,503,0,1
1003046,0,502,0,1
1003047,0,504,0,1
1003048,0,501,0,1
1003049,0,502,0,1
1003050,0,500,0,1
1003051,0,503,0,1
1003052,0,501,0,1
1003053,0,503,0,1
1003054,0,503,0,1
1003055,0,507,0,1
1003056,0,55,0,1
1003122,0,173,0,1
1003123,0,497,0,1
1003124,0,277,0,1
1003176,0,295,0,1
1003177,0,490,0,1
1003178,0,141,0,1
1003200,0,213,0,1
1003201,0,501,0,1
1003202,0,230,0,1
1003311,0,287,0,1
1003330,0,80,0,1
1003331,0,211,0,1
1003464,0,474,0,1
1003465,0,446,0,1
10035,0,298,0,1
1003615,0,117,0,1
1003616,0,498,0,1
1003617,0,502,0,1
1003618,0,493,0,1
1003619,0,502,0,1
1003620,0,496,0,1
1003621,0,498,0,1
1003622,0,494,0,1
1003623,0,498,0,1
1003624,0,502,0,1
1003625,0,496,0,1
1003626,0,503,0,1
1003627,0,499,0,1
1003628,0,498,0,1
1003629,0,497,0,1
1003630,0,498,0,1
1003631,0,499,0,1
1003632,0,496,0,1
1003633,0,3,0,1
1003668,0,97,0,1
1003720,0,433,0,1
1003721,0,498,0,1
1003722,0,27,0,1
1003771,0,275,0,1
1003772,0,7,0,1
1003823,0,0,0,1
1003938,0,333,0,1
1003939,0,496,0,1
1003940,0,110,0,1
1003953,0,405,0,1
1003954,0,500,0,1
1003955,0,502,0,1
1003956,0,495,0,1
1003957,0,494,0,1
1003958,0,500,0,1
1003959,0,502,0,1
1003960,0,502,0,1
1003961,0,499,0,1
1003962,0,497,0,1
1003963,0,502,0,1
1003964,0,504,0,1
1003965,0,500,0,1
1003966,0,494,0,1
1003967,0,505,0,1
1003968,0,499,0,1
1003969,0,502,0,1
1003970,0,499,0,1
1003971,0,500,0,1
1003972,0,504,0,1
1003973,0,497,0,1
1003974,0,502,0,1
1003975,0,500,0,1
1003976,0,501,0,1
1003977,0,501,0,1
1003978,0,504,0,1
1003979,0,503,0,1
1003980,0,500,0,1
1003981,0,502,0,1
1003982,0,502,0,1
1003983,0,502,0,1
1003984,0,506,0,1
1003985,0,503,0,1
1003986,0,501,0,1
1003987,0,500,0,1
1003988,0,502,0,1
1003989,0,501,0,1
1003990,0,504,0,1
1003991,0,503,0,1
1003992,0,502,0,1
1003993,0,505,0,1
1003994,0,496,0,1
1003995,0,501,0,1
1003996,0,505,0,1
1003997,0,502,0,1
1003998,0,501,0,1
1003999,0,505,0,1
1004000,0,502,0,1
1004001,0,506,0,1
1004002,0,477,0,1
1004097,0,73,0,1
1004098,0,227,0,1
1004139,0,308,0,1
1004140,0,493,0,1
1004141,0,139,0,1
1004145,0,341,0,1
1004146,0,495,0,1
1004147,0,496,0,1
1004148,0,494,0,1
1004149,0,494,0,1
1004150,0,495,0,1
1004151,0,126,0,1
1004255,0,318,0,1
1004417,0,367,0,1
1004418,0,497,0,1
1004419,0,48,0,1
1004420,0,91,0,1
1004491,0,466,0,1
1004492,0,491,0,1
1004493,0,0,0,1
1004570,0,26,0,1
100464,0,34,0,1
100465,0,54,0,1
1004692,0,89,0,1
1004693,0,493,0,1
1004694,0,355,0,1
1004716,0,156,0,1
1004717,0,490,0,1
1004718,0,366,0,1
1004727,0,103,0,1
1004728,0,502,0,1
1004729,0,506,0,1
1004730,0,504,0,1
1004731,0,499,0,1
1004732,0,503,0,1
1004733,0,382,0,1
1004751,0,380,0,1
1004752,0,496,0,1
1004753,0,490,0,1
1004754,0,483,0,1
1004755,0,486,0,1
1004756,0,489,0,1
1004757,0,160,0,1
100481,0,319,0,1
1004816,0,284,1,1
100482,0,502,0,1
1004825,0,6,0,1
100483,0,496,0,1
100484,0,496,0,1
100485,0,495,0,1
100486,0,499,0,1
1004861,0,411,0,1
1004862,0,502,0,1
1004863,0,501,0,1
1004864,0,502,0,1
1004865,0,495,1,1
1004866,0,498,0,1
1004867,0,500,0,1
1004868,0,499,0,1
1004869,0,492,0,1
100487,0,146,0,1
1004870,0,494,0,1
1004871,0,502,0,1
1004872,0,497,0,1
1004873,0,495,0,1
1004874,0,498,0,1
1004875,0,496,0,1
1004876,0,491,0,1
1004877,0,502,0,1
1004878,0,462,0,1
1004896,0,34,0,1
1004898,0,106,0,1
1004899,0,494,0,1
1004900,0,331,0,1
1004903,0,27,0,1
1005049,0,310,0,1
1005050,0,488,0,1
1005051,0,156,0,1
1005280,0,93,0,1
1005283,0,316,0,1
1005284,0,491,0,1
1005285,0,147,0,1
1005292,0,219,0,1
1005293,0,503,0,1
1005294,0,500,0,1
1005295,0,502,0,1
1005296,0,498,0,1
1005297,0,501,0,1
1005298,0,502,0,1
1005299,0,498,0,1
1005300,0,508,0,1
1005301,0,503,0,1
1005302,0,498,0,1
1005303,0,501,0,1
1005304,0,499,0,1
1005305,0,502,0,1
1005306,0,498,0,1
1005307,0,502,0,1
1005308,0,502,0,1
1005309,0,502,0,1
1005310,0,500,0,2
1005311,0,497,0,1
1005312,0,493,0,1
1005313,0,500,0,1
1005314,0,492,0,1
1005315,0,496,0,1
1005316,0,95,0,1
1005339,0,12,0,1
1005340,0,4,0,1
100538,0,285,0,1
1005473,0,38,0,1
1005474,0,499,0,1
1005475,0,430,0,1
1005522,0,309,0,1
1005523,0,12,0,1
1005559,0,340,0,1
1005560,0,497,0,1
1005561,0,493,0,1
1005562,0,495,0,1
1005563,0,498,0,1
1005564,0,495,0,1
1005565,0,497,0,1
1005566,0,497,0,1
1005567,0,496,0,1
1005568,0,502,0,1
1005569,0,492,0,1
1005570,0,496,0,1
1005571,0,500,0,1
1005572,0,500,0,1
1005573,0,495,0,1
1005574,0,491,0,1
1005575,0,499,0,1
1005576,0,493,0,1
1005577,0,495,0,1
1005578,0,499,0,1
1005579,0,497,0,1
1005580,0,497,0,1
1005581,0,495,0,1
1005582,0,494,0,1
1005583,0,496,0,1
1005584,0,497,0,1
1005585,0,495,0,1
1005586,0,501,0,1
1005587,0,504,0,1
1005588,0,500,0,1
1005589,0,499,0,1
1005590,0,499,0,1
1005591,0,493,0,1
1005592,0,498,0,1
1005593,0,497,0,1
1005594,0,502,0,1
1005595,0,501,0,1
1005596,0,493,0,1
1005597,0,502,0,1
1005598,0,497,0,1
1005599,0,499,0,1
1005600,0,494,0,1
1005601,0,500,0,1
1005602,0,502,0,1
1005603,0,498,0,1
1005604,0,505,0,1
1005605,0,499,0,1
1005606,0,497,0,1
1005607,0,492,0,1
1005608,0,493,0,1
1005609,0,237,0,1
1005705,0,142,0,1
1005706,0,497,0,1
1005707,0,405,0,1
1005850,0,339,0,1
1005851,0,487,0,1
1005852,0,496,0,1
1005853,0,500,0,1
1005854,0,495,0,1
1005855,0,492,0,1
1005856,0,92,0,1
1005880,0,312,0,1
1005881,0,12,0,1
10059,0,291,0,1
1005902,0,87,0,1
1006006,0,99,0,1
1006007,0,14,0,1
1006119,0,1,0,1
1006136,0,0,0,1
1006164,0,275,0,1
1006165,0,492,0,1
1006166,0,140,0,1
1006339,0,210,0,1
1006340,0,497,0,1
1006341,0,266,0,1
1006342,0,223,0,1
1006343,0,501,0,1
1006344,0,498,0,1
1006345,0,496,0,1
1006346,0,503,0,1
1006347,0,502,0,1
1006348,0,502,0,1
1006349,0,504,0,1
1006350,0,499,0,1
1006351,0,502,0,1
1006352,0,500,0,1
1006353,0,498,0,1
1006354,0,498,0,1
1006355,0,502,0,1
1006356,0,505,0,1
1006357,0,507,0,1
1006358,0,502,0,1
1006359,0,502,0,1
1006360,0,145,0,1
1006386,0,392,0,1
1006387,0,492,0,1
1006388,0,39,0,1
1006394,0,205,0,1
1006395,0,94,0,1
1006425,0,289,0,1
1006426,0,21,0,1
100652,0,377,0,1
100653,0,497,0,1
100654,0,494,0,1
100655,0,500,0,1
100656,0,495,0,1
100657,0,492,0,1
100658,0,490,0,1
1006584,0,284,0,1
100659,0,498,0,1
1006596,0,90,0,1
100660,0,497,0,1
100661,0,499,0,1
100662,0,495,0,1
100663,0,498,0,1
100664,0,492,0,1
100665,0,498,0,1
100666,0,499,0,1
100667,0,497,0,1
100668,0,499,0,1
100669,0,498,0,1
1006694,0,0,0,1
1006695,0,296,0,1
100670,0,5,0,1
1006758,0,0,0,1
1006824,0,334,0,1
1006836,0,94,0,1
1006874,0,307,0,1
1006944,0,260,0,1
1006945,0,489,2,1
1006946,0,491,0,1
1006947,0,494,0,1
1006948,0,499,0,1
1006949,0,496,0,1
1006950,0,498,0,1
1006951,0,492,0,1
1006952,0,496,0,1
1006953,0,496,0,1
1006954,0,497,0,1
1006955,0,493,0,1
1006956,0,500,0,1
1006957,0,497,0,1
1006958,0,500,0,1
1006959,0,502,0,1
1006960,0,488,0,1
1006961,0,503,0,1
1006962,0,27,0,1
1006999,0,37,0,1
1007000,0,500,0,1
1007001,0,503,0,1
1007002,0,500,0,1
1007003,0,498,0,1
1007004,0,489,0,1
1007005,0,498,0,1
1007006,0,499,0,1
1007007,0,498,0,1
1007008,0,494,0,1
1007009,0,498,0,1
1007010,0,501,0,1
1007011,0,496,0,1
1007012,0,490,0,1
1007013,0,503,0,1
1007014,0,490,0,1
1007015,0,493,0,1
1007016,0,499,0,1
1007017,0,298,0,1
1007050,0,282,0,1
1007108,0,24,0,1
1007128,0,298,0,1
1007206,0,218,0,1
1007207,0,496,0,1
1007208,0,496,0,1
1007209,0,495,0,1
1007210,0,497,0,1
1007211,0,489,0,1
1007212,0,339,0,1
1007297,0,3,0,1
1007329,0,94,0,1
1007348,0,38,0,1
1007349,0,48,0,1
1007358,0,5,0,1
1007381,0,452,0,1
1007382,0,499,0,1
1007383,0,494,0,1
1007384,0,501,0,1
1007385,0,493,0,1
1007386,0,496,0,1
1007387,0,504,0,1
1007388,0,490,0,1
1007389,0,497,0,1
1007390,0,505,0,1
1007391,0,505,0,1
1007392,0,497,0,1
1007393,0,501,0,1
1007394,0,504,0,1
1007395,0,499,0,1
1007396,0,501,0,1
1007397,0,498,0,1
1007398,0,504,0,1
1007399,0,10,0,1
1007416,0,282,0,1
1007417,0,499,0,1
1007418,0,176,0,1
1007422,0,202,0,1
1007423,0,503,0,1
1007424,0,500,0,1
1007425,0,500,0,1
1007426,0,501,0,1
1007427,0,497,0,1
1007428,0,498,0,1
1007429,0,497,0,1
1007430,0,498,0,1
1007431,0,501,0,1
1007432,0,499,0,1
1007433,0,491,0,1
1007434,0,497,0,1
1007435,0,500,0,1
1007436,0,499,0,1
1007437,0,503,0,1
1007438,0,496,0,1
1007439,0,491,0,1
1007440,0,503,0,1
1007441,0,499,0,1
1007442,0,496,0,1
1007443,0,497,0,1
1007444,0,501,0,1
1007445,0,495,0,1
1007446,0,496,0,1
1007447,0,497,0,1
1007448,0,500,0,1
1007449,0,497,0,1
1007450,0,505,0,1
1007451,0,493,0,1
1007452,0,500,0,1
1007453,0,496,0,1
1007454,0,499,0,1
1007455,0,497,0,1
1007456,0,499,0,1
1007457,0,501,1,1
1007458,0,496,0,1
1007459,0,499,0,1
1007460,0,506,0,1
1007461,0,493,1,1
1007462,0,498,0,1
1007463,0,505,0,1
1007464,0,497,0,1
1007465,0,499,0,1
1007466,0,501,0,1
1007467,0,496,0,1
1007468,0,505,0,1
1007469,0,501,0,1
1007470,0,499,0,1
1007471,0,495,0,1
1007472,0,295,0,1
1007537,0,29,0,1
1007538,0,494,0,1
1007539,0,379,0,1
1007583,0,75,0,1
1007584,0,11,0,1
1007592,0,60,0,1
1007593,0,500,0,1
1007594,0,394,0,1
1007753,0,0,0,1
1007754,0,503,0,1
1007755,0,437,0,1
100778,0,19,0,1
100780,0,188,0,1
100781,0,492,0,1
100782,0,501,0,1
100783,0,502,0,1
100784,0,495,0,1
100785,0,497,0,1
100786,0,501,0,1
1007866,0,118,0,1
1007867,0,502,0,1
1007868,0,300,0,1
100787,0,500,0,1
100788,0,496,0,1
100789,0,500,0,1
100790,0,501,0,1
100791,0,498,0,1
100792,0,497,0,1
100793,0,497,0,1
100794,0,499,0,1
100795,0,502,0,1
100796,0,497,0,1
100797,0,499,0,1
100798,0,497,0,1
100799,0,500,0,1
100800,0,497,0,1
100801,0,504,0,1
100802,0,499,0,1
100803,0,500,0,1
100804,0,497,0,1
100805,0,496,0,1
100806,0,498,0,1
100807,0,505,0,1
100808,0,501,0,1
1008088,0,353,0,1
1008089,0,488,0,1
100809,0,498,0,1
1008090,0,93,0,1
100810,0,495,0,1
100811,0,502,0,1
1008117,0,460,0,1
1008118,0,485,0,1
100812,0,502,0,1
100813,0,501,0,1
100814,0,507,0,1
100815,0,495,0,1
100816,0,504,0,1
100817,0,503,0,1
100818,0,504,0,1
100819,0,501,0,1
100820,0,499,0,1
100821,0,502,0,1
100822,0,501,0,1
100823,0,500,0,1
100824,0,499,0,1
1008244,0,87,0,1
100825,0,502,0,1
100826,0,498,0,1
100827,0,505,0,1
100828,0,499,0,1
1008283,0,86,0,1
100829,0,506,0,1
100830,0,234,0,1
1008412,0,101,0,1
1008468,0,115,0,1
1008531,0,127,0,1
1008532,0,490,0,1
1008533,0,334,0,1
1008546,0,134,0,1
1008547,0,499,0,1
1008548,0,333,0,1
1008614,0,378,0,1
1008615,0,493,0,1
1008616,0,499,0,1
1008617,0,497,0,1
1008618,0,492,0,1
1008619,0,489,0,1
1008620,0,122,0,1
1008681,0,478,0,1
1008682,0,497,0,1
1008683,0,500,0,1
1008684,0,497,0,1
1008685,0,492,0,1
1008686,0,446,0,1
1008753,0,27,0,1
1008857,0,188,0,1
1008858,0,496,0,1
1008859,0,487,0,1
1008860,0,494,0,1
1008861,0,494,0,1
1008862,0,490,0,1
1008863,0,331,0,1
10090,0,0,0,1
1009047,0,30,0,1
1009062,0,298,0,1
1009105,0,89,0,1
1009115,0,100,0,1
1009116,0,503,0,1
1009117,0,500,0,1
1009118,0,503,0,1
1009119,0,499,0,1
1009120,0,502,0,1
1009121,0,491,1,1
1009122,0,498,0,1
1009123,0,499,0,1
1009124,0,506,0,1
1009125,0,500,0,1
1009126,0,493,0,1
1009127,0,499,0,1
1009128,0,497,0,1
1009129,0,500,0,1
1009130,0,501,0,1
1009131,0,496,0,1
1009132,0,499,0,1
1009133,0,419,0,2
1009134,0,499,0,1
1009135,0,496,0,1
1009136,0,497,0,1
1009137,0,490,1,1
1009138,0,490,0,1
1009139,0,279,0,1
1009207,0,87,0,1
1009218,0,295,0,1
1009274,0,20,0,1
1009275,0,6,0,1
1009352,0,81,0,1
1009455,0,23,0,1
1009456,0,248,0,1
100956,0,431,0,1
100957,0,498,0,1
100958,0,33,0,1
1009612,0,240,0,1
1009613,0,56,0,1
1009732,0,349,0,1
1009733,0,494,0,1
1009734,0,506,0,1
1009735,0,497,0,1
1009736,0,500,0,1
1009737,0,499,0,1
1009738,0,492,0,1
1009739,0,491,0,1
1009740,0,497,0,1
1009741,0,500,0,1
1009742,0,498,0,1
1009743,0,497,0,1
1009744,0,497,0,1
1009745,0,499,0,1
1009746,0,492,0,1
1009747,0,501,0,1
1009748,0,500,0,1
1009749,0,476,0,1
1009760,0,0,0,1
1009833,0,3,0,1
1009834,0,497,0,1
1009835,0,487,0,1
1009836,0,497,0,1
1009837,0,489,0,1
1009838,0,496,0,1
1009839,0,395,0,1
1009906,0,293,0,1
1009929,0,380,0,1
1009930,0,500,0,1
1009931,0,496,0,1
1009932,0,499,0,1
1009933,0,502,0,1
1009934,0,497,0,1
1009935,0,56,0,1
1009983,0,201,0,1
1009984,0,499,0,1
1009985,0,501,0,1
1009986,0,493,0,1
1009987,0,501,0,1
1009988,0,501,0,1
1009989,0,497,0,1
1009990,0,495,0,1
1009991,0,497,0,1
1009992,0,499,0,1
1009993,0,498,0,1
1009994,0,494,0,1
1009995,0,498,0,1
1009996,0,498,0,1
1009997,0,494,0,1
1009998,0,497,0,1
1009999,0,492,0,1
1010000,0,498,0,1
1010001,0,6,0,1
1010007,0,10,0,1
1010008,0,499,0,1
1010009,0,492,0,1
1010010,0,495,0,1
1010011,0,495,0,1
1010012,0,497,0,1
1010013,0,450,0,1
1010044,0,105,0,1
1010045,0,490,0,1
1010046,0,332,0,1
1010072,0,24,0,1
1010143,0,291,0,1
1010144,0,504,0,1
1010145,0,237,0,1
1010159,0,32,0,1
1010160,0,486,0,1
1010161,0,451,0,1
101020,0,0,0,1
101021,0,302,0,1
1010239,0,103,0,1
1010320,0,274,0,1
1010321,0,497,0,1
1010322,0,199,0,1
1010356,0,327,0,1
1010357,0,495,0,1
1010358,0,495,0,1
1010359,0,499,0,1
1010360,0,492,0,1
1010361,0,495,0,1
1010362,0,112,0,1
1010454,0,294,0,1
1010489,0,80,0,1
1010624,0,8,0,1
1010669,0,368,0,1
1010670,0,502,0,1
1010671,0,494,0,1
1010672,0,502,0,1
1010673,0,502,0,1
1010674,0,499,0,1
1010675,0,70,0,1
1010680,0,80,0,1
1010681,0,484,0,1
1010682,0,345,0,1
1010711,0,327,0,1
1010712,0,494,0,1
1010713,0,497,0,1
1010714,0,502,0,1
1010715,0,496,0,1
1010716,0,493,0,1
1010717,0,493,0,1
1010718,0,493,0,1
1010719,0,494,0,1
1010720,0,493,0,1
1010721,0,502,0,1
1010722,0,492,0,1
1010723,0,500,0,1
1010724,0,490,0,1
1010725,0,494,0,1
1010726,0,496,0,1
1010727,0,494,0,1
1010728,0,490,0,1
1010729,0,136,0,1
101073,0,39,0,1
1010752,0,93,0,1
101076,0,478,0,1
101077,0,487,0,1
101078,0,492,0,1
101079,0,500,0,1
101080,0,497,0,1
101081,0,491,0,1
1010811,0,321,0,1
101082,0,493,0,1
101083,0,495,0,1
101084,0,499,0,1
101085,0,506,0,1
1010852,0,476,0,1
1010853,0,402,0,1
101086,0,495,0,1
1010861,0,165,0,1
1010862,0,125,0,1
101087,0,495,0,1
101088,0,494,0,1
101089,0,492,2,1
101090,0,502,0,1
101091,0,495,0,1
101092,0,495,0,1
101093,0,246,0,1
1010962,0,24,0,1
1010999,0,0,0,1
1011313,0,55,0,1
1011314,0,25,0,1
1011364,0,311,0,1
1011365,0,495,0,1
1011366,0,497,0,1
1011367,0,495,0,1
1011368,0,496,0,1
1011369,0,496,0,1
1011370,0,112,0,1
1011418,0,301,0,1
1011419,0,495,0,1
1011420,0,141,0,1
1011537,0,123,0,1
1011538,0,486,0,1
1011539,0,340,0,1
1011574,0,29,0,1
1011679,0,90,0,1
1011747,0,26,0,1
1011792,0,0,0,1
1011793,0,506,0,1
1011794,0,505,0,1
1011795,0,502,0,1
1011796,0,497,0,1
1011797,0,496,0,1
1011798,0,504,0,1
1011799,0,37,0,1
1011812,0,205,0,1
1011813,0,489,0,1
1011814,0,497,0,1
1011815,0,487,0,1
1011816,0,497,0,1
1011817,0,496,0,1
1011818,0,303,0,1
1011903,0,443,0,1
1011904,0,499,0,1
1011905,0,23,0,1
1011909,0,442,0,1
1011910,0,502,0,1
1011911,0,503,0,1
1011912,0,493,0,1
1011913,0,503,0,1
1011914,0,501,0,1
1011915,0,495,0,1
1011916,0,501,0,1
1011917,0,495,0,1
1011918,0,498,0,1
1011919,0,499,0,1
1011920,0,501,0,1
1011921,0,496,0,1
1011922,0,501,0,1
1011923,0,498,0,1
1011924,0,496,0,1
1011925,0,497,0,1
1011926,0,494,0,1
1011927,0,493,0,1
1011928,0,501,0,1
1011929,0,498,0,1
1011930,0,501,0,1
1011931,0,504,0,1
1011932,0,500,0,1
1011933,0,500,0,1
1011934,0,502,0,1
1011935,0,502,0,1
1011936,0,499,0,1
1011937,0,492,0,1
1011938,0,495,0,1
1011939,0,499,0,1
1011940,0,498,0,1
1011941,0,500,0,1
1011942,0,499,0,1
1011943,0,493,0,1
1011944,0,498,0,1
1011945,0,506,0,1
1011946,0,506,0,1
1011947,0,500,0,1
1011948,0,504,0,1
1011949,0,502,0,1
1011950,0,503,0,1
1011951,0,499,0,1
1011952,0,501,0,1
1011953,0,500,0,1
1011954,0,501,0,1
1011955,0,502,0,1
1011956,0,504,0,1
1011957,0,503,0,1
1011958,0,498,0,1
1011959,0,44,0,1
1012035,0,6,0,1
1012239,0,95,0,1
1012289,0,290,0,1
101233,0,476,0,1
101234,0,498,0,1
101235,0,494,0,1
101236,0,483,0,1
101237,0,497,0,1
101238,0,487,0,1
101239,0,504,0,1
101240,0,495,0,1
101241,0,496,0,1
101242,0,496,0,1
101243,0,494,0,1
101244,0,500,0,1
101245,0,496,0,1
101246,0,502,0,1
101247,0,498,0,1
101248,0,495,0,1
101249,0,492,2,1
1012496,0,32,0,1
1012497,0,494,3,1
1012498,0,503,0,1
1012499,0,502,0,1
101250,0,307,0,1
1012500,0,505,0,1
1012501,0,505,0,1
1012502,0,499,0,1
1012503,0,504,0,1
1012504,0,505,0,1
1012505,0,504,0,1
1012506,0,507,0,1
1012507,0,503,0,1
1012508,0,500,0,1
1012509,0,506,0,1
1012510,0,501,0,1
1012511,0,508,0,1
1012512,0,504,0,1
1012513,0,498,0,1
1012514,0,244,0,1
1012532,0,287,0,1
1012544,0,314,0,1
1012545,0,17,0,1
1012574,0,25,0,1
1012664,0,316,0,1
1012665,0,497,0,1
1012666,0,499,0,1
1012667,0,488,0,1
1012668,0,488,0,1
1012669,0,486,0,1
1012670,0,110,0,1
1012756,0,94,0,1
1012757,0,497,0,1
1012758,0,492,0,1
1012759,0,493,0,1
1012760,0,491,0,1
1012761,0,494,0,1
1012762,0,375,0,1
1012774,0,177,0,1
1012775,0,499,0,1
1012776,0,497,0,1
1012777,0,499,0,1
1012778,0,493,0,1
1012779,0,496,0,1
1012780,0,492,0,1
1012781,0,494,0,1
1012782,0,494,0,1
1012783,0,497,0,1
1012784,0,491,0,1
1012785,0,498,0,1
1012786,0,499,0,1
1012787,0,498,0,1
1012788,0,499,0,1
1012789,0,500,0,1
1012790,0,494,0,1
1012791,0,498,0,1
1012792,0,108,0,1
1012813,0,170,0,1
1012814,0,495,0,1
1012815,0,311,0,1
1013000,0,425,0,1
1013001,0,495,0,1
1013002,0,478,0,1
1013003,0,491,0,1
1013004,0,494,0,1
1013005,0,487,0,1
1013006,0,15,0,1
1013087,0,153,0,1
1013088,0,497,0,1
1013089,0,252,0,1
101310,0,24,0,1
101311,0,500,0,1
101312,0,500,0,1
101313,0,491,2,1
101314,0,502,0,1
101315,0,499,0,1
101316,0,503,0,1
1013166,0,341,0,1
1013167,0,496,0,1
1013168,0,489,0,1
1013169,0,494,0,1
101317,0,501,0,1
1013170,0,494,0,1
1013171,0,499,0,1
1013172,0,111,0,1
101318,0,501,0,1
101319,0,501,0,1
101320,0,499,0,1
1013200,0,332,0,1
1013201,0,497,1,1
1013202,0,498,0,1
1013203,0,490,0,1
1013204,0,492,0,1
1013205,0,495,0,1
1013206,0,492,0,1
1013207,0,491,0,1
1013208,0,496,0,1
1013209,0,499,0,1
101321,0,497,0,1
1013210,0,494,0,1
1013211,0,494,0,1
1013212,0,496,0,1
1013213,0,499,0,1
1013214,0,501,0,1
1013215,0,501,0,1
1013216,0,494,0,1
1013217,0,495,0,1
1013218,0,33,0,1
101322,0,496,0,1
101323,0,499,0,1
101324,0,500,0,1
101325,0,503,0,1
101326,0,498,0,1
101327,0,498,0,1
1013277,0,58,0,1
1013278,0,32,0,1
101328,0,196,0,1
1013339,0,294,0,1
1013363,0,31,0,1
1013412,0,264,0,1
1013413,0,23,0,2
1013607,0,32,0,1
1013608,0,49,0,1
1013737,0,0,0,1
1013791,0,28,0,1
1013831,0,424,0,1
1013832,0,494,0,1
1013833,0,492,0,1
1013834,0,494,0,1
1013835,0,496,0,1
1013836,0,499,0,1
1013837,0,496,0,1
1013838,0,501,0,1
1013839,0,491,0,1
1013840,0,497,0,1
1013841,0,498,1,1
1013842,0,496,0,1
1013843,0,494,0,1
1013844,0,494,0,1
1013845,0,501,0,1
1013846,0,500,0,1
1013847,0,499,1,1
1013848,0,406,0,1
1013851,0,402,0,1
1013852,0,494,0,1
1013853,0,49,0,1
1013878,0,59,0,1
1013879,0,491,0,1
1013880,0,405,0,1
1013922,0,189,0,1
1013923,0,83,0,1
1013938,0,32,0,1
1013939,0,502,0,1
1013940,0,392,0,1
1013944,0,4,0,1
1013945,0,493,0,1
1013946,0,475,0,2
1013947,0,504,0,1
1013948,0,497,0,1
1013949,0,501,0,1
1013950,0,496,0,1
1013951,0,496,0,1
1013952,0,446,0,1
1013978,0,132,0,1
1013979,0,199,0,1
1013981,0,28,0,1
1014008,0,304,0,1
101402,0,261,0,1
101403,0,59,0,1
1014143,0,13,0,1
1014253,0,0,0,1
1014254,0,496,0,1
1014255,0,466,0,1
1014391,0,32,0,1
1014392,0,274,0,1
1014529,0,127,0,1
1014530,0,504,0,1
1014531,0,503,0,1
1014532,0,498,0,1
1014533,0,504,0,1
1014534,0,508,0,1
1014535,0,277,0,1
1014565,0,378,0,1
1014566,0,495,0,1
1014567,0,86,0,1
1014578,0,206,0,1
1014579,0,495,0,1
1014580,0,250,0,1
1014628,0,24,0,1
1014660,0,114,0,1
1014661,0,183,0,1
1014698,0,357,0,1
1014699,0,499,0,1
1014700,0,501,0,1
1014701,0,504,0,1
1014702,0,502,0,1
1014703,0,499,0,1
1014704,0,94,0,1
1014749,0,8,0,1
1014750,0,17,0,1
1014800,0,302,0,1
1014802,0,12,0,1
1014811,0,28,0,1
1014812,0,492,0,1
1014813,0,433,0,1
1014949,0,39,0,1
1014950,0,492,0,1
1014951,0,494,0,1
1014952,0,497,0,1
1014953,0,503,0,1
1014954,0,496,0,1
1014955,0,494,0,1
1014956,0,493,0,1
1014957,0,493,0,1
1014958,0,495,0,1
1014959,0,499,0,1
1014960,0,497,0,1
1014961,0,497,1,1
1014962,0,498,0,1
1014963,0,497,0,1
1014964,0,500,0,1
1014965,0,501,0,1
1014966,0,497,0,1
1014967,0,204,0,1
101497,0,198,0,1
101498,0,493,0,1
101499,0,492,0,1
101500,0,487,0,1
101501,0,488,0,1
101502,0,494,0,1
101503,0,239,0,1
1015090,0,474,0,1
1015091,0,503,0,1
1015092,0,4,0,1
1015134,0,369,0,1
1015135,0,502,0,1
1015136,0,505,0,1
1015137,0,502,1,1
1015138,0,502,0,1
1015139,0,506,0,1
1015140,0,503,0,1
1015141,0,504,0,1
1015142,0,499,0,1
1015143,0,506,0,1
1015144,0,504,0,1
1015145,0,498,0,1
1015146,0,503,0,1
1015147,0,502,0,1
1015148,0,500,0,1
1015149,0,503,0,1
1015150,0,499,0,1
1015151,0,409,0,1
1015320,0,217,0,1
1015321,0,500,0,1
1015322,0,488,0,1
1015323,0,500,0,1
1015324,0,496,0,1
1015325,0,495,0,1
1015326,0,489,0,1
1015327,0,501,0,1
1015328,0,497,0,1
1015329,0,496,0,1
1015330,0,501,0,1
1015331,0,496,0,1
1015332,0,503,0,1
1015333,0,497,0,1
1015334,0,496,0,1
1015335,0,500,0,1
1015336,0,499,0,1
1015337,0,498,0,1
1015338,0,227,0,1
1015388,0,331,0,1
1015402,0,15,0,1
1015403,0,254,0,1
1015435,0,405,0,1
1015436,0,496,0,1
1015437,0,492,0,1
1015438,0,491,0,1
1015439,0,486,0,1
1015440,0,494,0,1
1015446,0,307,0,1
1015494,0,181,0,1
1015495,0,494,0,1
1015496,0,295,0,1
1015532,0,340,0,1
1015533,0,497,0,1
1015534,0,488,0,1
1015535,0,495,0,1
1015536,0,493,0,1
1015537,0,491,0,1
1015538,0,174,0,1
1015639,0,26,0,1
1015677,0,334,0,1
1015748,0,103,0,1
1015749,0,487,0,1
1015750,0,388,0,1
1015825,0,104,0,1
1015830,0,412,0,1
1015831,0,491,0,1
1015832,0,43,0,1
1015960,0,55,0,1
1015961,0,19,0,1
1016045,0,290,0,1
1016046,0,496,0,1
1016047,0,494,0,1
1016048,0,498,0,1
1016049,0,502,0,1
1016050,0,495,0,1
1016051,0,499,0,1
1016052,0,501,0,1
1016053,0,496,0,1
1016054,0,502,0,1
1016055,0,503,0,1
1016056,0,497,0,1
1016057,0,492,0,1
1016058,0,494,0,1
1016059,0,500,0,1
1016060,0,494,0,1
1016061,0,499,0,1
1016062,0,494,0,1
1016063,0,68,0,1
1016071,0,442,0,1
1016072,0,491,0,1
1016073,0,0,0,1
1016144,0,100,0,1
1016145,0,0,0,1
1016207,0,56,0,1
1016208,0,487,0,1
1016209,0,493,0,1
1016210,0,489,0,1
1016211,0,501,0,1
1016212,0,497,0,1
1016213,0,378,0,1
1016333,0,255,0,1
1016334,0,52,0,1
1016384,0,392,0,1
1016385,0,499,0,1
1016386,0,500,0,1
1016387,0,500,0,1
1016388,0,502,0,1
1016389,0,500,0,1
1016390,0,502,0,1
1016391,0,498,0,1
1016392,0,496,0,1
1016393,0,500,0,1
1016394,0,497,0,1
1016395,0,508,0,1
1016396,0,500,0,1
1016397,0,502,0,1
1016398,0,496,0,1
1016399,0,503,0,1
1016400,0,492,0,1
1016401,0,501,0,1
1016402,0,494,0,1
1016403,0,496,0,1
1016404,0,500,0,1
1016405,0,498,0,1
1016406,0,501,0,1
1016407,0,504,0,1
1016408,0,502,0,1
1016409,0,502,0,1
1016410,0,496,0,1
1016411,0,498,0,1
1016412,0,499,0,1
1016413,0,502,0,1
1016414,0,497,0,1
1016415,0,499,0,1
1016416,0,495,0,1
1016417,0,501,0,1
1016418,0,503,0,1
1016419,0,500,0,1
1016420,0,498,0,1
1016421,0,501,0,1
1016422,0,502,0,1
1016423,0,500,0,1
1016424,0,503,0,1
1016425,0,500,0,1
1016426,0,504,0,1
1016427,0,498,0,1
1016428,0,504,0,1
1016429,0,499,0,1
1016430,0,499,0,1
1016431,0,495,0,1
1016432,0,498,0,1
1016433,0,451,0,1
1016446,0,95,0,1
1016447,0,493,0,1
1016448,0,489,0,1
1016449,0,492,0,1
1016450,0,496,0,1
1016451,0,501,0,1
1016452,0,409,0,1
1016582,0,98,0,1
1016583,0,0,0,1
1016635,0,0,0,1
1016694,0,307,0,1
1016726,0,422,0,1
1016727,0,496,0,1
1016728,0,501,0,1
1016729,0,498,0,1
1016730,0,501,0,1
1016731,0,495,0,1
1016732,0,498,0,1
1016733,0,503,0,1
1016734,0,500,0,1
1016735,0,500,0,1
1016736,0,495,0,1
1016737,0,494,0,1
1016738,0,500,0,1
1016739,0,500,0,1
1016740,0,493,0,1
1016741,0,501,0,1
1016742,0,499,0,1
1016743,0,388,0,1
1016795,0,10,0,1
1017003,0,13,0,1
1017004,0,499,0,1
1017005,0,440,0,1
101701,0,7,0,1
1017096,0,433,0,1
1017097,0,494,0,1
1017098,0,493,0,1
1017099,0,493,0,1
1017100,0,496,0,1
1017101,0,498,0,1
1017102,0,60,0,1
1017107,0,0,0,1
1017122,0,499,0,1
1017123,0,489,0,1
1017124,0,493,0,1
1017125,0,500,0,1
1017126,0,492,0,1
1017127,0,494,0,1
1017128,0,495,0,1
1017129,0,492,0,1
1017130,0,497,0,1
1017131,0,490,0,1
1017132,0,494,0,1
1017133,0,496,0,1
1017134,0,495,0,1
1017135,0,497,0,1
1017136,0,496,0,1
1017137,0,498,0,1
1017138,0,499,0,1
1017139,0,341,0,1
1017168,0,493,0,1
1017169,0,498,1,1
1017170,0,496,0,1
1017171,0,504,0,1
1017172,0,498,0,1
1017173,0,504,0,1
1017174,0,502,0,1
1017175,0,500,0,1
1017176,0,502,0,1
1017177,0,499,0,1
1017178,0,506,0,1
1017179,0,501,0,1
1017180,0,501,0,1
1017181,0,500,0,1
1017182,0,503,0,1
1017183,0,496,0,1
1017184,0,500,0,1
1017185,0,501,1,1
1017186,0,500,0,1
1017187,0,500,0,1
1017188,0,498,0,1
1017189,0,500,0,1
1017190,0,499,0,1
1017191,0,503,0,1
1017192,0,501,0,1
1017193,0,495,0,1
1017194,0,499,0,1
1017195,0,499,0,1
1017196,0,501,0,1
1017197,0,504,0,1
1017198,0,504,0,1
1017199,0,504,0,1
1017200,0,498,0,1
1017201,0,499,0,1
1017202,0,500,0,1
1017203,0,506,0,1
1017204,0,503,0,1
1017205,0,501,0,1
1017206,0,504,0,1
1017207,0,498,0,1
1017208,0,502,0,1
1017209,0,503,0,1
1017210,0,507,0,1
1017211,0,502,0,1
1017212,0,501,0,1
1017213,0,500,0,1
1017214,0,505,0,1
1017215,0,503,0,1
1017216,0,506,0,1
1017217,0,306,0,1
1017262,0,0,0,1
1017263,0,503,0,1
1017264,0,490,0,1
1017265,0,500,0,1
1017266,0,500,0,1
1017267,0,499,0,1
1017268,0,397,0,1
101729,0,322,0,1
1017330,0,88,0,1
1017331,0,202,0,1
1017350,0,0,0,1
1017351,0,289,0,1
1017363,0,271,0,1
1017467,0,43,0,1
1017468,0,492,0,1
1017469,0,411,0,1
101756,0,432,1,1
101757,0,478,0,1
1017620,0,290,0,1
1017621,0,501,0,1
1017622,0,210,0,1
1017646,0,99,0,1
1017647,0,221,0,1
1017889,0,454,0,1
1017890,0,493,0,1
1017891,0,17,0,1
1017894,0,184,0,1
1017895,0,107,0,1
1018077,0,408,0,1
1018078,0,483,0,1
1018079,0,97,0,1
1018154,0,192,0,1
1018155,0,109,0,1
1018213,0,250,0,1
1018214,0,490,0,1
1018215,0,492,0,1
1018216,0,483,0,1
1018217,0,494,0,1
1018218,0,493,0,1
1018219,0,235,0,1
1018241,0,195,0,1
1018242,0,500,0,1
1018243,0,224,0,1
1018257,0,0,0,1
1018345,0,94,0,1
1018354,0,225,0,1
1018355,0,490,0,1
1018356,0,490,0,1
1018357,0,496,0,1
1018358,0,497,0,1
1018359,0,499,0,1
1018360,0,487,0,1
1018361,0,495,0,1
1018362,0,493,0,1
1018363,0,495,0,1
1018364,0,498,0,1
1018365,0,498,0,1
1018366,0,497,0,1
1018367,0,491,0,1
1018368,0,493,0,1
1018369,0,500,0,1
1018370,0,493,0,1
1018371,0,493,0,1
1018372,0,104,0,1
1018414,0,9,0,1
101846,0,85,0,1
101847,0,493,0,1
101848,0,344,0,1
1018505,0,3,0,1
1018517,0,83,0,1
1018525,0,50,0,1
1018526,0,493,0,1
1018527,0,398,0,1
101853,0,472,0,1
1018530,0,421,0,1
1018531,0,486,0,1
1018532,0,493,0,1
1018533,0,488,0,1
1018534,0,488,0,1
1018535,0,496,0,1
1018536,0,47,0,1
101854,0,499,0,1
101855,0,497,0,1
101856,0,497,0,1
101857,0,492,0,1
101858,0,498,0,1
101859,0,503,0,1
101860,0,496,0,1
101861,0,499,0,1
101862,0,494,0,1
101863,0,494,0,1
101864,0,496,0,1
101865,0,499,0,1
101866,0,499,0,1
101867,0,502,0,1
101868,0,499,0,1
101869,0,495,0,1
101870,0,417,0,1
1018769,0,97,0,1
1018772,0,95,0,1
1018788,0,279,0,1
1018900,0,12,0,1
1019000,0,85,0,1
1019009,0,162,0,1
1019010,0,154,0,1
1019013,0,27,0,1
1019055,0,139,0,1
1019056,0,501,0,1
1019057,0,337,1,1
1019099,0,119,0,1
1019100,0,498,0,1
1019101,0,495,0,1
1019102,0,495,0,1
1019103,0,497,0,1
1019104,0,496,0,1
1019105,0,491,0,1
1019106,0,495,0,1
1019107,0,495,0,1
1019108,0,501,0,1
1019109,0,493,0,1
1019110,0,501,0,1
1019111,0,496,0,1
1019112,0,497,0,1
1019113,0,496,0,1
1019114,0,500,0,1
1019115,0,501,0,1
1019116,0,494,0,1
1019117,0,227,0,1
1019218,0,59,0,1
1019219,0,496,0,1
1019220,0,499,0,1
1019221,0,493,0,1
1019222,0,498,0,1
1019223,0,496,0,1
1019224,0,503,0,1
1019225,0,498,0,1
1019226,0,494,0,1
1019227,0,496,0,1
1019228,0,497,0,1
1019229,0,501,0,1
1019230,0,502,0,1
1019231,0,502,0,1
1019232,0,503,0,1
1019233,0,500,0,1
1019234,0,498,0,1
1019235,0,495,0,1
1019236,0,500,0,1
1019237,0,497,0,1
1019238,0,498,0,1
1019239,0,503,0,1
1019240,0,498,0,1
1019241,0,496,0,1
1019242,0,498,0,1
1019243,0,503,0,1
1019244,0,496,0,1
1019245,0,499,0,1
1019246,0,494,0,1
1019247,0,499,0,1
1019248,0,500,0,1
1019249,0,499,0,1
1019250,0,499,0,1
1019251,0,494,0,1
1019252,0,503,0,1
1019253,0,493,0,1
1019254,0,495,0,1
1019255,0,499,0,1
1019256,0,494,0,1
1019257,0,495,0,1
1019258,0,497,0,1
1019259,0,499,0,1
1019260,0,505,0,1
1019261,0,502,0,1
1019262,0,494,0,1
1019263,0,502,0,1
1019264,0,496,0,1
1019265,0,496,0,1
1019266,0,498,0,1
1019267,0,501,0,1
1019268,0,500,0,1
1019269,0,0,0,1
1019276,0,293,0,1
1019286,0,169,0,1
1019287,0,492,1,1
1019288,0,288,0,1
1019355,0,23,0,1
1019386,0,320,0,1
1019387,0,494,0,1
1019388,0,156,0,1
1019474,0,158,0,1
1019475,0,493,0,1
1019476,0,297,0,1
1019521,0,16,0,1
1019522,0,498,1,1
1019523,0,495,0,2
1019524,0,494,0,1
1019525,0,432,0,1
1019532,0,174,0,1
1019533,0,497,0,1
1019534,0,287,0,1
1019594,0,387,0,1
1019595,0,492,0,1
1019596,0,76,0,1
1019676,0,0,0,1
1019743,0,6,0,1
1019744,0,12,0,1
1019831,0,3,0,1
1019834,0,96,0,1
1019955,0,235,0,1
1019956,0,493,0,1
1019957,0,503,0,1
1019958,0,498,0,1
1019959,0,500,0,1
1019960,0,494,0,1
1019961,0,498,0,1
1019962,0,503,0,1
1019963,0,498,0,1
1019964,0,495,0,1
1019965,0,494,0,1
1019966,0,496,0,1
1019967,0,493,0,1
1019968,0,497,0,1
1019969,0,498,0,1
1019970,0,501,0,1
1019971,0,498,0,1
1019972,0,499,0,1
1019973,0,494,0,1
1019974,0,503,0,1
1019975,0,500,0,1
1019976,0,498,0,1
1019977,0,502,0,1
1019978,0,495,0,1
1019979,0,496,0,1
1019980,0,497,0,1
1019981,0,504,0,1
1019982,0,501,0,1
1019983,0,496,0,1
1019984,0,500,0,1
1019985,0,492,0,1
1019986,0,502,0,1
1019987,0,500,0,1
1019988,0,497,0,1
1019989,0,495,0,1
1019990,0,498,0,1
1019991,0,496,0,1
1019992,0,500,0,1
1019993,0,501,0,1
1019994,0,500,0,1
1019995,0,499,0,1
1019996,0,499,0,1
1019997,0,497,0,1
1019998,0,498,0,1
1019999,0,506,0,1
1020000,0,502,0,1
1020001,0,494,0,1
1020002,0,499,0,1
1020003,0,500,0,1
1020004,0,501,0,1
1020005,0,153,0,1
1020009,0,84,0,1
1020010,0,497,0,1
1020011,0,498,0,1
1020012,0,500,0,1
1020013,0,492,0,1
1020014,0,499,0,1
1020015,0,301,0,1
1020043,0,38,0,1
1020119,0,246,0,1
1020120,0,494,0,1
1020121,0,225,0,1
102014,0,20,0,1
1020279,0,256,0,1
1020280,0,500,0,1
1020281,0,492,0,1
1020282,0,498,0,1
1020283,0,493,0,1
1020284,0,491,0,1
1020285,0,488,0,1
1020286,0,499,0,1
1020287,0,490,0,1
1020288,0,496,0,1
1020289,0,496,0,1
1020290,0,498,0,1
1020291,0,499,0,1
1020292,0,500,0,1
1020293,0,493,0,1
1020294,0,494,0,1
1020295,0,499,0,1
1020296,0,495,0,1
1020297,0,145,0,1
1020324,0,444,0,1
1020325,0,495,0,1
1020326,0,486,0,1
1020327,0,494,0,1
1020328,0,494,0,1
1020329,0,491,0,1
1020330,0,137,0,1
1020367,0,25,0,1
1020576,0,212,0,1
1020577,0,490,1,1
1020578,0,488,0,1
1020579,0,491,0,1
1020580,0,494,0,1
1020581,0,492,0,1
1020582,0,190,0,1
102060,0,380,0,1
102061,0,497,0,1
102062,0,488,0,1
102063,0,498,0,1
102064,0,493,0,1
102065,0,490,1,1
102066,0,74,0,1
1020704,0,300,0,1
102076,0,293,0,1
1020777,0,143,0,1
1020778,0,175,0,1
1020865,0,128,0,1
1020866,0,497,0,1
1020867,0,496,0,1
1020868,0,497,0,1
1020869,0,502,0,1
1020870,0,500,0,1
1020871,0,280,0,1
1020874,0,452,0,1
1020875,0,504,0,1
1020876,0,501,0,1
1020877,0,503,0,1
1020878,0,507,0,1
1020879,0,504,0,1
1020880,0,502,0,1
1020881,0,505,1,1
1020882,0,504,0,1
1020883,0,502,0,1
1020884,0,505,0,1
1020885,0,505,0,1
1020886,0,507,0,1
1020887,0,503,0,1
1020888,0,502,0,1
1020889,0,505,0,1
1020890,0,506,0,1
1020891,0,507,0,1
1020892,0,506,0,1
1020893,0,503,0,1
1020894,0,504,0,1
1020895,0,504,0,1
1020896,0,507,0,1
1020897,0,502,0,1
1020898,0,507,0,1
1020899,0,503,0,1
1020900,0,504,0,1
1020901,0,500,0,1
1020902,0,501,0,1
1020903,0,502,0,1
1020904,0,499,0,1
1020905,0,503,0,1
1020906,0,505,0,1
1020907,0,497,0,1
1020908,0,499,0,1
1020909,0,501,0,1
1020910,0,505,0,1
1020911,0,502,0,1
1020912,0,504,0,1
1020913,0,503,0,1
1020914,0,499,0,1
1020915,0,506,0,1
1020916,0,506,0,1
1020917,0,500,0,1
1020918,0,505,0,1
1020919,0,506,0,1
1020920,0,509,0,1
1020921,0,506,0,1
1020922,0,506,0,1
1020923,0,502,0,1
1020924,0,61,0,1
1020925,0,268,0,1
1021121,0,2,0,1
1021122,0,292,0,1
1021123,0,494,0,1
1021124,0,491,0,1
1021125,0,492,0,1
1021126,0,498,0,1
1021127,0,498,0,1
1021128,0,498,0,1
1021129,0,496,0,1
1021130,0,492,0,1
1021131,0,498,0,1
1021132,0,498,0,1
1021133,0,497,0,1
1021134,0,497,0,1
1021135,0,495,0,1
1021136,0,499,0,1
1021137,0,498,0,1
1021138,0,492,0,1
1021139,0,378,0,1
1021163,0,255,0,1
1021164,0,494,0,1
1021165,0,493,0,1
1021166,0,494,0,1
1021167,0,493,0,1
1021168,0,492,0,1
1021169,0,497,0,1
1021170,0,496,0,1
1021171,0,496,0,1
1021172,0,495,0,1
1021173,0,497,0,1
1021174,0,493,0,1
1021175,0,491,0,1
1021176,0,495,0,1
1021177,0,493,0,1
1021178,0,496,0,1
1021179,0,494,0,1
102118,0,369,0,1
1021180,0,498,0,1
1021181,0,77,0,1
102119,0,502,0,1
102120,0,503,0,1
102121,0,501,0,1
102122,0,497,0,1
102123,0,503,0,1
102124,0,498,0,1
102125,0,501,0,1
102126,0,491,0,1
102127,0,501,1,1
102128,0,502,0,1
102129,0,486,8,1
1021290,0,72,0,1
1021291,0,250,0,1
102130,0,500,0,1
102131,0,498,0,1
1021315,0,231,0,1
1021316,0,86,0,1
102132,0,500,0,1
102133,0,501,0,1
102134,0,502,0,1
102135,0,436,0,1
1021351,0,386,0,1
1021352,0,485,0,1
1021353,0,113,0,1
1021356,0,81,0,1
1021407,0,25,0,1
1021527,0,395,0,1
1021528,0,491,0,1
1021529,0,83,0,1
1021555,0,261,0,1
1021556,0,497,0,1
1021557,0,497,0,1
1021558,0,495,0,1
1021559,0,499,0,1
1021560,0,484,0,1
1021561,0,499,0,1
1021562,0,500,0,1
1021563,0,497,0,1
1021564,0,503,0,1
1021565,0,503,0,1
1021566,0,496,0,1
1021567,0,495,0,1
1021568,0,500,0,1
1021569,0,499,0,1
1021570,0,504,0,1
1021571,0,503,0,1
1021572,0,498,0,1
1021573,0,506,0,1
1021574,0,498,0,1
1021575,0,500,0,1
1021576,0,501,0,1
1021577,0,501,0,1
1021578,0,501,0,1
1021579,0,498,0,1
1021580,0,498,0,1
1021581,0,496,0,1
1021582,0,503,0,1
1021583,0,501,0,1
1021584,0,499,0,1
1021585,0,503,0,1
1021586,0,502,0,1
1021587,0,494,0,1
1021588,0,504,0,1
1021589,0,507,0,1
1021590,0,503,0,1
1021591,0,504,0,1
1021592,0,502,0,1
1021593,0,500,0,1
1021594,0,506,0,1
1021595,0,504,0,1
1021596,0,504,0,1
1021597,0,501,0,1
1021598,0,503,0,1
1021599,0,500,0,1
1021600,0,503,0,1
1021601,0,506,1,1
1021602,0,500,0,1
1021603,0,504,0,1
1021604,0,503,0,1
1021605,0,74,0,1
1021683,0,58,0,1
1021684,0,493,0,1
1021685,0,495,0,1
1021686,0,494,0,1
1021687,0,496,0,1
1021688,0,488,0,1
1021689,0,497,0,1
1021690,0,493,0,1
1021691,0,500,0,1
1021692,0,500,0,1
1021693,0,493,0,1
1021694,0,497,0,1
1021695,0,495,0,1
1021696,0,499,0,1
1021697,0,499,0,1
1021698,0,493,0,1
1021699,0,496,0,1
1021700,0,502,0,1
1021701,0,167,0,1
1021714,0,426,0,1
1021715,0,498,0,1
1021716,0,489,0,1
1021717,0,487,0,1
1021718,0,496,0,1
1021719,0,495,0,1
1021720,0,50,0,1
1021725,0,386,0,1
1021726,0,495,0,1
1021727,0,497,0,1
1021728,0,502,0,1
1021729,0,496,0,1
1021730,0,499,0,1
1021731,0,494,0,1
1021732,0,496,0,1
1021733,0,496,0,1
1021734,0,496,0,1
1021735,0,493,0,1
1021736,0,496,0,1
1021737,0,497,0,1
1021738,0,492,0,1
1021739,0,500,0,1
1021740,0,497,0,1
1021741,0,493,0,1
1021742,0,325,0,1
1021800,0,106,0,1
1021801,0,496,0,1
1021802,0,493,0,1
1021803,0,489,0,1
1021804,0,494,0,1
1021805,0,487,0,1
1021806,0,390,0,1
1021854,0,193,0,1
1021855,0,501,0,1
1021856,0,257,0,1
1021884,0,169,0,1
1021885,0,498,0,1
1021886,0,487,0,1
1021887,0,497,0,1
1021888,0,494,0,1
1021889,0,487,0,1
1021890,0,346,0,1
1021915,0,2,0,1
1021916,0,276,0,1
1021934,0,337,0,1
1021935,0,493,0,1
1021936,0,502,0,1
1021937,0,492,1,1
1021938,0,497,0,1
1021939,0,494,0,1
1021940,0,157,0,1
102195,0,143,0,1
102196,0,491,0,1
1021966,0,288,0,1
102197,0,338,0,1
1021982,0,33,0,1
1022012,0,100,0,1
1022037,0,36,0,1
1022041,0,167,0,1
1022042,0,494,0,1
1022043,0,498,0,1
1022044,0,489,0,1
1022045,0,486,0,1
1022046,0,494,0,1
1022047,0,299,0,1
1022077,0,82,0,1
1022132,0,5,0,1
1022135,0,262,0,1
1022136,0,23,0,1
1022423,0,281,0,1
1022424,0,502,0,1
1022425,0,500,0,1
1022426,0,498,0,1
1022427,0,497,0,1
1022428,0,497,0,1
1022429,0,152,0,1
1022474,0,175,0,1
1022475,0,499,0,1
1022476,0,283,0,1
1022484,0,95,0,1
1022485,0,12,0,1
102259,0,296,0,1
102260,0,25,0,1
1022608,0,271,0,1
1022632,0,417,0,1
1022633,0,493,0,1
1022634,0,15,0,1
1022642,0,58,0,1
1022643,0,497,0,1
1022644,0,492,0,1
1022645,0,491,0,1
1022646,0,489,0,1
1022647,0,493,0,1
1022648,0,355,0,1
1022672,0,98,0,1
1022801,0,26,0,1
1022818,0,0,0,1
1022838,0,101,0,1
1022868,0,273,0,1
1022869,0,498,0,1
1022870,0,493,0,1
1022871,0,490,0,1
1022872,0,500,0,1
1022873,0,492,0,1
1022874,0,116,0,1
1022882,0,365,0,1
1022883,0,494,0,1
1022884,0,495,0,1
1022885,0,497,0,1
1022886,0,498,0,1
1022887,0,493,0,1
1022888,0,129,0,1
1022921,0,0,0,1
1022933,0,8,0,1
1022982,0,355,0,1
1022983,0,498,0,1
1022984,0,497,0,1
1022985,0,503,0,1
1022986,0,488,0,1
1022987,0,491,0,1
1022988,0,68,0,1
1022996,0,111,0,1
1022997,0,499,0,1
1022998,0,501,0,1
1022999,0,503,0,1
1023000,0,500,0,1
1023001,0,496,0,1
1023002,0,500,0,1
1023003,0,503,0,1
1023004,0,502,0,1
1023005,0,500,0,1
1023006,0,498,0,1
1023007,0,495,0,1
1023008,0,502,0,1
1023009,0,499,0,1
1023010,0,500,0,1
1023011,0,503,0,1
1023012,0,498,0,1
1023013,0,499,0,1
1023014,0,273,0,1
1023040,0,0,0,1
1023249,0,9,0,1
1023274,0,414,0,1
1023275,0,498,0,1
1023276,0,40,0,1
1023405,0,286,0,1
1023406,0,500,0,1
1023407,0,503,0,1
1023408,0,500,1,1
1023409,0,499,0,1
1023410,0,492,0,1
1023411,0,498,0,1
1023412,0,500,0,1
1023413,0,497,0,1
1023414,0,498,0,1
1023415,0,496,0,1
1023416,0,500,0,1
1023417,0,493,0,1
1023418,0,499,0,1
1023419,0,501,0,1
1023420,0,500,0,1
1023421,0,495,0,1
1023422,0,500,0,1
1023423,0,73,0,1
1023426,0,292,0,1
1023427,0,502,0,1
1023428,0,502,0,1
1023429,0,506,0,1
1023430,0,504,0,1
1023431,0,503,0,1
1023432,0,504,0,1
1023433,0,508,0,1
1023434,0,500,0,1
1023435,0,507,0,1
1023436,0,502,0,1
1023437,0,498,0,1
1023438,0,503,0,1
1023439,0,506,0,1
1023440,0,503,0,1
1023441,0,506,0,1
1023442,0,496,0,1
1023443,0,503,0,1
1023444,0,502,0,1
1023445,0,503,0,1
1023446,0,501,0,1
1023447,0,501,0,1
1023448,0,498,0,1
1023449,0,506,0,1
1023450,0,505,0,1
1023451,0,499,0,1
1023452,0,505,0,1
1023453,0,499,0,1
1023454,0,498,0,1
1023455,0,504,0,1
1023456,0,503,0,1
1023457,0,504,0,1
1023458,0,503,0,1
1023459,0,501,0,1
1023460,0,506,0,1
1023461,0,503,0,1
1023462,0,503,0,1
1023463,0,500,0,1
1023464,0,501,0,1
1023465,0,506,0,1
1023466,0,499,0,1
1023467,0,498,0,1
1023468,0,499,0,1
1023469,0,501,0,1
1023470,0,504,0,1
1023471,0,503,0,1
1023472,0,500,0,1
1023473,0,504,0,1
1023474,0,503,0,1
1023475,0,503,0,1
1023476,0,298,0,2
1023489,0,143,0,1
1023490,0,157,0,1
102365,0,178,0,1
102366,0,486,0,1
1023666,0,295,0,1
1023667,0,500,0,1
1023668,0,175,0,1
102367,0,204,0,1
102368,0,98,0,1
1023689,0,14,0,1
102369,0,501,0,1
1023694,0,89,0,1
102370,0,495,0,1
1023703,0,291,0,1
102371,0,493,0,1
1023717,0,298,0,1
1023718,0,26,0,1
102372,0,499,0,1
1023722,0,267,0,1
1023723,0,497,0,1
1023724,0,498,0,1
1023725,0,500,0,1
1023726,0,502,0,1
1023727,0,499,0,1
1023728,0,216,0,1
102373,0,493,0,1
102374,0,488,0,1
102375,0,496,0,1
102376,0,497,0,1
102377,0,503,0,1
102378,0,495,0,1
102379,0,500,0,1
102380,0,497,0,1
102381,0,500,0,1
102382,0,495,0,1
102383,0,500,0,1
102384,0,501,0,1
1023848,0,254,0,1
1023849,0,492,0,1
102385,0,501,1,1
1023850,0,172,0,1
102386,0,232,0,1
1023888,0,137,0,1
1023889,0,493,0,1
1023890,0,331,0,1
1024008,0,30,0,1
1024009,0,498,0,1
1024010,0,438,0,1
1024012,0,75,0,1
1024013,0,494,0,1
1024014,0,369,0,1
1024015,0,83,0,1
1024048,0,33,0,1
1024055,0,288,0,1
1024056,0,493,0,1
1024057,0,170,0,1
1024079,0,389,0,1
1024080,0,489,0,1
1024081,0,494,0,1
1024082,0,497,0,1
1024083,0,498,0,1
1024084,0,499,0,1
1024085,0,1,0,1
1024088,0,174,0,1
1024089,0,493,0,1
1024090,0,276,0,1
1024093,0,143,0,1
1024094,0,488,0,1
1024095,0,311,0,1
1024176,0,191,0,1
1024177,0,104,0,1
1024181,0,339,0,1
1024182,0,493,0,1
1024183,0,487,0,1
1024184,0,494,0,1
1024185,0,494,0,1
1024186,0,491,0,1
1024187,0,27,0,1
1024636,0,88,0,1
1024637,0,227,0,1
1024675,0,24,0,1
1024676,0,493,0,1
1024677,0,444,0,1
1024710,0,316,0,1
1024711,0,491,0,1
1024712,0,99,0,1
1024736,0,448,0,1
1024737,0,502,0,1
1024738,0,507,0,1
1024739,0,510,0,1
1024740,0,503,0,1
1024741,0,507,0,1
1024742,0,505,0,1
1024743,0,510,0,1
1024744,0,500,0,1
1024745,0,502,0,1
1024746,0,503,0,1
1024747,0,505,0,1
1024748,0,506,0,1
1024749,0,503,0,1
1024750,0,505,0,1
1024751,0,505,0,1
1024752,0,506,0,1
1024753,0,505,0,1
1024754,0,505,0,1
1024755,0,499,0,1
1024756,0,503,0,1
1024757,0,504,0,1
1024758,0,505,0,1
1024759,0,506,0,1
1024760,0,504,0,1
1024761,0,504,0,1
1024762,0,506,0,1
1024763,0,506,0,1
1024764,0,504,0,1
1024765,0,504,0,1
1024766,0,506,0,1
1024767,0,507,0,1
1024768,0,508,0,1
1024769,0,506,0,1
1024770,0,500,0,1
1024771,0,502,0,1
1024772,0,509,0,1
1024773,0,505,0,1
1024774,0,505,0,1
1024775,0,507,0,1
1024776,0,506,0,1
1024777,0,506,0,1
1024778,0,505,0,1
1024779,0,507,0,1
1024780,0,508,0,1
1024781,0,504,0,1
1024782,0,504,0,1
1024783,0,500,0,1
1024784,0,507,0,1
1024785,0,507,0,1
1024786,0,507,0,1
1024787,0,503,0,1
1024788,0,506,0,1
1024789,0,507,0,1
1024790,0,502,0,1
1024791,0,504,0,1
1024792,0,506,0,1
1024793,0,501,0,1
1024794,0,505,0,1
1024795,0,506,0,1
1024796,0,507,0,1
1024797,0,504,0,1
1024798,0,506,0,1
1024799,0,508,0,1
1024800,0,503,0,1
1024801,0,508,0,1
1024802,0,507,0,1
1024803,0,506,0,1
1024804,0,504,0,1
1024805,0,504,0,1
1024806,0,507,0,1
1024807,0,507,0,1
1024808,0,503,0,1
1024809,0,504,0,1
1024810,0,503,0,1
1024811,0,507,0,1
1024812,0,504,0,1
1024813,0,506,0,1
1024814,0,507,0,1
1024815,0,504,0,1
1024816,0,503,0,1
1024817,0,504,1,1
1024818,0,508,0,1
1024819,0,506,0,1
1024820,0,508,0,1
1024821,0,506,0,1
1024822,0,504,0,1
1024823,0,506,0,1
1024824,0,507,0,1
1024825,0,509,0,1
1024826,0,503,0,1
1024827,0,502,0,1
1024828,0,507,0,1
1024829,0,506,0,1
1024830,0,504,0,1
1024831,0,504,0,1
1024832,0,504,0,1
1024833,0,505,0,1
1024834,0,507,0,1
1024835,0,506,0,1
1024836,0,506,0,1
1024837,0,506,0,1
1024838,0,507,0,1
1024839,0,506,0,1
1024840,0,505,0,1
1024841,0,505,0,1
1024842,0,505,0,1
1024843,0,506,0,1
1024844,0,504,0,1
1024845,0,505,0,1
1024846,0,506,0,1
1024847,0,508,0,1
1024848,0,503,0,1
1024849,0,503,1,1
1024850,0,505,0,1
1024851,0,506,0,1
1024852,0,504,0,1
1024853,0,508,0,1
1024854,0,507,0,1
1024855,0,506,0,1
1024856,0,505,0,1
1024857,0,504,0,1
1024858,0,506,0,1
1024859,0,505,0,1
1024860,0,506,0,1
1024861,0,505,0,1
1024862,0,507,0,1
1024863,0,502,0,1
1024864,0,505,0,1
1024865,0,504,1,1
1024866,0,506,0,1
1024867,0,502,0,1
1024868,0,259,0,1
1024919,0,313,0,1
10251,0,249,0,1
1025149,0,327,0,1
1025150,0,497,0,1
1025151,0,496,0,1
1025152,0,501,0,1
1025153,0,497,0,1
1025154,0,505,0,1
1025155,0,496,0,1
1025156,0,500,0,1
1025157,0,502,0,1
1025158,0,501,0,1
1025159,0,498,0,1
1025160,0,505,0,1
1025161,0,498,0,1
1025162,0,496,0,1
1025163,0,489,0,1
1025164,0,498,0,1
1025165,0,498,0,1
1025166,0,497,0,1
1025167,0,498,0,1
1025168,0,495,0,1
1025169,0,497,0,1
1025170,0,503,0,1
1025171,0,500,0,1
1025172,0,498,0,1
1025173,0,501,0,1
1025174,0,501,0,1
1025175,0,498,0,1
1025176,0,491,0,1
1025177,0,498,0,1
1025178,0,494,0,1
1025179,0,495,0,1
1025180,0,498,0,1
1025181,0,501,0,1
1025182,0,500,0,1
1025183,0,498,0,1
1025184,0,494,0,1
1025185,0,490,1,1
1025186,0,499,0,1
1025187,0,500,0,1
1025188,0,495,0,1
1025189,0,493,0,1
1025190,0,493,0,1
1025191,0,503,0,1
1025192,0,500,0,1
1025193,0,501,0,1
1025194,0,502,0,1
1025195,0,501,0,1
1025196,0,504,0,1
1025197,0,497,0,1
1025198,0,501,0,1
1025199,0,242,0,1
10252,0,498,0,1
1025291,0,187,0,1
1025292,0,484,0,1
1025293,0,489,0,1
1025294,0,481,0,1
1025295,0,493,0,1
1025296,0,494,0,1
1025297,0,293,0,1
10253,0,504,0,1
102530,0,293,0,1
102531,0,11,0,1
1025321,0,198,0,1
1025322,0,499,0,1
1025323,0,500,0,1
1025324,0,503,0,1
1025325,0,504,0,1
1025326,0,505,0,1
1025327,0,503,0,1
1025328,0,502,0,1
1025329,0,505,0,1
1025330,0,507,0,1
1025331,0,505,0,1
1025332,0,505,0,1
1025333,0,506,0,1
1025334,0,506,0,1
1025335,0,507,0,1
1025336,0,502,0,1
1025337,0,502,0,1
1025338,0,505,0,1
1025339,0,503,0,1
1025340,0,502,0,1
1025341,0,503,0,1
1025342,0,505,0,1
1025343,0,505,0,1
1025344,0,503,0,1
1025345,0,505,0,1
1025346,0,505,0,1
1025347,0,505,0,1
1025348,0,503,0,1
1025349,0,505,0,1
1025350,0,501,0,1
1025351,0,505,0,1
1025352,0,506,0,1
1025353,0,505,0,1
1025354,0,506,0,1
1025355,0,500,0,1
1025356,0,502,0,1
1025357,0,503,0,1
1025358,0,500,0,1
1025359,0,506,0,1
1025360,0,507,0,1
1025361,0,506,0,1
1025362,0,504,0,1
1025363,0,505,0,1
1025364,0,500,0,1
1025365,0,505,0,1
1025366,0,506,0,1
1025367,0,502,0,1
1025368,0,501,0,1
1025369,0,505,0,1
1025370,0,501,0,1
1025371,0,368,0,1
10254,0,501,0,1
1025441,0,71,0,1
1025442,0,484,0,1
1025443,0,442,0,1
102545,0,99,0,1
1025467,0,289,0,1
1025468,0,3,0,1
1025479,0,85,0,1
1025480,0,499,0,1
1025481,0,505,0,1
1025482,0,503,0,1
1025483,0,507,0,1
1025484,0,504,0,1
1025485,0,498,0,1
1025486,0,501,0,1
1025487,0,497,0,1
1025488,0,502,0,1
1025489,0,502,0,1
1025490,0,497,0,1
1025491,0,499,0,1
1025492,0,500,0,1
1025493,0,500,0,1
1025494,0,501,0,1
1025495,0,504,0,1
1025496,0,503,0,1
1025497,0,325,0,1
10255,0,501,0,1
102550,0,56,0,1
1025508,0,2,0,1
1025509,0,306,0,1
102551,0,495,0,1
102552,0,498,0,1
102553,0,498,0,1
102554,0,497,0,1
102555,0,494,0,1
102556,0,335,0,1
1025585,0,45,0,1
1025586,0,496,0,1
1025587,0,494,0,1
1025588,0,497,0,1
1025589,0,493,0,1
1025590,0,497,0,1
1025591,0,493,0,1
1025592,0,496,0,1
1025593,0,500,0,1
1025594,0,494,0,1
1025595,0,496,0,1
1025596,0,495,0,1
1025597,0,489,0,1
1025598,0,494,0,1
1025599,0,496,0,1
10256,0,497,0,1
1025600,0,501,0,1
1025601,0,496,0,1
1025602,0,495,0,1
1025603,0,313,0,1
1025606,0,23,0,1
1025624,0,372,0,1
1025625,0,493,0,1
1025626,0,499,0,1
1025627,0,500,0,1
1025628,0,502,0,1
1025629,0,492,0,1
1025630,0,167,0,1
1025658,0,0,0,1
10257,0,387,0,1
1025713,0,20,0,1
1025782,0,20,0,1
1025783,0,500,0,1
1025784,0,418,0,1
1025858,0,298,0,1
1025903,0,316,0,1
1025932,0,304,0,1
1025939,0,474,0,1
1025940,0,493,0,1
1025941,0,5,0,1
1025953,0,0,0,1
1026072,0,221,0,1
1026073,0,495,0,1
1026074,0,499,0,1
1026075,0,484,0,1
1026076,0,496,0,1
1026077,0,498,0,1
1026078,0,232,0,1
1026180,0,320,0,1
1026486,0,426,0,1
1026487,0,493,0,1
1026488,0,499,0,1
1026489,0,498,0,1
1026490,0,492,0,1
1026491,0,489,0,1
1026492,0,497,0,1
1026493,0,491,0,1
1026494,0,498,0,1
1026495,0,495,0,1
1026496,0,499,0,1
1026497,0,493,0,1
1026498,0,499,0,1
1026499,0,497,0,1
1026500,0,499,0,1
1026501,0,495,0,1
1026502,0,502,0,1
1026503,0,274,0,1
1026630,0,26,0,1
1026631,0,273,0,1
1026688,0,481,0,1
1026689,0,495,0,1
1026690,0,493,0,1
1026691,0,492,0,1
1026692,0,487,0,1
1026693,0,406,0,1
1026745,0,408,0,1
1026746,0,495,0,1
1026747,0,45,0,1
102680,0,222,0,1
102681,0,495,0,1
102682,0,493,0,1
102683,0,500,0,1
102684,0,493,0,1
102685,0,500,0,1
102686,0,234,0,1
1026907,0,239,0,1
1026908,0,494,0,1
1026909,0,500,0,1
1026910,0,501,0,1
1026911,0,488,0,1
1026912,0,497,0,1
1026913,0,499,0,1
1026914,0,504,0,1
1026915,0,493,0,1
1026916,0,498,0,1
1026917,0,493,0,1
1026918,0,498,0,1
1026919,0,494,0,1
1026920,0,497,0,1
1026921,0,500,0,1
1026922,0,498,0,1
1026923,0,495,0,1
1026924,0,498,0,1
1026925,0,267,0,1
1027042,0,243,0,1
1027043,0,490,0,1
1027044,0,143,0,1
1027057,0,93,0,1
1027243,0,169,0,1
1027244,0,490,0,1
1027245,0,492,0,1
1027246,0,494,0,1
1027247,0,496,0,1
1027248,0,492,0,1
1027249,0,294,0,1
102729,0,33,0,1
102730,0,500,0,1
102731,0,489,0,1
102732,0,495,0,1
102733,0,495,0,1
102734,0,493,0,1
102735,0,401,0,1
1027364,0,24,0,1
1027365,0,504,0,1
1027366,0,505,0,1
1027367,0,503,0,1
1027368,0,499,0,1
1027369,0,498,0,1
1027370,0,354,0,1
1027411,0,217,0,1
1027412,0,71,0,1
1027440,0,478,0,1
1027441,0,490,2,1
1027442,0,495,0,1
1027443,0,495,0,1
1027444,0,496,0,1
1027445,0,378,0,1
1027464,0,0,0,1
1027465,0,303,0,1
1027527,0,0,0,1
1027577,0,11,0,1
1027648,0,347,0,1
1027649,0,502,0,1
1027650,0,497,0,1
1027651,0,499,0,1
1027652,0,496,0,1
1027653,0,487,0,1
1027654,0,11,0,1
1027659,0,76,0,1
1027660,0,0,0,1
1027672,0,66,0,1
1027673,0,503,0,1
1027674,0,495,0,1
1027675,0,495,0,1
1027676,0,497,0,1
1027677,0,499,0,1
1027678,0,489,0,1
1027679,0,492,0,1
1027680,0,498,0,1
1027681,0,501,0,1
1027682,0,496,0,1
1027683,0,497,0,1
1027684,0,501,0,1
1027685,0,496,0,1
1027686,0,497,0,1
1027687,0,501,0,1
1027688,0,502,0,1
1027689,0,493,0,1
1027690,0,285,0,1
1027699,0,7,0,1
1027700,0,112,0,2
1027701,0,51,0,1
1027764,0,11,0,1
1027839,0,363,0,1
1027840,0,495,0,1
1027841,0,496,0,1
1027842,0,496,0,1
1027843,0,500,0,1
1027844,0,502,0,1
1027845,0,495,0,1
1027846,0,501,0,1
1027847,0,487,0,1
1027848,0,491,0,1
1027849,0,492,0,1
1027850,0,498,0,1
1027851,0,493,0,1
1027852,0,501,0,1
1027853,0,493,0,1
1027854,0,489,0,1
1027855,0,498,0,1
1027856,0,369,0,1
1027880,0,95,0,1
1027929,0,1,0,1
1028230,0,288,0,1
1028231,0,497,0,1
1028232,0,495,0,1
1028233,0,489,0,1
1028234,0,492,0,1
1028235,0,499,0,1
1028236,0,144,0,1
1028309,0,278,0,1
1028310,0,496,0,1
1028311,0,126,0,1
1028321,0,177,0,1
1028322,0,494,0,1
1028323,0,490,0,1
1028324,0,496,0,1
1028325,0,494,0,1
1028326,0,495,0,1
1028327,0,496,0,1
1028328,0,498,0,1
1028329,0,491,0,1
1028330,0,499,0,1
1028331,0,503,0,1
1028332,0,495,0,1
1028333,0,494,0,1
1028334,0,498,0,1
1028335,0,490,0,1
1028336,0,497,0,1
1028337,0,488,0,1
1028338,0,493,0,1
1028339,0,188,0,1
1028363,0,110,0,1
1028364,0,500,0,1
1028365,0,491,0,1
1028366,0,496,0,1
1028367,0,495,0,1
1028368,0,500,0,1
1028369,0,496,0,1
1028370,0,491,0,1
1028371,0,502,0,1
1028372,0,499,0,1
1028373,0,497,0,1
1028374,0,498,0,1
1028375,0,499,0,1
1028376,0,499,0,1
1028377,0,498,0,1
1028378,0,499,0,1
1028379,0,493,0,1
1028380,0,495,0,1
1028381,0,370,0,1
1028418,0,28,0,1
1028471,0,90,0,1
1028545,0,351,0,1
1028546,0,504,0,1
1028547,0,497,0,1
1028548,0,498,0,1
1028549,0,500,0,1
1028550,0,499,0,1
1028551,0,500,0,1
1028552,0,502,0,1
1028553,0,501,0,1
1028554,0,495,0,1
1028555,0,497,0,1
1028556,0,498,0,1
1028557,0,503,0,1
1028558,0,499,0,1
1028559,0,500,0,1
1028560,0,499,0,1
1028561,0,501,0,1
1028562,0,486,0,1
1028593,0,257,0,1
1028594,0,64,0,1
1028741,0,315,0,1
1028789,0,129,0,1
1028790,0,496,0,1
1028791,0,255,0,1
10288,0,444,0,1
1028817,0,377,0,1
1028818,0,500,0,1
1028819,0,497,0,1
1028820,0,496,0,1
1028821,0,506,0,1
1028822,0,508,0,1
1028823,0,504,0,1
1028824,0,502,0,1
1028825,0,503,0,1
1028826,0,502,0,1
1028827,0,501,0,1
1028828,0,501,0,1
1028829,0,504,0,1
1028830,0,502,0,1
1028831,0,503,0,1
1028832,0,503,0,1
1028833,0,502,1,1
1028834,0,502,0,1
1028835,0,270,0,1
1028836,0,502,0,1
1028837,0,494,0,1
1028838,0,500,0,1
1028839,0,501,0,1
1028840,0,499,0,1
1028841,0,177,0,1
1028883,0,26,0,1
10289,0,489,0,1
10290,0,497,0,1
1029003,0,7,0,1
10291,0,497,0,1
1029147,0,243,0,1
1029148,0,492,0,1
1029149,0,493,0,1
1029150,0,489,0,1
1029151,0,498,0,1
1029152,0,501,0,1
1029153,0,498,0,1
1029154,0,498,0,1
1029155,0,500,0,1
1029156,0,493,0,1
1029157,0,489,0,1
1029158,0,500,0,1
1029159,0,490,0,1
1029160,0,494,0,1
1029161,0,500,0,1
1029162,0,500,0,1
1029163,0,494,0,1
1029164,0,499,0,1
1029165,0,25,0,1
102919,0,176,0,1
10292,0,490,0,1
102920,0,498,0,1
102921,0,492,0,1
102922,0,499,0,1
102923,0,498,0,1
102924,0,499,0,1
102925,0,493,0,1
102926,0,494,0,1
102927,0,498,0,1
102928,0,494,0,1
102929,0,493,0,1
10293,0,502,0,1
102930,0,495,0,1
102931,0,499,0,1
102932,0,500,0,1
102933,0,497,0,1
102934,0,500,0,1
102935,0,494,0,1
102936,0,495,0,1
1029366,0,0,0,1
102937,0,135,0,1
1029385,0,76,0,1
1029386,0,494,0,1
1029387,0,493,0,1
1029388,0,487,0,1
1029389,0,492,0,1
1029390,0,488,0,1
1029391,0,434,0,1
10294,0,54,0,1
1029408,0,280,0,1
1029409,0,489,0,1
1029410,0,492,0,1
1029411,0,497,0,1
1029412,0,496,0,1
1029413,0,492,0,1
1029414,0,155,0,1
1029443,0,74,0,1
1029444,0,500,0,1
1029445,0,402,0,1
1029504,0,16,0,1
1029506,0,0,0,1
1029523,0,260,0,1
1029524,0,497,0,1
1029525,0,490,0,1
1029526,0,491,0,1
1029527,0,500,0,1
1029528,0,494,0,1
1029529,0,136,0,1
1029581,0,233,0,1
1029582,0,38,0,1
1029604,0,3,0,1
1029656,0,98,0,1
1029657,0,291,0,2
1029662,0,211,0,1
1029663,0,493,0,1
1029664,0,492,0,1
1029665,0,495,0,1
1029666,0,497,0,1
1029667,0,493,0,1
1029668,0,231,0,1
1029737,0,303,0,1
1029738,0,501,0,1
1029739,0,488,0,1
1029740,0,490,0,1
1029741,0,500,0,1
1029742,0,495,0,1
1029743,0,91,0,1
1029833,0,88,0,1
1029834,0,498,0,1
1029835,0,398,0,1
1029985,0,34,0,1
10300,0,180,0,1
1030010,0,81,0,1
1030011,0,497,0,1
1030012,0,500,0,1
1030013,0,493,0,1
1030014,0,501,0,1
1030015,0,499,0,1
1030016,0,313,0,1
10301,0,499,0,1
1030163,0,105,0,1
10302,0,493,0,1
1030258,0,97,0,1
1030260,0,93,0,1
10303,0,492,0,1
1030344,0,113,0,1
1030345,0,186,0,1
10304,0,502,0,1
1030405,0,231,0,1
1030406,0,489,0,1
1030407,0,487,0,1
1030408,0,500,0,1
1030409,0,492,0,1
1030410,0,489,0,1
1030411,0,214,0,1
1030432,0,181,0,1
1030433,0,505,0,1
1030434,0,497,0,1
1030435,0,502,0,1
1030436,0,494,0,1
1030437,0,500,0,1
1030438,0,499,0,1
1030439,0,500,0,1
1030440,0,499,0,1
1030441,0,503,0,1
1030442,0,503,0,1
1030443,0,502,0,1
1030444,0,503,0,1
1030445,0,501,0,1
1030446,0,500,0,1
1030447,0,500,0,1
1030448,0,502,0,1
1030449,0,504,0,1
1030450,0,502,0,1
1030451,0,498,0,1
1030452,0,500,0,1
1030453,0,502,0,1
1030454,0,504,0,1
1030455,0,500,0,1
1030456,0,504,0,1
1030457,0,505,0,1
1030458,0,504,0,1
1030459,0,505,0,1
1030460,0,501,0,1
1030461,0,505,0,1
1030462,0,501,0,1
1030463,0,502,0,1
1030464,0,502,1,1
1030465,0,502,1,1
1030466,0,503,0,1
1030467,0,502,0,1
1030468,0,498,0,1
1030469,0,504,0,1
1030470,0,503,0,1
1030471,0,504,0,1
1030472,0,502,0,1
1030473,0,504,0,1
1030474,0,500,0,1
1030475,0,504,0,1
1030476,0,500,0,1
1030477,0,506,0,1
1030478,0,502,0,1
1030479,0,501,0,1
1030480,0,503,0,1
1030481,0,504,0,1
1030482,0,485,0,1
10305,0,496,0,1
10306,0,494,0,1
1030601,0,4,0,1
1030621,0,308,0,1
10307,0,495,0,1
1030756,0,24,0,1
1030757,0,268,0,1
10308,0,491,0,1
1030814,0,7,0,1
1030815,0,75,0,1
1030825,0,184,0,1
1030826,0,139,0,1
1030841,0,284,0,1
1030845,0,8,0,1
1030875,0,297,0,1
1030876,0,31,0,2
10309,0,493,0,1
10310,0,497,0,1
1031041,0,201,0,1
1031042,0,499,0,1
1031043,0,500,0,1
1031044,0,499,0,1
1031045,0,501,0,1
1031046,0,499,0,1
1031047,0,253,0,1
1031052,0,80,0,1
1031053,0,0,0,1
10311,0,497,0,1
1031172,0,315,0,1
1031174,0,438,0,1
1031175,0,498,0,1
1031176,0,497,0,1
1031177,0,492,0,1
1031178,0,493,0,1
1031179,0,481,0,1
1031181,0,74,0,1
1031182,0,493,0,1
1031183,0,487,0,1
1031184,0,493,0,1
1031185,0,499,0,1
1031186,0,487,0,1
1031187,0,392,0,2
1031188,0,493,0,1
1031189,0,316,0,1
10312,0,490,0,1
1031209,0,322,0,1
1031263,0,16,0,1
1031264,0,306,0,1
1031265,0,498,0,1
1031266,0,238,0,1
1031274,0,63,0,1
1031275,0,249,0,1
10313,0,496,0,1
1031369,0,87,0,1
10314,0,495,0,1
1031475,0,49,0,1
1031476,0,496,0,1
1031477,0,497,0,1
1031478,0,491,0,1
1031479,0,498,0,1
1031480,0,494,0,1
1031481,0,380,0,1
10315,0,496,0,1
10316,0,499,0,1
10317,0,499,0,1
1031738,0,7,0,1
10318,0,33,0,1
1031864,0,0,0,1
1031865,0,500,0,1
1031866,0,494,0,1
1031867,0,495,0,1
1031868,0,487,0,1
1031869,0,491,0,1
1031870,0,497,0,1
1031871,0,495,0,1
1031872,0,499,0,1
1031873,0,496,0,1
1031874,0,494,0,1
1031875,0,495,0,1
1031876,0,492,0,1
1031877,0,503,0,1
1031878,0,494,0,1
1031879,0,497,0,1
1031880,0,499,0,1
1031881,0,492,0,1
1031882,0,496,0,1
1031883,0,26,0,1
1031917,0,89,0,1
1031954,0,263,0,1
1032095,0,293,0,1
1032200,0,201,0,1
1032201,0,497,0,1
1032202,0,305,0,1
1032219,0,10,0,1
1032220,0,491,0,1
1032221,0,491,0,1
1032222,0,496,0,1
1032223,0,498,0,1
1032224,0,501,0,1
1032225,0,393,0,1
1032369,0,5,0,1
1032447,0,3,0,1
1032498,0,0,0,1
1032509,0,280,0,1
1032510,0,500,0,1
1032511,0,499,0,1
1032512,0,495,0,1
1032513,0,495,0,1
1032514,0,502,0,1
1032515,0,491,0,1
1032516,0,496,0,1
1032517,0,497,0,1
1032518,0,501,0,1
1032519,0,501,0,1
1032520,0,491,0,1
1032521,0,496,0,1
1032522,0,497,0,1
1032523,0,487,0,1
1032524,0,503,0,1
1032525,0,499,0,1
1032526,0,447,0,1
1032541,0,98,0,1
1032557,0,65,0,1
1032558,0,223,0,1
1032565,0,306,0,1
1032566,0,497,0,1
1032567,0,502,0,1
1032568,0,500,0,1
1032569,0,497,0,1
1032570,0,498,0,1
1032571,0,496,0,1
1032572,0,504,0,1
1032573,0,499,0,1
1032574,0,498,0,1
1032575,0,496,0,1
1032576,0,497,0,1
1032577,0,497,0,1
1032578,0,502,0,1
1032579,0,499,0,1
1032580,0,494,0,1
1032581,0,492,0,1
1032582,0,494,0,1
1032583,0,492,0,1
1032584,0,502,0,1
1032585,0,497,0,1
1032586,0,505,0,1
1032587,0,500,0,1
1032588,0,499,0,1
1032589,0,500,0,1
1032590,0,497,0,1
1032591,0,500,0,1
1032592,0,501,0,1
1032593,0,497,0,1
1032594,0,496,0,1
1032595,0,497,0,1
1032596,0,501,0,1
1032597,0,497,0,1
1032598,0,502,0,1
1032599,0,501,0,1
1032600,0,502,0,1
1032601,0,499,0,1
1032602,0,500,0,1
1032603,0,493,0,1
1032604,0,501,0,1
1032605,0,502,0,1
1032606,0,492,0,1
1032607,0,497,0,1
1032608,0,503,0,1
1032609,0,495,0,1
1032610,0,500,0,1
1032611,0,495,0,1
1032612,0,501,0,1
1032613,0,498,0,1
1032614,0,499,0,1
1032615,0,173,0,1
1032619,0,136,0,1
1032620,0,492,0,1
1032621,0,313,0,1
1032623,0,286,0,1
1032648,0,171,1,1
1032649,0,494,0,1
1032650,0,491,0,1
1032651,0,496,0,1
1032652,0,488,0,1
1032653,0,493,0,1
1032654,0,275,0,1
1032700,0,364,0,1
1032701,0,499,0,1
1032702,0,497,0,1
1032703,0,495,0,1
1032704,0,498,0,1
1032705,0,500,0,1
1032706,0,496,0,1
1032707,0,489,0,1
1032708,0,498,0,1
1032709,0,488,0,1
1032710,0,489,0,1
1032711,0,496,0,1
1032712,0,495,0,1
1032713,0,500,0,1
1032714,0,496,0,1
1032715,0,495,0,1
1032716,0,499,0,1
1032717,0,328,0,1
1032726,0,164,0,1
1032727,0,504,0,1
1032728,0,499,0,1
1032729,0,502,0,1
1032730,0,507,0,1
1032731,0,503,0,1
1032732,0,501,0,1
1032733,0,504,0,1
1032734,0,499,0,1
1032735,0,502,0,1
1032736,0,501,0,1
1032737,0,504,0,1
1032738,0,507,0,1
1032739,0,502,0,1
1032740,0,501,0,1
1032741,0,498,0,1
1032742,0,498,0,1
1032743,0,503,0,1
1032744,0,501,0,1
1032745,0,504,0,1
1032746,0,498,0,1
1032747,0,499,0,1
1032748,0,503,0,1
1032749,0,503,0,1
1032750,0,506,0,1
1032751,0,499,0,1
1032752,0,499,0,1
1032753,0,498,1,1
1032754,0,497,0,1
1032755,0,502,0,1
1032756,0,504,0,1
1032757,0,501,0,1
1032758,0,505,0,1
1032759,0,502,0,1
1032760,0,503,0,1
1032761,0,499,0,1
1032762,0,497,0,1
1032763,0,503,0,1
1032764,0,501,0,1
1032765,0,496,0,1
1032766,0,501,0,1
1032767,0,503,0,1
1032768,0,502,0,1
1032769,0,499,1,1
1032770,0,499,0,1
1032771,0,505,0,1
1032772,0,502,0,1
1032773,0,501,0,1
1032774,0,498,0,1
1032775,0,504,0,1
1032776,0,317,0,1
103278,0,391,0,1
103279,0,498,0,1
103280,0,501,0,1
103281,0,498,0,1
103282,0,498,0,1
103283,0,495,0,1
103284,0,92,0,1
1033043,0,265,0,1
1033044,0,502,0,1
1033045,0,503,0,1
1033046,0,498,0,1
1033047,0,501,0,1
1033048,0,497,0,1
1033049,0,499,0,1
1033050,0,508,0,1
1033051,0,500,0,1
1033052,0,502,0,1
1033053,0,496,0,1
1033054,0,499,0,1
1033055,0,499,0,1
1033056,0,502,0,1
1033057,0,500,0,1
1033058,0,502,0,1
1033059,0,501,0,1
1033060,0,501,0,1
1033061,0,501,0,1
1033062,0,498,0,1
1033063,0,501,0,1
1033064,0,505,0,1
1033065,0,504,0,1
1033066,0,502,0,1
1033067,0,502,0,1
1033068,0,499,0,1
1033069,0,500,0,1
1033070,0,504,0,1
1033071,0,498,0,1
1033072,0,502,0,1
1033073,0,500,0,1
1033074,0,497,0,1
1033075,0,503,0,1
1033076,0,501,0,1
1033077,0,498,0,1
1033078,0,503,0,1
1033079,0,496,0,1
1033080,0,496,0,1
1033081,0,500,0,1
1033082,0,496,0,1
1033083,0,503,0,1
1033084,0,496,0,1
1033085,0,501,0,1
1033086,0,504,0,1
1033087,0,496,0,1
1033088,0,497,0,1
1033089,0,505,0,1
1033090,0,502,0,1
1033091,0,499,0,1
1033092,0,501,0,1
1033093,0,344,0,1
1033130,0,0,0,1
1033131,0,30,0,1
1033170,0,59,0,1
1033171,0,501,0,1
1033172,0,499,0,1
1033173,0,497,0,1
1033174,0,496,0,1
1033175,0,495,0,1
1033176,0,307,0,1
1033213,0,146,0,1
1033214,0,496,0,1
1033215,0,496,0,1
1033216,0,494,0,1
1033217,0,498,1,1
1033218,0,496,0,1
1033219,0,288,0,1
1033241,0,96,0,1
1033242,0,501,0,1
1033243,0,403,0,1
1033252,0,348,0,1
1033253,0,494,0,1
1033254,0,498,0,1
1033255,0,491,0,1
1033256,0,495,0,1
1033257,0,493,0,1
1033258,0,94,0,1
1033528,0,388,0,1
1033529,0,498,0,1
1033530,0,42,0,1
103358,0,36,0,1
1033589,0,283,0,1
103359,0,282,0,1
1033590,0,2,0,1
1033599,0,307,0,1
1033604,0,32,0,1
1033612,0,309,0,1
1033653,0,469,0,1
1033654,0,485,0,1
1033655,0,12,0,1
1033684,0,94,0,1
1033711,0,24,0,1
1033781,0,208,0,1
1033782,0,501,0,1
1033783,0,501,0,1
1033784,0,502,0,1
1033785,0,505,0,1
1033786,0,500,0,1
1033787,0,503,0,1
1033788,0,500,0,1
1033789,0,503,0,1
1033790,0,500,0,1
1033791,0,503,0,1
1033792,0,502,0,1
1033793,0,503,0,1
1033794,0,502,0,1
1033795,0,497,0,1
1033796,0,497,0,1
1033797,0,500,0,1
1033798,0,503,0,1
1033799,0,502,0,1
1033800,0,505,0,1
1033801,0,506,0,1
1033802,0,500,0,1
1033803,0,506,0,1
1033804,0,502,0,1
1033805,0,501,0,1
1033806,0,502,0,1
1033807,0,504,0,1
1033808,0,505,0,1
1033809,0,505,1,1
1033810,0,503,0,1
1033811,0,506,0,1
1033812,0,501,0,1
1033813,0,505,0,1
1033814,0,507,0,1
1033815,0,506,0,1
1033816,0,505,0,1
1033817,0,500,0,1
1033818,0,503,0,1
1033819,0,503,0,1
1033820,0,505,0,1
1033821,0,498,0,1
1033822,0,502,0,1
1033823,0,498,0,1
1033824,0,499,0,1
1033825,0,497,2,1
1033826,0,501,0,1
1033827,0,509,0,1
1033828,0,503,0,1
1033829,0,503,0,1
1033830,0,503,0,1
1033831,0,367,0,1
1033931,0,111,0,1
1034116,0,163,0,1
1034117,0,167,0,1
1034237,0,477,0,1
1034238,0,458,0,1
1034239,0,299,0,1
1034245,0,299,0,1
1034280,0,21,0,1
1034296,0,472,0,1
1034297,0,494,0,1
1034298,0,484,0,1
1034299,0,487,0,1
1034300,0,492,0,1
1034301,0,437,0,1
1034370,0,417,0,1
1034371,0,496,0,1
1034372,0,495,0,1
1034373,0,499,0,1
1034374,0,496,0,1
1034375,0,500,0,1
1034376,0,495,0,1
1034377,0,494,0,1
1034378,0,494,0,1
1034379,0,500,0,1
1034380,0,501,0,1
1034381,0,496,0,1
1034382,0,498,0,1
1034383,0,493,0,1
1034384,0,493,0,1
1034385,0,493,0,1
1034386,0,500,0,1
1034387,0,497,0,1
1034504,0,282,0,1
1034505,0,501,0,1
1034506,0,499,0,1
1034507,0,497,0,1
1034508,0,504,0,1
1034509,0,502,0,1
1034510,0,501,0,1
1034511,0,499,0,1
1034512,0,497,0,1
1034513,0,503,0,1
1034514,0,496,0,1
1034515,0,501,0,1
1034516,0,494,0,1
1034517,0,500,0,1
1034518,0,497,0,1
1034519,0,504,0,1
1034520,0,499,0,1
1034521,0,493,0,1
1034522,0,24,0,1
103459,0,58,0,1
103460,0,500,0,1
1034602,0,10,0,1
103461,0,495,0,1
103462,0,488,0,1
103463,0,497,0,1
103464,0,502,0,1
103465,0,307,0,1
1034652,0,7,0,1
1034679,0,232,0,1
1034680,0,491,0,1
1034681,0,211,0,1
103490,0,8,0,1
103491,0,502,0,1
103492,0,503,0,1
1034927,0,17,0,1
103493,0,502,0,1
1034934,0,442,0,1
1034935,0,491,0,1
1034936,0,499,0,1
1034937,0,498,0,1
1034938,0,499,0,1
1034939,0,498,0,1
103494,0,501,0,1
1034940,0,503,0,1
1034941,0,498,0,1
1034942,0,502,0,1
1034943,0,504,0,1
1034944,0,499,0,1
1034945,0,501,0,1
1034946,0,493,0,1
1034947,0,498,0,1
1034948,0,499,0,1
1034949,0,501,0,1
103495,0,503,0,1
1034950,0,501,0,1
1034951,0,498,0,1
1034952,0,498,0,1
1034953,0,502,0,1
1034954,0,500,0,1
1034955,0,500,0,1
1034956,0,502,0,1
1034957,0,498,0,1
1034958,0,499,0,1
1034959,0,499,0,1
103496,0,507,0,1
1034960,0,501,0,1
1034961,0,502,0,1
1034962,0,503,0,1
1034963,0,496,0,1
1034964,0,500,0,1
1034965,0,499,0,1
1034966,0,502,0,1
1034967,0,505,0,1
1034968,0,503,0,1
1034969,0,501,0,1
103497,0,494,0,1
1034970,0,500,0,1
1034971,0,498,0,1
1034972,0,502,0,1
1034973,0,501,0,1
1034974,0,506,0,1
1034975,0,501,0,1
1034976,0,496,0,1
1034977,0,504,0,1
1034978,0,501,0,1
1034979,0,504,0,1
103498,0,497,0,1
1034980,0,493,0,1
1034981,0,496,0,1
1034982,0,498,0,1
1034983,0,499,0,1
1034984,0,96,0,1
103499,0,500,0,1
103500,0,503,0,1
1035002,0,469,0,1
1035003,0,481,0,1
103501,0,503,0,1
103502,0,500,0,1
103503,0,497,0,1
103504,0,493,0,1
103505,0,506,0,1
103506,0,499,0,1
103507,0,502,0,1
103508,0,498,0,1
103509,0,504,0,1
103510,0,504,0,1
103511,0,506,0,1
1035116,0,29,0,1
103512,0,501,0,1
103513,0,500,0,1
103514,0,507,0,1
103515,0,505,0,1
103516,0,502,0,1
103517,0,501,0,1
103518,0,498,0,1
103519,0,500,0,1
103520,0,502,0,1
103521,0,502,0,1
103522,0,502,0,1
103523,0,505,0,1
1035237,0,37,0,1
103524,0,500,0,1
103525,0,500,0,1
103526,0,503,0,1
103527,0,504,0,1
103528,0,501,0,1
103529,0,504,0,1
1035297,0,252,0,1
1035298,0,490,0,1
1035299,0,185,0,1
103530,0,505,0,1
103531,0,505,0,1
103532,0,504,0,1
103533,0,504,0,1
103534,0,508,0,1
103535,0,506,0,1
103536,0,503,0,1
103537,0,505,0,1
103538,0,505,0,1
103539,0,505,0,1
103540,0,493,0,1
1035533,0,337,0,1
1035534,0,498,0,1
1035535,0,495,0,1
1035536,0,495,0,1
1035537,0,492,0,1
1035538,0,500,0,1
1035539,0,66,0,1
1035558,0,166,0,1
1035559,0,489,0,1
1035560,0,491,0,1
1035561,0,490,0,1
1035562,0,492,0,1
1035563,0,495,0,1
1035564,0,358,0,1
1035638,0,0,0,1
1035678,0,22,0,1
1035697,0,269,0,1
1035698,0,39,0,1
1035770,0,169,0,1
1035771,0,496,0,1
1035772,0,260,0,1
1035845,0,46,0,1
1035846,0,48,0,1
1035896,0,311,0,1
1035897,0,5,0,1
1035964,0,274,0,1
1035965,0,491,0,1
1035966,0,494,0,1
1035967,0,496,0,1
1035968,0,497,0,1
1035969,0,489,0,1
1035970,0,494,0,1
1035971,0,500,0,1
1035972,0,496,0,1
1035973,0,498,0,1
1035974,0,495,0,1
1035975,0,502,0,1
1035976,0,497,0,1
1035977,0,498,0,1
1035978,0,496,0,1
1035979,0,497,0,1
1035980,0,496,0,1
1035981,0,409,0,1
1036020,0,10,0,1
1036021,0,259,0,1
103607,0,17,0,1
1036075,0,15,0,1
1036076,0,495,0,1
1036077,0,492,0,2
1036078,0,491,0,1
1036079,0,493,0,1
103608,0,274,0,1
1036080,0,500,0,1
1036081,0,490,0,1
1036082,0,495,0,1
1036083,0,354,0,1
1036091,0,299,0,1
1036124,0,263,0,1
1036125,0,39,0,1
1036167,0,86,0,1
1036184,0,0,0,1
103625,0,296,0,1
103626,0,10,0,1
1036289,0,26,0,1
1036361,0,247,0,1
1036362,0,499,0,1
1036363,0,493,0,1
1036364,0,495,0,1
1036365,0,498,0,1
1036366,0,503,0,1
1036367,0,263,0,1
1036391,0,89,0,1
1036405,0,34,0,1
1036483,0,11,0,1
1036562,0,1,0,1
1036700,0,0,0,1
1036703,0,19,0,1
1036704,0,126,0,2
1036705,0,500,0,1
1036706,0,504,0,1
1036707,0,496,0,1
1036708,0,494,0,1
1036709,0,495,0,1
1036710,0,496,0,1
1036711,0,498,0,1
1036712,0,502,0,1
1036713,0,495,0,1
1036714,0,498,0,1
1036715,0,501,0,1
1036716,0,498,0,1
1036717,0,499,0,1
1036718,0,498,0,1
1036719,0,498,0,1
1036720,0,496,0,1
1036721,0,489,0,1
1036722,0,496,0,1
1036723,0,499,0,1
1036724,0,502,0,1
1036725,0,493,0,1
1036726,0,496,0,1
1036727,0,497,0,1
1036728,0,494,0,1
1036729,0,502,0,1
1036730,0,499,0,1
1036731,0,492,0,1
1036732,0,497,0,1
1036733,0,498,0,1
1036734,0,499,0,1
1036735,0,501,0,1
1036736,0,495,0,1
1036737,0,494,0,1
1036738,0,498,0,1
1036739,0,495,0,1
1036740,0,501,0,1
1036741,0,494,0,1
1036742,0,496,0,1
1036743,0,497,0,1
1036744,0,498,0,1
1036745,0,500,0,1
1036746,0,494,0,1
1036747,0,500,0,1
1036748,0,505,0,1
1036749,0,499,0,1
1036750,0,499,0,1
1036751,0,500,0,1
1036752,0,498,0,1
1036753,0,500,0,1
1036754,0,416,0,1
1036817,0,323,0,1
1036844,0,11,0,1
1036845,0,504,0,1
1036846,0,503,0,1
1036847,0,506,0,1
1036848,0,503,0,1
1036849,0,504,0,1
1036850,0,502,0,1
1036851,0,502,0,1
1036852,0,499,0,1
1036853,0,499,0,1
1036854,0,501,0,1
1036855,0,500,0,1
1036856,0,500,0,1
1036857,0,502,0,1
1036858,0,499,0,1
1036859,0,502,0,1
1036860,0,499,0,1
1036861,0,499,0,1
1036862,0,504,0,1
1036863,0,507,0,1
1036864,0,501,0,1
1036865,0,496,1,1
1036866,0,502,0,1
1036867,0,497,0,1
1036868,0,501,0,1
1036869,0,506,0,1
1036870,0,502,0,1
1036871,0,500,0,1
1036872,0,504,0,1
1036873,0,503,0,1
1036874,0,498,0,1
1036875,0,503,0,1
1036876,0,502,0,1
1036877,0,496,0,1
1036878,0,497,0,1
1036879,0,503,0,1
1036880,0,502,0,1
1036881,0,505,0,1
1036882,0,501,0,1
1036883,0,503,0,1
1036884,0,502,0,1
1036885,0,497,0,1
1036886,0,502,0,1
1036887,0,504,0,1
1036888,0,501,0,1
1036889,0,505,0,1
1036890,0,505,0,1
1036891,0,498,0,1
1036892,0,499,0,1
1036893,0,504,0,1
1036894,0,276,0,1
1036903,0,4,0,1
1036904,0,499,0,1
1036905,0,495,0,1
1036906,0,491,0,1
1036907,0,489,0,1
1036908,0,493,0,1
1036909,0,418,0,1
1037018,0,100,0,1
1037045,0,361,0,1
1037046,0,498,0,1
1037047,0,96,0,1
1037062,0,349,0,1
1037063,0,497,0,1
1037064,0,497,0,1
1037065,0,488,0,1
1037066,0,493,0,1
1037067,0,495,0,1
1037068,0,156,0,1
1037107,0,276,0,1
1037117,0,1,0,1
1037172,0,133,0,1
1037173,0,504,0,1
1037174,0,506,0,1
1037175,0,503,0,1
1037176,0,503,0,1
1037177,0,504,0,1
1037178,0,506,0,1
1037179,0,502,0,1
1037180,0,503,0,1
1037181,0,497,0,1
1037182,0,504,0,1
1037183,0,505,0,1
1037184,0,507,0,1
1037185,0,492,12,1
1037186,0,505,0,1
1037187,0,508,0,1
1037188,0,503,0,1
1037189,0,503,0,1
1037190,0,506,0,1
1037191,0,502,0,1
1037192,0,507,0,1
1037193,0,509,0,1
1037194,0,509,0,1
1037195,0,500,0,1
1037196,0,505,0,1
1037197,0,507,0,1
1037198,0,500,0,1
1037199,0,502,0,1
1037200,0,506,0,1
1037201,0,488,15,1
1037202,0,509,0,1
1037203,0,504,0,1
1037204,0,508,0,1
1037205,0,506,0,1
1037206,0,504,0,1
1037207,0,509,0,1
1037208,0,506,0,1
1037209,0,500,0,1
1037210,0,506,0,1
1037211,0,507,0,1
1037212,0,500,0,1
1037213,0,505,0,1
1037214,0,508,0,1
1037215,0,507,0,1
1037216,0,504,0,1
1037217,0,482,16,1
1037218,0,508,0,1
1037219,0,505,0,1
1037220,0,503,0,1
1037221,0,507,0,1
1037222,0,508,0,1
1037223,0,506,0,1
1037224,0,506,0,1
1037225,0,509,0,1
1037226,0,507,0,1
1037227,0,508,0,1
1037228,0,506,0,1
1037229,0,503,0,1
1037230,0,506,0,1
1037231,0,506,0,1
1037232,0,508,0,1
1037233,0,489,11,1
1037234,0,504,0,1
1037235,0,508,0,1
1037236,0,507,0,1
1037237,0,507,0,1
1037238,0,507,0,1
1037239,0,506,0,1
1037240,0,504,0,1
1037241,0,504,0,1
1037242,0,502,0,1
1037243,0,506,0,1
1037244,0,503,0,1
1037245,0,509,0,1
1037246,0,504,0,1
1037247,0,506,0,1
1037248,0,506,0,1
1037249,0,492,8,1
1037250,0,507,0,1
1037251,0,507,0,1
1037252,0,508,0,1
1037253,0,504,0,1
1037254,0,503,0,1
1037255,0,505,0,1
1037256,0,506,0,1
1037257,0,505,0,1
1037258,0,510,0,1
1037259,0,504,0,1
1037260,0,506,0,1
1037261,0,506,0,1
1037262,0,502,0,1
1037263,0,508,0,1
1037264,0,507,0,1
1037265,0,482,18,1
1037266,0,505,0,1
1037267,0,504,0,1
1037268,0,509,0,1
1037269,0,507,0,1
1037270,0,506,0,1
1037271,0,509,0,1
1037272,0,506,0,1
1037273,0,506,0,1
1037274,0,509,0,1
1037275,0,508,0,1
1037276,0,504,0,1
1037277,0,504,0,1
1037278,0,506,0,1
1037279,0,503,0,1
1037280,0,506,0,1
1037281,0,487,13,1
1037282,0,507,0,1
1037283,0,506,0,1
1037284,0,506,0,1
1037285,0,505,0,1
1037286,0,505,0,1
1037287,0,507,0,1
1037288,0,506,0,1
1037289,0,508,0,1
1037290,0,507,0,1
1037291,0,505,0,1
1037292,0,501,0,1
1037293,0,510,0,1
1037294,0,506,0,1
1037295,0,506,0,1
1037296,0,505,0,1
1037297,0,490,14,1
1037298,0,504,0,1
1037299,0,506,0,1
1037300,0,506,0,1
1037301,0,506,0,1
1037302,0,508,0,1
1037303,0,505,0,1
1037304,0,508,0,1
1037305,0,107,0,1
1037348,0,14,0,1
1037363,0,27,0,1
1037364,0,497,0,1
1037365,0,500,0,1
1037366,0,502,0,1
1037367,0,501,0,1
1037368,0,502,0,1
1037369,0,498,0,1
1037370,0,499,0,1
1037371,0,498,0,1
1037372,0,503,0,1
1037373,0,496,0,1
1037374,0,498,0,1
1037375,0,495,0,1
1037376,0,498,0,1
1037377,0,499,0,1
1037378,0,493,0,1
1037379,0,500,0,1
1037380,0,504,0,1
1037381,0,230,0,1
103740,0,30,0,1
1037412,0,255,0,1
1037413,0,504,0,1
1037414,0,500,0,1
1037415,0,506,0,1
1037416,0,506,0,1
1037417,0,501,0,1
1037418,0,501,0,1
1037419,0,506,0,1
1037420,0,506,0,1
1037421,0,500,0,1
1037422,0,499,0,1
1037423,0,500,0,1
1037424,0,500,0,1
1037425,0,502,0,1
1037426,0,505,0,1
1037427,0,503,0,1
1037428,0,500,0,1
1037429,0,504,0,1
1037430,0,154,0,1
1037437,0,363,0,1
1037438,0,494,0,1
1037439,0,122,0,1
1037442,0,322,0,1
1037449,0,30,0,1
1037450,0,496,0,1
1037451,0,491,0,1
1037452,0,495,0,1
1037453,0,496,0,1
1037454,0,499,0,1
1037455,0,498,0,1
1037456,0,494,0,1
1037457,0,496,0,1
1037458,0,500,0,1
1037459,0,504,0,1
1037460,0,501,0,1
1037461,0,499,0,1
1037462,0,501,0,1
1037463,0,498,0,1
1037464,0,498,0,1
1037465,0,500,0,1
1037466,0,501,0,1
1037467,0,261,0,1
103754,0,53,0,1
1037547,0,301,0,1
1037548,0,505,0,1
1037549,0,508,0,1
103755,0,497,0,1
1037550,0,509,0,1
1037551,0,506,0,1
1037552,0,510,0,1
1037553,0,501,0,1
1037554,0,506,0,1
1037555,0,508,0,1
1037556,0,507,0,1
1037557,0,505,0,1
1037558,0,503,0,1
1037559,0,508,0,1
103756,0,466,0,1
1037560,0,506,0,1
1037561,0,502,0,1
1037562,0,504,0,1
1037563,0,506,0,1
1037564,0,502,0,1
1037565,0,132,0,1
1037601,0,190,0,1
1037602,0,111,0,1
1037685,0,333,0,1
1037686,0,0,0,1
1037711,0,89,0,1
1037712,0,4,0,1
103773,0,273,0,1
103774,0,504,0,1
103775,0,206,0,1
1037761,0,49,0,1
1037762,0,47,0,1
1037860,0,427,0,1
1037861,0,486,0,1
1037924,0,235,0,1
1037925,0,501,0,1
1037926,0,503,0,1
1037927,0,503,0,1
1037928,0,502,0,1
1037929,0,503,0,1
1037930,0,206,0,1
1038000,0,280,0,1
1038001,0,497,0,1
1038002,0,191,0,1
103802,0,485,0,1
103803,0,498,0,1
103804,0,11,0,1
1038064,0,0,0,1
1038065,0,496,2,1
1038066,0,457,0,1
103810,0,0,0,1
1038101,0,305,0,1
103811,0,498,0,1
103812,0,493,0,1
103813,0,493,0,1
103814,0,496,0,1
103815,0,494,0,1
103816,0,344,0,1
1038181,0,90,0,1
1038182,0,224,0,1
1038270,0,183,0,1
1038271,0,135,0,1
1038302,0,117,0,1
1038303,0,500,0,1
1038304,0,490,0,1
1038305,0,497,3,1
1038306,0,490,0,1
1038307,0,490,0,1
1038308,0,277,0,1
1038311,0,94,0,2
1038467,0,308,0,1
103850,0,134,0,1
103851,0,494,0,1
103852,0,265,0,1
1038522,0,271,0,1
103869,0,204,0,1
103870,0,491,0,1
103871,0,491,0,1
103872,0,498,0,1
103873,0,497,0,1
1038733,0,460,0,1
1038734,0,489,0,1
1038735,0,490,0,1
1038736,0,497,0,1
1038737,0,493,0,1
1038738,0,494,0,1
1038739,0,2,0,1
103874,0,491,0,1
103875,0,490,0,1
103876,0,496,0,1
103877,0,489,0,1
103878,0,497,0,1
103879,0,505,0,1
103880,0,496,0,1
103881,0,495,0,1
103882,0,495,0,1
103883,0,501,0,1
1038836,0,298,0,1
1038837,0,506,1,1
1038838,0,495,0,1
1038839,0,494,0,1
103884,0,496,0,1
1038840,0,498,0,1
1038841,0,494,0,1
1038842,0,500,0,1
1038843,0,500,0,1
1038844,0,496,0,1
1038845,0,494,0,1
1038846,0,498,0,1
1038847,0,501,0,1
1038848,0,497,0,1
1038849,0,498,0,1
103885,0,499,0,1
1038850,0,501,0,1
1038851,0,497,0,1
1038852,0,504,0,1
1038853,0,501,0,1
1038854,0,51,0,1
1038858,0,0,0,1
103886,0,422,0,1
1038899,0,168,0,1
1038900,0,127,0,1
1038996,0,418,0,1
1038997,0,495,0,1
1038998,0,499,0,1
1038999,0,494,0,1
1039000,0,497,0,1
1039001,0,492,0,1
1039002,0,7,0,1
1039077,0,89,0,1
103928,0,414,0,1
103929,0,495,0,1
103930,0,499,0,1
103931,0,500,0,1
103932,0,495,0,1
103933,0,497,0,1
1039453,0,241,0,1
1039454,0,502,0,1
1039455,0,505,0,1
1039456,0,500,0,1
1039457,0,504,0,1
1039458,0,498,0,1
1039459,0,500,0,1
1039460,0,500,0,1
1039461,0,502,0,1
1039462,0,502,0,1
1039463,0,504,0,1
1039464,0,504,0,1
1039465,0,494,0,1
1039466,0,503,0,1
1039467,0,498,0,1
1039468,0,497,0,1
1039469,0,502,0,1
1039470,0,498,0,1
1039471,0,339,0,2
1039472,0,489,0,1
1039473,0,498,0,1
1039474,0,498,0,1
1039475,0,496,0,1
1039476,0,495,0,1
1039477,0,103,0,1
1039534,0,460,0,1
1039535,0,497,0,1
1039536,0,499,0,1
1039537,0,497,1,1
1039538,0,498,0,1
1039539,0,499,0,1
1039540,0,361,0,2
1039545,0,12,0,1
1039546,0,503,0,1
1039547,0,504,0,1
1039548,0,496,0,1
1039549,0,494,0,1
1039550,0,502,0,1
1039551,0,494,0,1
1039552,0,500,0,1
1039553,0,500,0,1
1039554,0,498,0,1
1039555,0,500,0,1
1039556,0,500,0,1
1039557,0,503,0,1
1039558,0,498,0,1
1039559,0,500,0,1
1039560,0,506,0,1
1039561,0,502,0,1
1039562,0,501,0,1
1039563,0,499,0,1
1039564,0,499,0,1
1039565,0,500,0,1
1039566,0,505,0,1
1039567,0,497,0,1
1039568,0,497,0,1
1039569,0,500,1,1
1039570,0,496,0,1
1039571,0,509,0,1
1039572,0,500,0,1
1039573,0,501,0,1
1039574,0,498,0,1
1039575,0,505,0,1
1039576,0,501,0,1
1039577,0,498,0,1
1039578,0,499,0,1
1039579,0,506,0,1
1039580,0,496,0,1
1039581,0,493,0,1
1039582,0,500,0,1
1039583,0,501,0,1
1039584,0,502,0,1
1039585,0,505,0,1
1039586,0,507,0,1
1039587,0,503,0,1
1039588,0,501,0,1
1039589,0,499,0,1
1039590,0,501,0,1
1039591,0,500,0,1
1039592,0,505,0,1
1039593,0,504,0,1
1039594,0,499,0,1
1039595,0,497,0,1
1039596,0,210,0,1
1039621,0,286,0,1
1039633,0,363,0,1
1039634,0,497,0,1
1039635,0,502,0,1
1039636,0,505,0,1
1039637,0,498,0,1
1039638,0,498,0,1
1039639,0,159,0,1
1039790,0,193,0,1
1039791,0,507,0,1
1039792,0,506,0,1
1039793,0,505,0,1
1039794,0,504,0,1
1039795,0,505,0,1
1039796,0,506,0,1
1039797,0,502,0,1
1039798,0,505,0,1
1039799,0,503,0,1
1039800,0,505,0,1
1039801,0,506,0,1
1039802,0,502,0,1
1039803,0,505,0,1
1039804,0,505,0,1
1039805,0,509,0,1
1039806,0,505,0,1
1039807,0,505,0,1
1039808,0,506,0,1
1039809,0,502,1,1
1039810,0,500,0,1
1039811,0,504,0,1
1039812,0,506,0,1
1039813,0,503,0,1
1039814,0,507,0,1
1039815,0,504,0,1
1039816,0,507,0,1
1039817,0,499,0,1
1039818,0,507,0,1
1039819,0,504,0,1
1039820,0,505,0,1
1039821,0,502,0,1
1039822,0,508,0,1
1039823,0,507,0,1
1039824,0,507,0,1
1039825,0,503,3,1
1039826,0,502,0,1
1039827,0,506,0,1
1039828,0,507,0,1
1039829,0,505,0,1
1039830,0,507,0,1
1039831,0,505,0,1
1039832,0,505,0,1
1039833,0,506,0,1
1039834,0,507,0,1
1039835,0,508,0,1
1039836,0,504,0,1
1039837,0,505,0,1
1039838,0,506,0,1
1039839,0,506,0,1
103984,0,2,0,1
1039840,0,508,0,1
1039841,0,506,0,1
1039842,0,505,0,1
1039843,0,503,0,1
1039844,0,507,0,1
1039845,0,507,0,1
1039846,0,507,0,1
1039847,0,506,0,1
1039848,0,504,0,1
1039849,0,504,0,1
1039850,0,506,0,1
1039851,0,505,0,1
1039852,0,505,0,1
1039853,0,504,0,1
1039854,0,506,0,1
1039855,0,508,0,1
1039856,0,504,0,1
1039857,0,507,0,1
1039858,0,505,0,1
1039859,0,502,0,1
1039860,0,509,0,1
1039861,0,505,0,1
1039862,0,503,0,1
1039863,0,502,0,1
1039864,0,503,0,1
1039865,0,506,0,1
1039866,0,507,0,1
1039867,0,508,0,1
1039868,0,504,0,1
1039869,0,501,0,1
1039870,0,507,0,1
1039871,0,507,0,1
1039872,0,503,0,1
1039873,0,504,0,1
1039874,0,504,0,1
1039875,0,506,0,1
1039876,0,503,0,1
1039877,0,503,0,1
1039878,0,506,0,1
1039879,0,505,0,1
1039880,0,505,0,1
1039881,0,504,0,1
1039882,0,505,0,1
1039883,0,509,0,1
1039884,0,504,0,1
1039885,0,505,0,1
1039886,0,503,0,1
1039887,0,504,0,1
1039888,0,506,0,1
1039889,0,506,0,1
1039890,0,505,0,1
1039891,0,506,0,1
1039892,0,506,0,1
1039893,0,507,0,1
1039894,0,501,0,1
1039895,0,505,0,1
1039896,0,507,0,1
1039897,0,506,0,1
1039898,0,506,0,1
1039899,0,506,0,1
1039900,0,507,0,1
1039901,0,504,0,1
1039902,0,503,0,1
1039903,0,508,0,1
1039904,0,501,0,1
1039905,0,503,3,1
1039906,0,504,0,1
1039907,0,509,0,1
1039908,0,504,0,1
1039909,0,506,0,1
1039910,0,506,0,1
1039911,0,503,0,1
1039912,0,508,0,1
1039913,0,509,0,1
1039914,0,507,0,1
1039915,0,506,0,1
1039916,0,511,0,1
1039917,0,504,0,1
1039918,0,503,0,1
1039919,0,505,0,1
1039920,0,505,0,1
1039921,0,504,0,1
1039922,0,302,0,1
1040025,0,359,0,1
1040026,0,502,0,1
1040027,0,503,0,1
1040028,0,498,0,1
1040029,0,494,0,1
1040030,0,493,0,1
1040031,0,215,0,1
1040039,0,91,0,1
1040089,0,183,0,1
1040090,0,496,0,1
1040091,0,270,0,1
1040157,0,80,0,1
1040194,0,328,0,1
1040195,0,27,0,1
104021,0,310,0,1
1040256,0,150,0,1
1040257,0,142,0,1
1040312,0,400,0,1
1040313,0,493,0,1
1040314,0,68,0,1
1040355,0,378,0,1
1040356,0,504,0,1
1040357,0,499,0,1
1040358,0,496,0,1
1040359,0,494,0,1
1040360,0,497,0,1
1040361,0,112,0,1
1040439,0,449,0,1
1040440,0,486,0,1
1040441,0,30,0,1
1040507,0,7,0,1
1040508,0,261,0,1
1040581,0,28,0,1
1040601,0,22,0,1
1040602,0,488,0,1
1040603,0,459,0,1
1040604,0,87,0,1
1040605,0,499,0,1
1040606,0,506,0,1
1040607,0,497,0,1
1040608,0,504,0,1
1040609,0,499,0,1
1040610,0,499,0,1
1040611,0,504,0,1
1040612,0,503,0,1
1040613,0,502,0,1
1040614,0,491,0,1
1040615,0,507,0,1
1040616,0,501,0,1
1040617,0,497,0,1
1040618,0,497,0,1
1040619,0,502,0,1
1040620,0,498,0,1
1040621,0,502,0,1
1040622,0,501,0,1
1040623,0,502,0,1
1040624,0,500,0,1
1040625,0,505,0,1
1040626,0,495,0,1
1040627,0,498,0,1
1040628,0,504,0,1
1040629,0,500,0,1
1040630,0,503,0,1
1040631,0,505,0,1
1040632,0,502,0,1
1040633,0,505,0,1
1040634,0,497,0,1
1040635,0,504,0,1
1040636,0,502,0,1
1040637,0,505,0,1
1040638,0,503,0,1
1040639,0,500,0,1
1040640,0,504,0,1
1040641,0,506,0,1
1040642,0,500,0,1
1040643,0,500,0,1
1040644,0,496,0,1
1040645,0,503,0,1
1040646,0,501,0,1
1040647,0,502,0,1
1040648,0,502,0,1
1040649,0,505,0,1
1040650,0,504,0,1
1040651,0,506,0,1
1040652,0,500,0,1
1040653,0,498,0,1
1040654,0,366,0,1
1040722,0,118,0,1
1040723,0,500,0,1
1040724,0,497,0,1
1040725,0,498,0,1
1040726,0,499,0,1
1040727,0,490,0,1
1040728,0,362,0,1
1040735,0,89,0,1
1040736,0,42,0,1
1040737,0,47,0,1
104086,0,96,0,1
1040861,0,18,0,1
104089,0,103,0,1
1040924,0,159,0,1
1040925,0,123,0,1
1040982,0,76,0,1
1040983,0,235,0,1
1040997,0,113,0,1
1040998,0,498,0,1
1040999,0,328,0,1
1041130,0,299,0,1
1041313,0,437,0,1
1041314,0,495,0,1
1041315,0,494,0,1
1041316,0,491,0,1
1041317,0,494,0,1
1041318,0,461,0,1
1041518,0,90,0,1
1041557,0,132,0,1
1041558,0,175,0,1
1041559,0,174,0,1
1041560,0,506,0,1
1041561,0,501,0,1
1041562,0,506,0,1
1041563,0,505,0,1
1041564,0,504,0,1
1041565,0,504,0,1
1041566,0,501,0,1
1041567,0,500,0,1
1041568,0,503,0,1
1041569,0,504,0,1
1041570,0,504,0,1
1041571,0,502,0,1
1041572,0,506,0,1
1041573,0,499,0,1
1041574,0,508,0,1
1041575,0,505,0,1
1041576,0,502,0,1
1041577,0,5,0,1
1041609,0,305,0,1
1041611,0,235,0,1
1041612,0,88,0,1
1041640,0,247,0,1
1041641,0,502,0,1
1041642,0,496,0,1
1041643,0,495,0,1
1041644,0,503,0,1
1041645,0,502,0,1
1041646,0,167,0,1
1041731,0,28,0,1
1041757,0,402,0,1
1041758,0,494,0,1
1041759,0,501,0,1
1041760,0,496,0,1
1041761,0,493,0,1
1041762,0,494,0,1
1041763,0,103,0,1
1041785,0,13,0,1
1041786,0,496,0,1
1041787,0,493,0,1
1041788,0,494,0,1
1041789,0,501,0,1
1041790,0,497,0,1
1041791,0,501,0,1
1041792,0,493,0,1
1041793,0,500,0,1
1041794,0,494,0,1
1041795,0,494,0,1
1041796,0,495,0,1
1041797,0,499,0,1
1041798,0,497,0,1
1041799,0,494,0,1
1041800,0,498,0,1
1041801,0,498,0,1
1041802,0,496,0,1
1041803,0,332,0,1
1042063,0,107,0,1
1042177,0,8,0,1
1042178,0,85,0,1
1042218,0,245,0,1
1042219,0,494,0,1
1042220,0,495,0,1
1042221,0,493,0,1
1042222,0,499,0,1
1042223,0,493,0,1
1042224,0,172,0,1
1042324,0,87,0,1
1042351,0,255,0,1
1042352,0,492,0,1
1042353,0,488,0,1
1042354,0,489,0,1
1042355,0,489,0,1
1042356,0,490,0,1
1042357,0,157,0,1
1042373,0,493,0,1
1042374,0,497,0,1
1042375,0,496,0,1
1042376,0,492,0,1
1042377,0,492,0,1
1042378,0,450,0,1
1042425,0,191,0,1
1042426,0,508,0,1
1042427,0,499,0,1
1042428,0,508,0,1
1042429,0,505,0,1
1042430,0,501,0,1
1042431,0,220,0,1
1042978,0,95,0,1
1043078,0,92,0,1
104317,0,296,0,1
1043170,0,21,0,1
1043199,0,53,0,1
1043200,0,491,0,1
1043201,0,361,0,1
1043205,0,388,0,1
1043206,0,495,0,1
1043207,0,104,0,1
1043227,0,29,0,1
1043283,0,326,0,1
1043284,0,496,0,1
1043285,0,93,0,1
1043287,0,226,0,1
1043288,0,498,0,1
1043289,0,502,0,1
1043290,0,497,0,1
1043291,0,497,0,1
1043292,0,497,0,1
1043293,0,204,0,1
1043468,0,10,0,1
1043563,0,102,0,1
1043564,0,506,0,1
1043565,0,505,0,1
1043566,0,505,0,1
1043567,0,502,0,1
1043568,0,500,0,1
1043569,0,365,1,1
1043600,0,353,0,1
1043601,0,493,0,1
1043602,0,97,0,1
1043614,0,321,0,1
1043615,0,488,0,1
1043616,0,498,0,1
1043617,0,497,0,1
1043618,0,499,0,1
1043619,0,487,0,1
1043620,0,490,0,1
1043621,0,495,0,1
1043622,0,492,0,1
1043623,0,498,0,1
1043624,0,497,0,1
1043625,0,497,0,1
1043626,0,497,0,1
1043627,0,495,0,1
1043628,0,494,0,1
1043629,0,495,0,1
1043630,0,495,0,1
1043631,0,495,0,1
1043632,0,70,0,1
1043641,0,317,0,1
1043642,0,500,0,1
1043643,0,497,0,1
1043644,0,502,0,1
1043645,0,496,0,1
1043646,0,495,0,1
1043647,0,496,0,1
1043648,0,503,0,1
1043649,0,498,0,1
1043650,0,498,0,1
1043651,0,496,0,1
1043652,0,498,0,1
1043653,0,496,0,1
1043654,0,504,0,1
1043655,0,494,0,1
1043656,0,500,0,1
1043657,0,503,0,1
1043658,0,484,0,1
104372,0,473,0,1
104373,0,492,0,1
104374,0,484,0,1
104375,0,489,0,1
104376,0,489,0,1
104377,0,459,0,1
104378,0,173,0,1
104379,0,493,0,1
104380,0,496,0,1
1043804,0,232,0,1
1043805,0,497,0,1
1043806,0,493,0,1
1043807,0,491,0,1
1043808,0,498,0,1
1043809,0,499,0,1
104381,0,492,0,1
1043810,0,496,0,1
1043811,0,497,0,1
1043812,0,502,0,1
1043813,0,497,0,1
1043814,0,501,0,1
1043815,0,500,0,1
1043816,0,500,0,1
1043817,0,502,0,1
1043818,0,496,0,1
1043819,0,501,0,1
104382,0,497,0,1
1043820,0,498,0,1
1043821,0,494,0,1
1043822,0,495,0,1
1043823,0,499,0,1
1043824,0,491,0,1
1043825,0,497,1,1
1043826,0,502,0,1
1043827,0,507,0,1
1043828,0,497,0,1
1043829,0,499,0,1
104383,0,493,0,1
1043830,0,501,0,1
1043831,0,503,0,1
1043832,0,496,0,1
1043833,0,501,0,1
1043834,0,504,0,1
1043835,0,499,0,1
1043836,0,503,0,1
1043837,0,502,0,1
1043838,0,503,0,1
1043839,0,499,0,1
104384,0,240,0,1
1043840,0,498,0,1
1043841,0,500,0,1
1043842,0,501,0,1
1043843,0,502,0,1
1043844,0,503,0,1
1043845,0,498,0,1
1043846,0,507,0,1
1043847,0,502,0,1
1043848,0,499,0,1
1043849,0,501,0,1
1043850,0,496,0,1
1043851,0,506,0,1
1043852,0,498,0,1
1043853,0,502,0,1
1043854,0,1,0,1
1043957,0,81,0,1
1043975,0,499,0,1
1043976,0,465,0,1
1044002,0,157,0,1
1044003,0,500,0,1
1044004,0,500,0,1
1044005,0,492,0,1
1044006,0,497,0,1
1044007,0,493,0,1
1044008,0,500,0,1
1044009,0,494,0,1
1044010,0,497,0,1
1044011,0,498,0,1
1044012,0,496,0,1
1044013,0,495,0,1
1044014,0,498,0,1
1044015,0,492,0,1
1044016,0,499,0,1
1044017,0,497,0,1
1044018,0,496,0,1
1044019,0,498,0,1
1044020,0,489,0,1
1044021,0,495,0,1
1044022,0,500,0,1
1044023,0,497,0,1
1044024,0,497,0,1
1044025,0,497,0,1
1044026,0,497,0,1
1044027,0,499,0,1
1044028,0,496,0,1
1044029,0,499,0,1
1044030,0,500,0,1
1044031,0,499,0,1
1044032,0,492,0,1
1044033,0,501,1,1
1044034,0,494,0,1
1044035,0,494,0,1
1044036,0,505,0,1
1044037,0,498,0,1
1044038,0,500,0,1
1044039,0,493,0,1
1044040,0,497,0,1
1044041,0,500,0,1
1044042,0,505,0,1
1044043,0,496,0,1
1044044,0,495,0,1
1044045,0,498,0,1
1044046,0,504,0,1
1044047,0,500,0,1
1044048,0,496,0,1
1044049,0,504,0,1
1044050,0,495,0,1
1044051,0,501,0,1
1044052,0,213,0,1
1044062,0,82,0,1
1044079,0,87,0,1
1044159,0,255,0,1
1044160,0,496,0,1
1044161,0,493,1,1
1044162,0,497,0,1
1044163,0,495,0,1
1044164,0,498,0,1
1044165,0,498,0,1
1044166,0,497,0,1
1044167,0,500,0,1
1044168,0,498,0,1
1044169,0,497,0,1
1044170,0,499,0,1
1044171,0,500,0,1
1044172,0,499,0,1
1044173,0,496,0,1
1044174,0,502,0,1
1044175,0,503,0,1
1044176,0,499,0,1
1044177,0,213,1,2
104426,0,26,0,1
1044377,0,440,0,1
1044378,0,501,0,1
1044379,0,14,0,1
1044559,0,344,0,1
1044560,0,498,0,1
1044561,0,505,0,1
1044562,0,496,0,1
1044563,0,504,0,1
1044564,0,503,0,1
1044565,0,496,0,1
1044566,0,507,0,1
1044567,0,497,0,1
1044568,0,500,0,1
1044569,0,501,0,1
1044570,0,502,0,1
1044571,0,503,0,1
1044572,0,501,0,1
1044573,0,505,0,1
1044574,0,499,0,1
1044575,0,503,0,1
1044576,0,477,0,1
1044605,0,147,0,1
1044606,0,501,0,1
1044607,0,501,0,1
1044608,0,503,0,1
1044609,0,497,0,1
1044610,0,497,0,1
1044611,0,495,0,1
1044612,0,495,0,1
1044613,0,496,0,1
1044614,0,503,0,1
1044615,0,503,0,1
1044616,0,501,0,1
1044617,0,502,0,1
1044618,0,505,0,1
1044619,0,492,0,1
1044620,0,499,0,1
1044621,0,504,0,1
1044622,0,496,0,1
1044623,0,502,0,1
1044624,0,502,0,1
1044625,0,498,0,1
1044626,0,494,0,1
1044627,0,503,0,1
1044628,0,499,0,1
1044629,0,502,0,1
1044630,0,502,0,1
1044631,0,496,0,1
1044632,0,504,0,1
1044633,0,503,0,1
1044634,0,503,0,1
1044635,0,500,0,1
1044636,0,506,0,1
1044637,0,500,0,1
1044638,0,498,0,1
1044639,0,503,0,1
1044640,0,500,0,1
1044641,0,501,0,1
1044642,0,497,0,1
1044643,0,498,0,1
1044644,0,506,0,1
1044645,0,503,0,1
1044646,0,500,0,1
1044647,0,499,1,1
1044648,0,502,0,1
1044649,0,504,0,1
1044650,0,504,0,1
1044651,0,503,0,1
1044652,0,506,0,1
1044653,0,502,0,1
1044654,0,500,0,1
1044655,0,498,0,1
1044951,0,210,0,1
1044952,0,94,0,1
1045101,0,261,0,1
1045102,0,502,0,1
1045103,0,213,0,1
1045112,0,0,0,1
1045201,0,99,0,1
1045224,0,10,0,1
1045227,0,32,0,1
1045264,0,300,0,1
1045273,0,17,0,1
1045274,0,499,0,1
1045275,0,504,0,1
1045276,0,499,0,1
1045277,0,505,0,1
1045278,0,502,0,1
1045279,0,501,0,1
1045280,0,501,0,1
1045281,0,499,0,1
1045282,0,503,0,1
1045283,0,501,0,1
1045284,0,504,0,1
1045285,0,504,0,1
1045286,0,502,0,1
1045287,0,501,0,1
1045288,0,498,0,1
1045289,0,497,0,1
1045290,0,503,0,1
1045291,0,497,0,1
1045292,0,499,0,1
1045293,0,504,0,1
1045294,0,504,0,1
1045295,0,496,0,1
1045296,0,500,0,1
1045297,0,501,1,1
1045298,0,497,0,1
1045299,0,502,0,1
1045300,0,500,0,1
1045301,0,501,0,1
1045302,0,500,0,1
1045303,0,507,0,1
1045304,0,498,0,1
1045305,0,501,0,1
1045306,0,503,0,1
1045307,0,503,0,1
1045308,0,506,0,1
1045309,0,506,0,1
1045310,0,502,0,1
1045311,0,504,0,1
1045312,0,502,0,1
1045313,0,502,1,1
1045314,0,505,0,1
1045315,0,502,0,1
1045316,0,504,0,1
1045317,0,499,0,1
1045318,0,508,0,1
1045319,0,504,0,1
1045320,0,499,0,1
1045321,0,505,0,1
1045322,0,499,0,1
1045323,0,499,0,1
1045324,0,31,0,1
1045375,0,28,0,1
1045376,0,501,0,1
1045377,0,457,1,1
1045406,0,46,0,1
1045407,0,495,0,1
1045408,0,410,0,1
1045500,0,6,0,1
1045536,0,375,0,1
1045537,0,491,0,1
1045538,0,23,0,1
1045568,0,313,0,1
1045569,0,497,0,1
1045570,0,178,0,1
1045578,0,25,0,1
1045669,0,339,0,1
1045670,0,488,0,1
1045671,0,142,0,1
1045685,0,22,0,1
1045699,0,12,0,1
1045712,0,216,0,1
1045713,0,506,0,1
1045714,0,497,0,1
1045715,0,494,0,1
1045716,0,493,0,1
1045717,0,492,0,1
1045718,0,233,0,1
1045727,0,31,0,1
1045781,0,16,0,1
1045782,0,11,0,1
1045784,0,321,0,1
1045857,0,92,0,1
1045858,0,203,0,1
1045936,0,186,0,1
1045937,0,500,0,1
1045938,0,493,0,1
1045939,0,501,0,1
1045940,0,488,0,1
1045941,0,500,0,1
1045942,0,492,0,1
1045943,0,494,0,1
1045944,0,495,0,1
1045945,0,497,0,1
1045946,0,493,0,1
1045947,0,499,0,1
1045948,0,495,0,1
1045949,0,496,0,1
1045950,0,495,0,1
1045951,0,495,0,1
1045952,0,501,0,1
1045953,0,494,0,1
1045980,0,45,0,1
1045981,0,488,0,1
1045982,0,360,0,1
1045994,0,463,0,1
1045995,0,499,0,1
1045996,0,492,0,1
1045997,0,493,0,1
1045998,0,493,0,1
1045999,0,492,0,1
10460,0,347,0,1
1046000,0,1,0,1
1046003,0,0,0,1
1046011,0,103,0,1
1046012,0,496,0,1
1046013,0,496,0,1
1046014,0,494,0,1
1046015,0,496,0,1
1046016,0,491,1,1
1046017,0,346,1,2
1046069,0,59,0,1
1046070,0,488,0,1
1046071,0,385,0,1
10461,0,497,0,1
1046146,0,111,0,1
1046147,0,493,0,1
1046148,0,305,0,1
1046151,0,110,0,1
1046152,0,191,0,1
10462,0,493,0,1
1046244,0,313,0,1
1046271,0,409,0,1
1046272,0,497,0,1
1046273,0,500,0,1
1046274,0,493,0,1
1046275,0,500,0,1
1046276,0,456,0,1
1046286,0,288,0,1
10463,0,498,0,1
1046305,0,24,0,1
1046311,0,451,0,1
1046312,0,489,0,1
1046313,0,0,0,1
1046319,0,318,0,1
1046322,0,92,0,1
1046323,0,486,0,1
1046324,0,488,0,1
1046325,0,494,0,1
1046326,0,490,0,1
1046327,0,498,0,1
1046328,0,342,0,1
1046392,0,89,0,1
1046393,0,497,0,1
1046394,0,489,0,1
1046395,0,495,0,1
1046396,0,490,0,1
1046397,0,494,0,1
1046398,0,300,0,1
10464,0,496,0,1
10465,0,498,0,1
10466,0,84,0,1
1046744,0,21,0,1
1046745,0,496,0,1
1046746,0,495,0,1
1046747,0,494,0,1
1046748,0,496,0,1
1046749,0,484,0,1
1046750,0,451,0,1
1046795,0,88,0,1
1046796,0,7,0,1
1046801,0,95,0,1
1046845,0,200,0,1
1046846,0,58,0,1
104685,0,297,0,1
104686,0,140,0,1
104687,0,498,0,1
104688,0,497,0,1
104689,0,497,0,1
104690,0,501,0,1
1046905,0,8,0,1
104691,0,500,0,1
1046916,0,87,0,1
1046917,0,177,0,1
104692,0,361,0,1
1047046,0,78,0,1
1047047,0,444,0,1
1047048,0,501,0,1
1047049,0,497,0,1
1047050,0,494,0,1
1047051,0,499,0,1
1047052,0,498,0,1
1047053,0,500,0,1
1047054,0,500,0,1
1047055,0,501,0,1
1047056,0,496,0,1
1047057,0,493,0,1
1047058,0,499,0,1
1047059,0,499,0,1
1047060,0,499,0,1
1047061,0,497,0,1
1047062,0,500,0,1
1047063,0,497,0,1
1047064,0,496,0,1
1047065,0,499,0,1
1047066,0,503,0,1
1047067,0,502,0,1
1047068,0,500,0,1
1047069,0,495,0,1
1047070,0,502,0,1
1047071,0,503,0,1
1047072,0,499,0,1
1047073,0,496,1,1
1047074,0,501,0,1
1047075,0,498,0,1
1047076,0,498,0,1
1047077,0,502,0,1
1047078,0,494,0,1
1047079,0,500,0,1
1047080,0,495,0,1
1047081,0,498,0,1
1047082,0,498,0,1
1047083,0,497,0,1
1047084,0,502,0,1
1047085,0,496,0,1
1047086,0,502,0,1
1047087,0,496,0,1
1047088,0,497,0,1
1047089,0,500,0,1
1047090,0,504,0,1
1047091,0,501,0,1
1047092,0,501,0,1
1047093,0,501,0,1
1047094,0,495,0,1
1047095,0,503,0,1
1047096,0,499,0,1
1047097,0,59,0,1
104712,0,53,0,1
104713,0,502,0,1
104714,0,378,0,1
1047221,0,315,0,1
1047446,0,85,0,1
1047447,0,492,0,1
1047448,0,336,0,1
1047458,0,226,0,1
1047459,0,501,0,1
1047460,0,502,0,1
1047461,0,506,0,1
1047462,0,503,0,1
1047463,0,503,0,1
1047464,0,402,0,1
1047533,0,178,0,1
1047534,0,497,0,1
1047535,0,273,0,1
1047639,0,294,0,1
1047663,0,11,0,1
1047664,0,495,0,1
1047665,0,457,0,1
1047667,0,77,0,1
1047668,0,238,0,1
1047700,0,268,0,1
1047701,0,500,0,1
1047702,0,498,0,1
1047703,0,505,0,1
1047704,0,497,0,1
1047705,0,497,0,1
1047706,0,232,0,1
1047736,0,33,0,1
1047737,0,496,0,1
1047738,0,487,0,1
1047739,0,496,0,1
1047740,0,498,0,1
1047741,0,495,0,1
1047742,0,455,0,1
1047745,0,141,0,1
1047746,0,505,0,1
1047747,0,359,0,1
1047794,0,127,0,1
1047795,0,494,0,1
1047796,0,498,0,1
1047797,0,497,0,1
1047798,0,503,0,1
1047799,0,498,0,1
1047800,0,499,0,1
1047801,0,498,0,1
1047802,0,499,0,1
1047803,0,500,0,1
1047804,0,500,0,1
1047805,0,502,0,1
1047806,0,499,0,1
1047807,0,499,0,1
1047808,0,504,0,1
1047809,0,501,0,1
1047810,0,495,0,1
1047811,0,501,0,1
1047812,0,284,0,1
1047971,0,84,0,1
1048002,0,355,0,1
1048003,0,502,0,1
1048004,0,503,0,1
1048005,0,501,0,1
1048006,0,501,0,1
1048007,0,495,0,1
1048008,0,498,0,1
1048009,0,498,0,1
1048010,0,501,0,1
1048011,0,502,0,1
1048012,0,495,0,1
1048013,0,497,0,1
1048014,0,501,0,1
1048015,0,495,0,1
1048016,0,504,0,1
1048017,0,505,0,1
1048018,0,500,0,1
1048019,0,406,0,1
1048160,0,488,0,1
1048161,0,458,0,1
1048216,0,292,0,1
1048217,0,492,0,1
1048218,0,499,0,1
1048219,0,496,0,1
1048220,0,492,0,1
1048221,0,497,0,1
1048222,0,496,0,1
1048223,0,497,0,1
1048224,0,494,0,1
1048225,0,499,0,1
1048226,0,496,0,1
1048227,0,499,0,1
1048228,0,493,0,1
1048229,0,502,0,1
1048230,0,494,0,1
1048231,0,501,0,1
1048232,0,497,0,1
1048233,0,500,0,1
1048234,0,34,0,1
1048266,0,108,0,1
1048267,0,184,0,1
1048291,0,110,0,1
1048292,0,169,0,1
104839,0,181,0,1
104840,0,501,0,1
104841,0,497,0,1
104842,0,497,0,1
104843,0,502,0,1
104844,0,502,0,1
104845,0,497,0,1
1048453,0,112,0,1
104846,0,496,0,1
104847,0,500,0,1
104848,0,500,0,1
104849,0,499,0,1
104850,0,498,0,1
1048509,0,393,0,1
104851,0,497,0,1
1048510,0,479,0,1
104852,0,500,0,1
104853,0,500,0,1
104854,0,503,0,1
104855,0,500,0,1
104856,0,417,0,1
104878,0,85,0,1
104890,0,92,0,1
104914,0,15,0,1
104915,0,8,0,1
105007,0,148,0,1
105008,0,495,0,1
105009,0,324,0,1
105108,0,276,0,1
105109,0,498,0,1
105110,0,502,0,1
105111,0,501,0,1
105112,0,498,0,1
105113,0,498,0,1
105114,0,503,0,1
105115,0,501,0,1
105116,0,503,0,1
105117,0,503,0,1
105118,0,502,0,1
105119,0,504,0,1
105120,0,499,0,1
105121,0,500,0,1
105122,0,498,0,1
105123,0,502,0,1
105124,0,495,0,1
105125,0,491,0,1
105126,0,42,0,1
1052,0,121,0,1
10526,0,79,0,1
105263,0,169,0,1
105264,0,493,0,1
105265,0,336,1,1
1053,0,498,0,1
105372,0,93,0,1
1054,0,330,0,1
10542,0,75,0,1
10543,0,490,0,1
10544,0,493,0,1
10545,0,496,0,1
10546,0,495,0,1
10547,0,491,0,1
10548,0,349,0,1
105534,0,117,0,1
105535,0,192,0,1
105537,0,111,0,1
105538,0,489,0,1
105539,0,346,0,1
105619,0,162,0,1
105620,0,138,0,1
10564,0,173,0,1
10565,0,500,0,1
10566,0,497,0,1
10567,0,503,0,1
105672,0,295,0,1
10568,0,497,0,1
10569,0,489,0,1
10570,0,268,0,1
105719,0,97,0,1
10581,0,259,0,1
10582,0,498,0,1
10583,0,490,0,1
10584,0,502,0,1
105846,0,2,0,1
10585,0,494,0,1
10586,0,496,0,1
10587,0,487,0,1
10588,0,496,0,1
105887,0,3,0,1
10589,0,493,0,1
10590,0,500,0,1
10591,0,493,0,1
10592,0,497,0,1
10593,0,490,0,1
10594,0,498,0,1
10595,0,498,0,1
10596,0,493,0,1
10597,0,498,0,1
10598,0,495,0,1
10599,0,13,0,1
10600,0,209,0,1
10601,0,498,0,1
10602,0,499,0,1
106023,0,421,0,1
106024,0,495,0,1
106025,0,60,0,1
10603,0,499,0,1
10604,0,495,0,1
106045,0,74,0,1
10605,0,496,0,1
10606,0,179,0,1
106091,0,356,0,1
106092,0,503,0,1
106093,0,119,0,1
10620,0,296,0,1
106284,0,324,0,2
106526,0,95,0,1
106586,0,91,0,1
106611,0,140,0,1
106612,0,496,0,1
106613,0,293,0,1
106627,0,29,0,1
106635,0,271,0,1
106636,0,5,0,1
106650,0,25,0,1
106823,0,420,0,1
106824,0,498,0,1
106825,0,26,0,1
106853,0,425,0,1
106854,0,500,0,1
106855,0,46,0,1
106860,0,156,0,1
106861,0,501,0,1
106862,0,314,0,1
106969,0,30,0,1
107024,0,3,0,1
107040,0,311,0,1
107193,0,281,0,1
107194,0,496,0,1
107195,0,178,0,1
107277,0,79,0,1
107340,0,500,0,1
107341,0,490,0,1
107342,0,497,0,1
107343,0,494,0,1
107344,0,495,0,1
107345,0,498,0,1
107346,0,499,0,1
107347,0,495,0,1
107348,0,498,0,1
107349,0,495,0,1
107350,0,494,0,1
107351,0,491,0,1
107352,0,497,0,1
107353,0,502,0,1
107354,0,494,0,1
107355,0,494,0,1
107356,0,491,0,1
107357,0,275,0,1
107553,0,331,1,1
107554,0,495,0,1
107555,0,111,0,1
107658,0,248,0,1
107659,0,55,0,1
107705,0,6,0,1
107706,0,497,0,1
107707,0,498,0,1
107708,0,495,0,1
107709,0,492,0,1
107710,0,495,0,1
107711,0,502,0,1
107712,0,500,0,1
107713,0,494,0,1
107714,0,499,0,1
107715,0,498,0,1
107716,0,498,0,1
107717,0,493,0,1
107718,0,495,0,1
107719,0,498,0,1
107720,0,498,0,1
107721,0,500,0,1
107722,0,496,0,1
107723,0,499,0,1
107724,0,499,0,1
107725,0,497,0,1
107726,0,498,0,1
107727,0,499,0,1
107728,0,498,0,1
107729,0,499,0,1
107730,0,503,0,1
107731,0,501,0,1
107732,0,501,0,1
107733,0,495,0,1
107734,0,501,0,1
107735,0,500,0,1
107736,0,497,0,1
107737,0,497,0,1
107738,0,493,0,1
107739,0,499,0,1
107740,0,502,0,1
107741,0,504,0,1
107742,0,501,0,1
107743,0,498,0,1
107744,0,498,0,1
107745,0,500,0,1
107746,0,505,0,1
107747,0,504,0,1
107748,0,500,0,1
107749,0,492,0,1
107750,0,495,0,1
107751,0,498,0,1
107752,0,499,0,1
107753,0,499,0,1
107754,0,492,0,1
107755,0,503,0,1
107756,0,60,0,1
107765,0,432,0,1
107766,0,488,0,1
107767,0,37,0,1
107815,0,265,0,1
107816,0,499,0,1
107817,0,495,0,1
107818,0,492,0,1
107819,0,497,0,1
107820,0,494,0,1
107821,0,214,0,1
107855,0,33,0,1
107867,0,455,0,1
107868,0,444,0,1
107990,0,454,0,1
107991,0,499,0,1
107992,0,50,0,1
108028,0,493,0,1
108029,0,500,0,1
108030,0,498,0,1
108031,0,502,0,1
108032,0,498,0,1
108033,0,429,0,1
108077,0,150,0,1
108078,0,137,0,1
108111,0,282,0,1
108112,0,502,0,1
108113,0,502,1,1
108114,0,509,0,1
108115,0,506,0,1
108116,0,499,0,1
108117,0,511,0,1
108118,0,504,0,1
108119,0,501,0,1
108120,0,501,0,1
108121,0,506,0,1
108122,0,505,0,1
108123,0,507,0,1
108124,0,502,0,1
108125,0,504,0,1
108126,0,502,0,1
108127,0,502,0,1
108128,0,502,0,1
108129,0,53,0,1
108143,0,482,0,1
108144,0,503,0,1
108145,0,499,0,1
108146,0,497,0,1
108147,0,500,0,1
108148,0,501,0,1
108149,0,501,0,1
108150,0,496,0,1
108151,0,498,0,1
108152,0,502,0,1
108153,0,493,0,1
108154,0,495,0,1
108155,0,495,0,1
108156,0,494,0,1
108157,0,492,0,1
108158,0,500,0,1
108159,0,492,0,1
108160,0,329,0,1
108237,0,95,0,1
108259,0,45,0,1
10826,0,33,0,1
108260,0,494,0,1
108261,0,399,0,1
108270,0,272,0,1
108271,0,22,0,1
108283,0,4,0,1
10832,0,0,0,1
108367,0,36,0,1
108368,0,497,0,1
108369,0,502,0,1
108370,0,503,0,1
108371,0,503,0,1
108372,0,500,0,1
108373,0,500,0,1
108374,0,500,0,1
108375,0,502,0,1
108376,0,502,0,1
108377,0,500,0,1
108378,0,494,0,1
108379,0,498,0,1
108380,0,500,0,1
108381,0,498,0,1
108382,0,501,0,1
108383,0,501,0,1
108384,0,501,0,1
108385,0,199,0,1
1084,0,77,0,1
108436,0,81,0,1
108488,0,0,0,1
108489,0,502,0,1
108490,0,503,0,1
108491,0,497,0,1
108492,0,497,0,1
108493,0,496,0,1
108494,0,494,0,1
108495,0,500,0,1
108496,0,494,0,1
108497,0,496,0,1
108498,0,501,0,1
108499,0,501,0,1
1085,0,213,0,1
108500,0,502,0,1
108501,0,503,0,1
108502,0,502,0,1
108503,0,501,0,1
108504,0,503,0,1
108505,0,499,0,1
108506,0,205,0,1
108615,0,235,0,1
108616,0,80,0,1
108662,0,276,0,1
108663,0,507,0,1
108664,0,499,0,1
108665,0,493,0,1
108666,0,496,0,1
108667,0,502,0,1
108668,0,502,0,1
108669,0,502,0,1
108670,0,503,0,1
108671,0,500,0,1
108672,0,497,0,1
108673,0,495,1,1
108674,0,498,0,1
108675,0,499,0,1
108676,0,497,0,1
108677,0,503,0,1
108678,0,501,0,1
108679,0,494,0,1
108680,0,18,0,1
108689,0,254,0,1
108690,0,497,0,1
108691,0,500,0,1
108692,0,497,0,1
108693,0,493,0,1
108694,0,491,0,1
108695,0,69,0,1
108719,0,302,0,1
108773,0,249,0,1
108774,0,492,0,1
108775,0,495,0,1
108776,0,495,0,1
108777,0,496,0,1
108778,0,496,0,1
108779,0,179,0,1
108828,0,298,0,1
108829,0,493,0,1
108830,0,499,0,1
108831,0,490,0,1
108832,0,493,0,1
108833,0,493,0,1
108834,0,498,0,1
108835,0,500,0,1
108836,0,499,0,1
108837,0,493,0,1
108838,0,498,0,1
108839,0,499,0,1
108840,0,496,0,1
108841,0,495,0,1
108842,0,497,0,1
108843,0,496,0,1
108844,0,496,0,1
108845,0,498,0,1
108846,0,0,0,1
109012,0,159,0,1
109013,0,139,0,1
109107,0,21,0,1
10916,0,27,0,1
109280,0,148,0,1
109281,0,491,0,1
109282,0,495,0,1
109283,0,490,0,1
109284,0,495,0,1
109285,0,501,0,1
109286,0,378,0,1
109445,0,497,0,1
109446,0,496,0,1
109447,0,498,0,1
109448,0,495,0,1
109449,0,499,0,1
109450,0,500,0,1
109451,0,491,0,1
109452,0,498,0,1
109453,0,494,0,1
109454,0,500,0,1
109455,0,502,0,1
109456,0,494,0,1
109457,0,496,0,1
109458,0,488,0,1
109459,0,496,0,1
109460,0,495,0,1
109461,0,503,0,1
109462,0,384,0,1
109494,0,122,0,1
109495,0,496,0,1
109496,0,495,0,1
109497,0,496,0,1
109498,0,495,0,1
109499,0,491,0,1
109500,0,498,0,1
109501,0,493,0,1
109502,0,493,0,1
109503,0,499,0,1
109504,0,497,0,1
109505,0,497,0,1
109506,0,499,0,1
109507,0,493,0,1
109508,0,493,0,1
109509,0,494,0,1
109510,0,495,0,1
109511,0,494,0,1
109512,0,217,0,1
109656,0,390,0,1
109657,0,495,0,1
109658,0,495,0,1
109659,0,491,0,1
109660,0,498,0,1
109661,0,480,0,1
109662,0,90,0,1
109663,0,340,0,1
109664,0,502,0,1
109665,0,497,0,1
109666,0,499,0,1
109667,0,493,0,1
109668,0,496,0,1
109669,0,492,0,1
109670,0,494,0,1
109671,0,492,0,1
109672,0,496,0,1
109673,0,495,0,1
109674,0,492,0,1
109675,0,498,0,1
109676,0,496,0,1
109677,0,502,0,1
109678,0,493,0,1
109679,0,498,0,1
109680,0,492,0,1
109681,0,125,0,1
109695,0,238,0,1
109696,0,489,0,1
109697,0,495,0,1
109698,0,496,0,1
109699,0,502,0,1
109700,0,492,0,1
109701,0,282,0,1
109706,0,13,0,1
109707,0,492,0,1
109708,0,466,0,1
109722,0,6,0,1
10977,0,255,0,1
10978,0,492,0,1
10979,0,164,0,1
109858,0,296,0,1
109921,0,30,0,1
109923,0,293,0,1
109986,0,468,0,1
109987,0,507,0,1
109988,0,499,0,1
109989,0,500,0,1
10999,0,80,0,1
109990,0,504,0,1
109991,0,500,0,1
109992,0,501,0,1
109993,0,501,0,1
109994,0,505,0,1
109995,0,504,0,1
109996,0,500,0,1
109997,0,499,0,1
109998,0,504,0,1
109999,0,505,0,1
11,0,499,0,1
110000,0,498,0,1
110001,0,488,8,1
110002,0,499,0,1
110003,0,467,0,1
110074,0,342,0,1
110075,0,493,0,1
110076,0,489,0,1
110077,0,493,0,1
110078,0,492,0,1
110079,0,498,0,1
110080,0,89,0,1
110090,0,81,0,1
110091,0,2,0,1
110148,0,435,0,1
110149,0,501,0,1
110150,0,502,0,1
110151,0,507,0,1
110152,0,503,0,1
110153,0,508,0,1
110154,0,42,0,1
110199,0,265,0,1
110200,0,30,0,1
110258,0,83,0,1
110259,0,491,0,1
110260,0,394,0,1
110274,0,293,0,1
110292,0,8,0,1
110293,0,83,0,1
110321,0,296,0,1
11034,0,87,0,1
11041,0,332,6,1
11042,0,500,0,1
110421,0,122,0,1
110422,0,498,0,1
110423,0,504,0,1
110424,0,506,0,1
110425,0,501,0,1
110426,0,496,0,1
110427,0,498,0,1
110428,0,501,0,1
110429,0,505,0,1
11043,0,93,0,1
110430,0,494,0,1
110431,0,505,0,1
110432,0,499,0,1
110433,0,504,0,1
110434,0,500,0,1
110435,0,498,0,1
110436,0,504,0,1
110437,0,503,0,1
110438,0,501,0,1
110439,0,501,0,1
110440,0,500,0,1
110441,0,493,0,1
110442,0,500,0,1
110443,0,499,0,1
110444,0,494,0,1
110445,0,501,0,1
110446,0,501,0,1
110447,0,499,0,1
110448,0,502,0,1
110449,0,502,0,1
110450,0,499,0,1
110451,0,501,0,1
110452,0,498,0,1
110453,0,498,0,1
110454,0,503,0,1
110455,0,501,0,1
110456,0,503,0,1
110457,0,502,0,1
110458,0,504,0,1
110459,0,506,0,1
110460,0,505,0,1
110461,0,504,0,1
110462,0,503,0,1
110463,0,497,0,1
110464,0,500,0,1
110465,0,496,2,1
110466,0,503,0,1
110467,0,504,0,1
110468,0,502,0,1
110469,0,501,0,1
110470,0,499,0,1
110471,0,151,0,1
110572,0,99,0,1
110575,0,83,0,1
110614,0,34,0,1
110615,0,498,0,1
110616,0,501,0,1
110617,0,499,0,1
110618,0,500,0,1
110619,0,499,0,1
110620,0,421,0,1
110642,0,2,0,1
110755,0,6,0,1
110761,0,97,0,1
110808,0,94,0,1
110809,0,492,0,1
110810,0,491,0,1
110811,0,493,0,1
110812,0,498,0,1
110813,0,493,0,1
110814,0,371,0,1
110846,0,345,0,1
110847,0,501,0,1
110848,0,499,0,1
110849,0,495,0,1
110850,0,499,0,1
110851,0,499,0,1
110852,0,497,0,1
110853,0,497,0,1
110854,0,501,0,1
110855,0,504,0,1
110856,0,493,0,1
110857,0,500,0,1
110858,0,502,0,1
110859,0,496,0,1
110860,0,497,0,1
110861,0,499,0,1
110862,0,507,0,1
110863,0,496,0,1
110864,0,499,0,1
110865,0,502,0,1
110866,0,498,0,1
110867,0,500,0,1
110868,0,503,0,1
110869,0,500,0,1
110870,0,497,0,1
110871,0,499,0,1
110872,0,502,0,1
110873,0,497,0,1
110874,0,499,0,1
110875,0,502,0,1
110876,0,499,0,1
110877,0,494,0,1
110878,0,503,0,1
110879,0,500,0,1
110880,0,501,0,1
110881,0,499,0,1
110882,0,495,0,1
110883,0,501,0,1
110884,0,504,0,1
110885,0,500,0,1
110886,0,502,0,1
110887,0,499,0,1
110888,0,495,0,1
110889,0,499,0,1
110890,0,500,0,1
110891,0,499,0,1
110892,0,504,0,1
110893,0,503,0,1
110894,0,501,0,1
110895,0,499,0,1
110896,0,36,0,1
110978,0,241,0,1
110979,0,499,0,1
110980,0,168,0,1
1110,0,94,0,1
111065,0,137,0,2
1111,0,34,0,1
111182,0,455,0,1
111183,0,495,0,1
111184,0,496,0,1
111185,0,505,0,1
111186,0,500,0,1
111187,0,468,0,1
11124,0,295,0,1
111373,0,263,0,1
111374,0,491,0,1
111375,0,151,0,1
111432,0,194,0,1
111433,0,501,0,1
111434,0,502,0,1
111435,0,492,0,1
111436,0,495,0,1
111437,0,496,0,1
111438,0,497,0,1
111439,0,492,0,1
111440,0,500,0,1
111441,0,498,0,1
111442,0,495,0,1
111443,0,503,0,1
111444,0,499,0,1
111445,0,494,0,1
111446,0,508,0,1
111447,0,496,0,1
111448,0,502,0,1
111449,0,502,0,1
111450,0,500,0,1
111451,0,499,0,1
111452,0,500,0,1
111453,0,500,0,1
111454,0,501,0,1
111455,0,501,0,1
111456,0,500,0,1
111457,0,502,0,1
111458,0,495,0,1
111459,0,502,0,1
111460,0,503,0,1
111461,0,503,0,1
111462,0,500,0,1
111463,0,500,0,1
111464,0,500,0,1
111465,0,499,0,1
111466,0,503,0,1
111467,0,502,0,1
111468,0,498,0,1
111469,0,496,0,1
111470,0,500,0,1
111471,0,505,0,1
111472,0,502,0,1
111473,0,499,0,1
111474,0,501,0,1
111475,0,506,0,1
111476,0,497,0,1
111477,0,497,0,1
111478,0,502,0,1
111479,0,503,0,1
111480,0,498,0,1
111481,0,503,0,1
111482,0,224,0,1
111484,0,461,0,1
111485,0,504,0,1
111486,0,500,0,1
111487,0,499,0,1
111488,0,499,0,1
111489,0,491,0,1
111521,0,91,0,1
111530,0,52,0,1
111531,0,496,0,1
111532,0,385,0,1
111545,0,5,0,1
111557,0,6,0,1
111558,0,495,0,1
111559,0,490,0,1
111673,0,192,0,1
111674,0,491,0,1
111675,0,220,0,1
111694,0,0,0,1
111753,0,301,0,1
111772,0,328,0,1
111773,0,501,0,1
111774,0,504,0,1
111775,0,502,0,1
111776,0,504,0,1
111777,0,506,0,1
111778,0,502,0,1
111779,0,500,0,1
111780,0,499,0,1
111781,0,496,0,1
111782,0,503,0,1
111783,0,506,0,1
111784,0,500,0,1
111785,0,500,0,1
111786,0,500,0,1
111787,0,505,0,1
111788,0,500,0,1
111789,0,466,0,1
11179,0,14,0,1
111855,0,379,0,1
111856,0,500,0,1
111857,0,125,1,1
112051,0,236,0,1
112052,0,501,0,1
112053,0,500,0,1
112054,0,496,0,1
112055,0,499,0,1
112056,0,504,0,1
112057,0,502,0,1
112058,0,501,0,1
112059,0,504,0,1
112060,0,502,0,1
112061,0,500,0,1
112062,0,497,0,1
112063,0,498,0,1
112064,0,503,0,1
112065,0,502,0,1
112066,0,496,0,1
112067,0,503,0,1
112068,0,499,0,1
112069,0,503,0,1
112070,0,498,0,1
112071,0,500,0,1
112072,0,502,0,1
112073,0,505,0,1
112074,0,504,0,1
112075,0,508,0,1
112076,0,502,0,1
112077,0,500,0,1
112078,0,502,0,1
112079,0,495,0,1
112080,0,503,0,1
112081,0,499,0,1
112082,0,501,1,1
112083,0,499,0,1
112084,0,504,0,1
112085,0,501,0,1
112086,0,503,0,1
112087,0,500,0,1
112088,0,503,0,1
112089,0,501,0,1
112090,0,498,0,1
112091,0,503,0,1
112092,0,503,0,1
112093,0,504,0,1
112094,0,498,0,1
112095,0,501,0,1
112096,0,501,0,1
112097,0,498,2,1
112098,0,509,0,1
112099,0,504,0,1
112100,0,500,0,1
112101,0,492,0,1
112121,0,334,0,1
112158,0,17,0,1
112159,0,62,0,1
112572,0,346,0,1
112573,0,497,0,1
112574,0,497,0,1
112575,0,501,0,1
112576,0,495,0,1
112577,0,495,0,1
112578,0,97,0,1
112647,0,97,0,1
112676,0,27,0,1
112677,0,491,0,1
112678,0,374,0,1
112719,0,93,0,1
112722,0,26,0,1
112729,0,28,0,1
112738,0,177,0,1
112739,0,135,0,1
112861,0,14,0,1
112862,0,492,0,1
112863,0,489,0,1
112864,0,493,0,1
112865,0,491,0,1
112866,0,491,0,1
112867,0,500,0,1
112868,0,13,0,1
112892,0,392,0,1
112893,0,499,0,1
112894,0,506,0,1
112895,0,507,0,1
112896,0,505,0,1
112897,0,491,7,1
112898,0,504,0,1
112899,0,504,0,1
112900,0,498,0,1
112901,0,502,0,1
112902,0,505,0,1
112903,0,500,0,1
112904,0,500,0,1
112905,0,503,0,1
112906,0,499,0,1
112907,0,502,0,1
112908,0,503,0,1
112909,0,502,0,1
112910,0,0,0,1
113001,0,27,0,1
113003,0,222,0,1
113004,0,82,0,1
113160,0,117,0,1
113161,0,498,0,1
113162,0,494,0,1
113163,0,494,0,1
113164,0,493,0,1
113165,0,495,0,1
113166,0,339,0,1
113340,0,477,0,1
113341,0,496,0,1
113342,0,2,0,1
11337,0,377,0,1
11338,0,498,0,1
11339,0,83,0,1
113390,0,379,0,1
113391,0,489,0,1
113392,0,57,0,1
113399,0,440,0,1
113400,0,502,0,1
113401,0,498,0,1
113402,0,500,0,1
113403,0,501,0,1
113404,0,503,0,1
113405,0,502,0,1
113406,0,497,0,1
113407,0,497,0,1
113408,0,504,0,1
113409,0,501,0,1
113410,0,499,0,1
113411,0,501,0,1
113412,0,496,0,1
113413,0,496,0,1
113414,0,491,0,1
113415,0,500,0,1
113416,0,359,0,1
113450,0,187,0,1
113451,0,134,0,1
11349,0,94,0,1
113575,0,100,0,1
113661,0,28,0,1
113672,0,359,0,1
113673,0,494,0,1
113674,0,499,0,1
113675,0,498,0,1
113676,0,493,0,1
113677,0,500,0,1
113678,0,130,0,1
113716,0,293,0,1
113757,0,315,0,1
113758,0,485,0,1
113759,0,166,0,1
113762,0,462,0,1
113763,0,490,0,1
113764,0,4,0,1
113890,0,0,0,1
11396,0,83,0,1
11397,0,498,0,1
11398,0,500,0,1
113989,0,90,0,1
11399,0,499,0,1
11400,0,505,0,1
11401,0,499,0,1
11402,0,354,0,1
114150,0,315,0,1
114183,0,30,0,1
114326,0,299,0,1
114431,0,5,0,1
114723,0,301,0,1
114987,0,257,0,1
114988,0,48,0,1
115040,0,200,0,1
115041,0,486,0,1
115042,0,492,0,1
115043,0,498,0,1
115044,0,491,0,1
115045,0,494,0,1
115046,0,242,0,1
115149,0,0,0,1
115150,0,496,0,1
115151,0,462,0,1
115190,0,125,0,1
115191,0,146,0,1
115265,0,101,0,1
115380,0,99,0,1
115381,0,491,0,1
115382,0,338,0,1
115440,0,96,0,1
115441,0,494,0,1
115442,0,360,0,1
115456,0,0,0,1
115582,0,192,0,1
115583,0,497,0,1
115584,0,489,0,1
115585,0,486,1,1
115586,0,492,0,1
115587,0,495,0,1
115588,0,282,0,1
115609,0,32,0,1
115628,0,9,0,1
115731,0,265,0,1
115771,0,268,0,1
115772,0,54,0,1
115774,0,140,0,1
115775,0,145,0,1
115781,0,385,0,1
115782,0,499,0,1
115783,0,492,0,1
115784,0,496,1,1
115785,0,501,0,1
115786,0,498,0,1
115787,0,64,0,1
115792,0,73,0,1
115793,0,250,0,1
115923,0,58,0,1
115924,0,497,0,1
115925,0,498,0,1
115926,0,491,0,1
115927,0,493,0,1
115928,0,491,0,1
115929,0,500,0,1
115930,0,499,0,1
115931,0,498,0,1
115932,0,497,0,1
115933,0,495,0,1
115934,0,494,0,1
115935,0,497,0,1
115936,0,491,0,1
115937,0,493,1,1
115938,0,495,0,1
115939,0,503,0,1
115940,0,494,0,1
115941,0,296,0,1
115988,0,102,0,1
115989,0,492,0,1
115990,0,347,0,1
116052,0,3,0,1
116081,0,17,0,1
116082,0,68,0,1
11612,0,277,0,1
11613,0,17,0,1
116159,0,4,0,1
116367,0,65,0,1
116368,0,493,0,1
116369,0,488,0,1
116370,0,495,0,1
116371,0,497,0,1
116372,0,498,0,1
116373,0,497,0,1
116374,0,497,0,1
116375,0,500,0,1
116376,0,500,0,1
116377,0,497,0,1
116378,0,501,0,1
116379,0,496,0,1
116380,0,490,0,1
116381,0,497,0,1
116382,0,500,0,1
116383,0,495,0,1
116384,0,493,0,1
116385,0,129,0,1
116411,0,345,0,1
116412,0,490,0,1
116413,0,498,0,1
116414,0,496,0,1
116415,0,494,0,1
116416,0,497,0,1
116417,0,59,0,1
116546,0,415,0,1
116547,0,491,0,1
116548,0,496,0,1
116549,0,491,0,1
116550,0,498,0,1
116551,0,499,0,1
116552,0,4,0,1
116644,0,91,0,1
116645,0,502,0,1
116646,0,494,0,1
116647,0,497,0,1
116648,0,494,0,1
116649,0,503,0,1
116650,0,410,0,1
116717,0,98,0,1
116719,0,364,0,1
116720,0,491,0,1
116721,0,161,1,1
116741,0,391,0,1
116742,0,498,0,1
116743,0,489,0,1
116744,0,499,0,1
116745,0,502,0,1
116746,0,492,0,1
116747,0,100,0,1
116770,0,140,0,1
116771,0,199,0,1
116797,0,218,0,1
116798,0,498,0,1
116799,0,494,0,1
116800,0,495,0,1
116801,0,497,0,1
116802,0,485,0,1
116803,0,217,0,1
11682,0,203,0,1
116826,0,269,0,1
116827,0,499,0,1
116828,0,501,0,1
116829,0,495,0,1
11683,0,103,0,1
116830,0,495,0,1
116831,0,495,0,1
116832,0,213,0,1
116876,0,253,0,1
116877,0,489,0,1
116878,0,488,0,1
116879,0,496,0,1
116880,0,494,0,1
116881,0,497,0,1
116882,0,496,0,1
116883,0,497,0,1
116884,0,499,0,1
116885,0,494,0,1
116886,0,499,0,1
116887,0,492,0,1
116888,0,498,0,1
116889,0,494,0,1
116890,0,486,0,1
116891,0,495,0,1
116892,0,500,0,1
116893,0,424,0,1
116943,0,67,0,1
116944,0,490,0,1
116945,0,378,0,1
117008,0,27,0,1
117114,0,106,0,2
117115,0,9,0,1
117136,0,5,0,1
117150,0,22,0,1
117154,0,86,0,1
117194,0,206,0,1
117195,0,499,0,1
117196,0,495,0,1
117197,0,498,0,1
117198,0,502,0,1
117199,0,497,0,1
117200,0,496,0,1
117201,0,502,0,1
117202,0,488,0,1
117203,0,501,0,1
117204,0,497,0,1
117205,0,502,0,1
117206,0,501,0,1
117207,0,498,0,1
117208,0,497,0,1
117209,0,499,0,1
117210,0,498,0,1
117211,0,502,0,1
117212,0,94,0,1
117239,0,3,0,1
11728,0,97,0,1
117370,0,132,0,1
117371,0,173,0,1
117393,0,384,0,1
117394,0,493,0,1
117395,0,487,0,1
117396,0,494,0,1
117397,0,495,0,1
117398,0,493,0,1
117399,0,44,0,1
117437,0,443,0,1
117438,0,492,0,1
117439,0,502,0,1
117440,0,489,0,1
117441,0,481,3,1
117442,0,492,0,1
117443,0,21,0,1
117731,0,94,0,1
117732,0,0,0,1
117755,0,2,0,1
117756,0,371,0,2
117859,0,65,0,1
117860,0,255,0,1
118111,0,118,0,1
118112,0,494,0,1
118113,0,311,0,1
118259,0,42,0,1
118260,0,504,0,1
118261,0,499,0,1
118262,0,504,0,1
118263,0,502,0,1
118264,0,496,0,1
118265,0,501,0,1
118266,0,502,0,1
118267,0,501,0,1
118268,0,506,0,1
118269,0,500,0,1
118270,0,500,0,1
118271,0,502,0,1
118272,0,494,0,1
118273,0,504,0,1
118274,0,504,0,1
118275,0,499,0,1
118276,0,501,0,1
118277,0,502,0,1
118278,0,496,0,1
118279,0,500,0,1
118280,0,506,0,1
118281,0,499,1,1
118282,0,500,0,1
118283,0,501,0,1
118284,0,501,0,1
118285,0,499,0,1
118286,0,501,0,1
118287,0,500,0,1
118288,0,499,0,1
118289,0,499,0,1
118290,0,499,0,1
118291,0,498,0,1
118292,0,497,0,1
118293,0,497,0,1
118294,0,502,0,1
118295,0,500,0,1
118296,0,497,0,1
118297,0,503,0,1
118298,0,497,0,1
118299,0,502,0,1
118300,0,494,0,1
118301,0,500,0,1
118302,0,500,0,1
118303,0,506,0,1
118304,0,500,0,1
118305,0,505,0,1
118306,0,507,0,1
118307,0,500,0,1
118308,0,498,0,1
118309,0,386,0,1
11834,0,103,0,1
118534,0,378,0,1
118535,0,494,0,1
118536,0,88,0,1
118575,0,104,0,1
118576,0,498,0,1
118577,0,501,0,1
118578,0,502,0,1
118579,0,501,0,1
118580,0,502,0,1
118581,0,500,0,1
118582,0,501,0,1
118583,0,503,0,1
118584,0,495,0,1
118585,0,503,0,1
118586,0,499,0,1
118587,0,503,0,1
118588,0,500,0,1
118589,0,502,0,1
118590,0,495,0,1
118591,0,499,0,1
118592,0,498,0,1
118593,0,172,0,1
118697,0,27,0,1
118698,0,68,0,1
118864,0,298,0,1
118891,0,152,0,1
118892,0,504,0,1
118893,0,298,0,1
118932,0,254,0,1
118933,0,497,0,1
118934,0,500,0,1
118935,0,489,0,1
118936,0,496,0,1
118937,0,490,0,1
118938,0,496,0,1
118939,0,495,0,1
11894,0,361,0,1
118940,0,498,0,1
118941,0,502,0,1
118942,0,505,0,1
118943,0,493,0,1
118944,0,501,0,1
118945,0,492,0,1
118946,0,496,0,1
118947,0,501,0,1
118948,0,491,0,1
118949,0,482,0,1
11895,0,489,0,1
11896,0,78,0,1
118989,0,404,0,1
118990,0,489,0,1
118991,0,6,0,1
119150,0,361,0,1
119151,0,496,0,1
119152,0,494,0,1
119153,0,492,0,1
119154,0,496,0,1
119155,0,490,0,1
119156,0,20,0,1
119164,0,4,0,1
119185,0,30,0,1
119186,0,502,0,1
119187,0,499,0,1
119188,0,501,0,1
119189,0,503,0,1
119190,0,506,0,1
119191,0,450,0,1
119305,0,291,0,1
119306,0,499,0,1
119307,0,498,0,1
119308,0,497,0,1
119309,0,490,0,1
119310,0,496,0,1
119311,0,325,0,1
119350,0,462,0,1
119351,0,478,0,1
119396,0,95,0,1
119397,0,503,0,1
119398,0,497,0,1
119399,0,501,0,1
119400,0,502,0,1
119401,0,497,0,1
119402,0,325,0,1
119470,0,245,0,1
119471,0,493,0,1
119472,0,498,0,1
119473,0,500,0,1
119474,0,494,0,1
119475,0,496,0,1
119476,0,176,0,1
11948,0,53,0,1
119484,0,97,0,1
11949,0,30,0,1
119503,0,111,0,1
119513,0,6,0,1
119514,0,320,0,1
119534,0,285,0,1
119540,0,223,0,1
119541,0,490,0,1
119542,0,264,0,1
11962,0,301,0,1
119653,0,242,0,1
119654,0,45,0,1
119658,0,312,0,1
119669,0,189,0,1
119670,0,502,0,1
119671,0,502,0,1
119672,0,500,0,1
119673,0,505,0,1
119674,0,500,0,1
119675,0,503,0,1
119676,0,501,0,1
119677,0,502,0,1
119678,0,500,0,1
119679,0,503,0,1
119680,0,497,0,1
119681,0,499,0,1
119682,0,500,0,1
119683,0,501,0,1
119684,0,499,0,1
119685,0,502,0,1
119686,0,503,0,1
119687,0,215,0,1
11971,0,0,0,1
119754,0,11,0,1
119755,0,497,0,1
119756,0,434,0,1
11976,0,100,0,1
119780,0,494,0,1
119781,0,469,0,1
119839,0,74,0,1
119840,0,16,0,1
119870,0,364,0,1
119871,0,497,0,1
119872,0,500,0,1
119873,0,501,0,1
119874,0,491,0,1
119875,0,495,0,1
119876,0,150,0,1
1199,0,44,0,1
119929,0,450,0,1
119930,0,490,0,1
119931,0,496,0,1
119932,0,497,0,1
119933,0,495,0,1
119934,0,493,0,1
119945,0,91,0,1
12,0,499,0,1
1200,0,268,0,1
120047,0,225,0,1
120048,0,80,0,1
120086,0,356,0,1
120087,0,494,0,1
120088,0,496,0,1
120089,0,492,0,1
120090,0,494,0,1
120091,0,498,0,1
120092,0,113,0,1
12020,0,157,0,1
12021,0,154,0,1
120306,0,306,0,1
120346,0,245,0,1
120347,0,504,0,1
120348,0,504,0,1
120349,0,503,0,1
120350,0,499,0,1
120351,0,503,0,1
120352,0,501,0,1
120353,0,489,2,1
120354,0,497,0,1
120355,0,500,0,1
120356,0,498,0,1
120357,0,501,0,1
120358,0,506,0,1
120359,0,502,0,1
120360,0,502,0,1
120361,0,502,0,1
120362,0,500,0,1
120363,0,503,0,1
120364,0,177,0,1
120374,0,300,0,1
120375,0,502,0,1
120376,0,503,0,1
120377,0,497,0,1
120378,0,503,0,1
120379,0,495,0,1
120380,0,493,0,1
120381,0,501,0,1
120382,0,498,0,1
120383,0,501,0,1
120384,0,505,0,1
120385,0,488,5,1
120386,0,497,0,1
120387,0,496,0,1
120388,0,504,0,1
120389,0,502,0,1
120390,0,494,0,1
120391,0,494,0,1
120392,0,88,0,1
120407,0,250,0,1
120408,0,47,0,1
120475,0,441,0,1
120476,0,497,0,1
120477,0,493,0,1
120478,0,497,0,1
120479,0,493,0,1
120480,0,491,0,1
120481,0,64,0,1
120574,0,44,0,1
120575,0,38,0,1
120717,0,361,0,1
120718,0,500,0,1
120719,0,498,0,1
120720,0,501,0,1
120721,0,496,0,1
120722,0,490,0,1
120723,0,499,0,1
120724,0,496,0,1
120725,0,498,0,1
120726,0,498,0,1
120727,0,493,0,1
120728,0,493,0,1
120729,0,499,0,1
120730,0,495,0,1
120731,0,491,0,1
120732,0,498,0,1
120733,0,494,0,1
120734,0,415,0,1
120817,0,357,0,1
120818,0,496,0,1
120819,0,491,0,1
120820,0,497,0,1
120821,0,499,0,1
120822,0,498,0,1
120823,0,500,0,1
120824,0,500,0,1
120825,0,497,0,1
120826,0,497,0,1
120827,0,495,0,1
120828,0,495,0,1
120829,0,489,0,1
120830,0,494,0,1
120831,0,500,0,1
120832,0,495,0,1
120833,0,498,0,1
120834,0,434,0,1
120966,0,186,0,1
120967,0,498,0,1
120968,0,267,0,1
121165,0,0,0,1
121166,0,339,0,1
121169,0,265,0,1
121170,0,498,0,1
121171,0,495,0,1
121172,0,499,0,1
121173,0,495,0,1
121174,0,498,0,1
121175,0,500,0,1
121176,0,497,0,1
121177,0,505,0,1
121178,0,496,0,1
121179,0,493,0,1
121180,0,498,0,1
121181,0,500,0,1
121182,0,501,0,1
121183,0,495,0,1
121184,0,498,0,1
121185,0,502,1,1
121186,0,494,0,1
121187,0,496,0,1
121188,0,489,0,1
121189,0,493,0,1
121190,0,502,0,1
121191,0,494,0,1
121192,0,497,0,1
121193,0,499,0,1
121194,0,501,0,1
121195,0,496,0,1
121196,0,497,0,1
121197,0,500,0,1
121198,0,501,0,1
121199,0,502,0,1
121200,0,491,0,1
121201,0,499,0,1
121202,0,501,0,1
121203,0,504,0,1
121204,0,500,0,1
121205,0,498,0,1
121206,0,501,0,1
121207,0,503,0,1
121208,0,501,0,1
121209,0,498,0,1
121210,0,504,0,1
121211,0,502,0,1
121212,0,504,0,1
121213,0,501,0,1
121214,0,501,0,1
121215,0,500,0,1
121216,0,501,0,1
121217,0,505,0,1
121218,0,497,0,1
121219,0,224,0,1
121238,0,433,0,1
121239,0,488,0,1
121240,0,492,0,1
121241,0,492,0,1
121242,0,487,0,1
121243,0,437,0,1
121250,0,162,0,1
121251,0,502,0,1
121252,0,505,0,1
121253,0,505,0,1
121254,0,504,0,1
121255,0,503,0,1
121256,0,499,0,1
121257,0,504,0,1
121258,0,499,0,1
121259,0,503,0,1
121260,0,500,0,1
121261,0,501,0,1
121262,0,500,0,1
121263,0,508,0,1
121264,0,506,0,1
121265,0,502,0,1
121266,0,506,0,1
121267,0,500,0,1
121268,0,114,0,1
121323,0,136,0,1
121324,0,498,0,1
121325,0,491,0,1
121326,0,499,0,1
121327,0,499,0,1
121328,0,497,0,1
121329,0,499,0,1
121330,0,499,0,1
121331,0,495,0,1
121332,0,492,0,1
121333,0,498,0,1
121334,0,494,0,1
121335,0,497,0,1
121336,0,495,0,1
121337,0,488,0,1
121338,0,497,0,1
121339,0,496,0,1
121340,0,459,0,1
121345,0,34,0,1
121346,0,500,0,1
121347,0,498,0,1
121348,0,498,0,1
121349,0,492,0,1
121350,0,509,0,1
121351,0,387,0,1
121412,0,149,0,1
121413,0,139,0,1
121418,0,201,0,1
121419,0,494,0,1
121420,0,491,0,1
121421,0,487,0,1
121422,0,496,0,1
121423,0,500,0,1
121424,0,264,0,1
121481,0,78,0,1
121504,0,14,0,1
121505,0,307,4,1
121531,0,27,0,1
12157,0,402,0,1
12158,0,493,0,1
12159,0,485,0,1
12160,0,490,0,1
12161,0,491,1,1
12162,0,494,0,1
12163,0,23,0,1
121670,0,443,0,1
121671,0,497,0,1
121672,0,501,0,1
121673,0,503,0,1
121674,0,503,0,1
121675,0,503,0,1
121676,0,501,0,1
121677,0,499,0,1
121678,0,503,0,1
121679,0,507,0,1
121680,0,499,0,1
121681,0,500,0,1
121682,0,498,0,1
121683,0,498,0,1
121684,0,505,0,1
121685,0,496,0,1
121686,0,502,0,1
121687,0,501,0,1
121688,0,499,0,1
121689,0,500,0,1
121690,0,498,0,1
121691,0,501,0,1
121692,0,500,0,1
121693,0,505,0,1
121694,0,499,0,1
121695,0,504,0,1
121696,0,499,0,1
121697,0,497,0,1
121698,0,504,0,1
121699,0,502,0,1
121700,0,501,0,1
121701,0,504,0,1
121702,0,500,0,1
121703,0,503,0,1
121704,0,503,0,1
121705,0,497,0,1
121706,0,499,0,1
121707,0,503,0,1
121708,0,502,0,1
121709,0,496,0,1
121710,0,501,0,1
121711,0,503,0,1
121712,0,496,0,1
121713,0,500,0,1
121714,0,502,0,1
121715,0,501,0,1
121716,0,500,0,1
121717,0,501,0,1
121718,0,501,0,1
121719,0,411,0,1
121892,0,179,0,1
121893,0,492,0,1
121894,0,485,0,1
121895,0,490,0,1
121896,0,491,0,1
121897,0,499,0,1
121898,0,241,0,1
121961,0,138,0,1
121962,0,186,0,1
122036,0,0,0,1
122037,0,300,0,1
122179,0,182,0,1
122180,0,500,0,1
122181,0,289,0,1
122196,0,2,0,1
122236,0,27,0,1
122244,0,374,0,1
122245,0,490,0,1
122246,0,79,0,1
122286,0,494,0,1
122287,0,440,0,1
122300,0,490,0,1
122301,0,500,0,1
122302,0,497,0,1
122303,0,494,0,1
122304,0,499,0,1
122305,0,501,0,1
122306,0,502,0,1
122307,0,501,0,1
122308,0,503,0,1
122309,0,500,0,1
122310,0,502,0,1
122311,0,503,0,1
122312,0,501,0,1
122313,0,497,0,1
122314,0,503,0,1
122315,0,494,0,1
122316,0,495,0,1
122317,0,501,0,1
122318,0,499,0,1
122319,0,497,0,1
122320,0,502,0,1
122321,0,498,0,1
122322,0,502,0,1
122323,0,499,0,1
122324,0,502,0,1
122325,0,497,0,1
122326,0,501,0,1
122327,0,497,0,1
122328,0,503,0,1
122329,0,500,0,1
122330,0,501,0,1
122331,0,505,0,1
122332,0,497,0,1
122333,0,503,0,1
122334,0,501,0,1
122335,0,501,0,1
122336,0,502,0,1
122337,0,498,0,1
122338,0,500,0,1
122339,0,498,0,1
122340,0,501,0,1
122341,0,496,0,1
122342,0,500,0,1
122343,0,501,0,1
122344,0,499,0,1
122345,0,506,0,1
122346,0,496,0,1
122347,0,498,0,1
122348,0,495,0,1
122349,0,499,0,1
122350,0,498,0,1
122351,0,499,0,1
122352,0,496,0,1
122353,0,497,0,1
122354,0,498,0,1
122355,0,501,0,1
122356,0,507,0,1
122357,0,501,0,1
122358,0,498,0,1
122359,0,502,0,1
122360,0,504,0,1
122361,0,502,0,1
122362,0,497,0,1
122363,0,495,0,1
122364,0,499,0,1
122365,0,503,0,1
122366,0,500,0,1
122367,0,502,0,1
122368,0,500,0,1
122369,0,504,0,1
122370,0,499,0,1
122371,0,500,0,1
122372,0,503,0,1
122373,0,503,0,1
122374,0,502,0,1
122375,0,502,0,1
122376,0,501,0,1
122377,0,504,0,1
122378,0,499,0,1
122379,0,501,0,1
122380,0,504,0,1
122381,0,497,0,1
122382,0,501,0,1
122383,0,501,0,1
122384,0,501,0,1
122385,0,501,0,1
122386,0,499,0,1
122387,0,502,0,1
122388,0,504,0,1
122389,0,502,0,1
122390,0,499,0,1
122391,0,503,0,1
122392,0,498,0,1
122393,0,501,0,1
122394,0,502,0,1
122395,0,503,0,1
122396,0,494,0,1
122397,0,500,0,1
122398,0,497,0,1
122399,0,505,0,1
122400,0,502,0,1
122401,0,500,0,1
122402,0,502,0,1
122403,0,497,0,1
122404,0,498,0,1
122405,0,500,0,1
122406,0,504,0,1
122407,0,499,0,1
122408,0,497,0,1
122409,0,500,0,1
122410,0,500,0,1
122411,0,501,0,1
122412,0,501,0,1
122413,0,497,0,1
122414,0,500,0,1
122415,0,499,0,1
122416,0,497,0,1
122417,0,503,0,1
122418,0,503,0,1
122419,0,496,0,1
122420,0,498,0,1
122421,0,495,0,1
122422,0,500,0,1
122423,0,499,0,1
122424,0,504,0,1
122425,0,493,0,1
122426,0,503,0,1
122427,0,497,0,1
122428,0,499,0,1
122429,0,503,0,1
122430,0,498,0,1
122431,0,297,0,1
122432,0,247,0,1
122433,0,496,0,1
122434,0,496,0,1
122435,0,493,0,1
122436,0,496,0,1
122437,0,496,0,1
122438,0,500,0,1
122439,0,496,0,1
122440,0,489,0,1
122441,0,496,0,1
122442,0,492,0,1
122443,0,496,0,1
122444,0,497,0,1
122445,0,497,0,1
122446,0,497,0,1
122447,0,497,0,1
122448,0,496,0,1
122449,0,500,0,1
122450,0,56,0,1
122556,0,9,0,1
12256,0,243,0,1
12257,0,485,1,1
12258,0,497,0,1
12259,0,496,0,1
122597,0,101,0,1
12260,0,499,0,1
122608,0,105,0,1
122609,0,0,0,1
12261,0,500,0,1
12262,0,231,0,1
122621,0,215,0,1
122622,0,500,0,1
122623,0,193,0,1
122701,0,345,0,1
122702,0,492,0,1
122703,0,119,0,1
122737,0,15,0,1
122738,0,290,0,1
122760,0,306,0,1
122918,0,202,0,1
122919,0,499,0,1
122920,0,493,0,1
122921,0,497,0,1
122922,0,497,0,1
122923,0,502,0,1
122924,0,227,0,1
122959,0,13,0,1
122960,0,488,0,1
122961,0,431,0,1
122967,0,93,0,1
12306,0,63,0,1
12307,0,30,0,1
12325,0,175,0,1
12326,0,148,0,1
123303,0,29,0,1
123333,0,28,0,1
123370,0,308,0,1
123371,0,494,0,1
123372,0,496,0,1
123373,0,489,0,1
123374,0,483,0,1
123375,0,489,0,1
123376,0,153,0,1
123394,0,385,0,1
123395,0,496,0,1
123396,0,496,0,1
123397,0,494,0,1
123398,0,490,0,1
123399,0,497,0,1
12340,0,81,0,1
123400,0,496,0,1
123401,0,491,0,1
123402,0,500,0,1
123403,0,493,0,1
123404,0,495,0,1
123405,0,495,0,1
123406,0,495,0,1
123407,0,489,0,1
123408,0,498,0,1
123409,0,502,0,1
12341,0,496,0,1
123410,0,494,0,1
123411,0,403,0,1
12342,0,496,0,1
12343,0,493,0,1
12344,0,500,0,1
12345,0,499,0,1
12346,0,349,0,1
123656,0,180,0,1
123657,0,500,0,1
123658,0,501,0,1
123659,0,501,0,1
123660,0,496,0,1
123661,0,489,0,1
123662,0,236,0,1
123694,0,277,0,1
123695,0,494,0,1
123696,0,179,0,1
123699,0,14,0,1
123754,0,270,0,1
123755,0,492,0,1
123756,0,485,0,1
123757,0,479,0,1
123758,0,484,0,1
123759,0,499,0,1
123760,0,239,0,1
123799,0,30,0,1
123832,0,295,0,1
123838,0,90,0,1
123839,0,498,0,1
123840,0,495,0,1
123841,0,499,0,1
123842,0,498,0,1
123843,0,494,0,1
123844,0,494,0,1
123845,0,497,0,1
123846,0,492,0,1
123847,0,494,0,1
123848,0,493,0,1
123849,0,495,0,1
123850,0,493,0,1
123851,0,495,0,1
123852,0,501,0,1
123853,0,494,0,1
123854,0,493,0,1
123855,0,491,0,1
123856,0,261,0,1
123862,0,52,0,1
123863,0,490,0,1
123864,0,363,0,1
123946,0,187,0,1
123947,0,499,0,1
123948,0,495,0,1
123949,0,495,0,1
123950,0,493,0,1
123951,0,492,0,1
123952,0,196,0,1
124178,0,240,0,1
124179,0,45,0,1
124288,0,0,0,1
124421,0,308,0,1
124422,0,491,0,1
124423,0,150,0,1
124544,0,48,0,1
124545,0,251,0,1
124548,0,441,0,1
124549,0,486,0,1
124550,0,33,0,1
124569,0,451,0,1
124570,0,448,0,1
124579,0,457,0,1
124580,0,493,0,1
124581,0,0,0,1
124736,0,321,0,1
124737,0,499,1,1
124738,0,501,0,1
124739,0,494,0,1
124740,0,495,0,1
124741,0,497,0,1
124742,0,496,0,1
124743,0,496,0,1
124744,0,496,0,1
124745,0,498,0,1
124746,0,496,0,1
124747,0,498,0,1
124748,0,496,0,1
124749,0,494,0,1
124750,0,499,0,1
124751,0,494,0,1
124752,0,497,0,1
124753,0,329,0,1
124754,0,6,0,1
124882,0,287,0,1
124975,0,4,0,1
124976,0,1,0,1
124994,0,96,0,1
124995,0,199,0,1
125030,0,456,0,1
125031,0,487,0,1
125037,0,4,0,1
125052,0,93,0,1
125236,0,27,0,1
125343,0,317,0,1
125344,0,492,0,1
125345,0,120,0,1
12542,0,454,0,1
12543,0,495,0,1
12544,0,10,0,1
12553,0,15,0,1
12554,0,2,0,1
125612,0,446,0,1
125613,0,498,0,1
125614,0,500,0,1
125615,0,503,0,1
125616,0,504,0,1
125617,0,500,1,1
125618,0,506,0,1
125619,0,509,0,1
125620,0,505,0,1
125621,0,501,0,1
125622,0,506,0,1
125623,0,500,0,1
125624,0,496,0,1
125625,0,501,0,1
125626,0,506,0,1
125627,0,500,0,1
125628,0,505,0,1
125629,0,501,0,1
125630,0,504,0,1
125631,0,503,0,1
125632,0,502,0,1
125633,0,505,0,1
125634,0,502,0,1
125635,0,502,0,1
125636,0,505,0,1
125637,0,508,0,1
125638,0,502,0,1
125639,0,503,0,1
125640,0,502,0,1
125641,0,503,0,1
125642,0,505,0,1
125643,0,505,0,1
125644,0,506,0,1
125645,0,506,0,1
125646,0,504,0,1
125647,0,502,0,1
125648,0,503,0,1
125649,0,501,0,1
125650,0,505,0,1
125651,0,503,0,1
125652,0,503,0,1
125653,0,503,0,1
125654,0,498,0,1
125655,0,508,0,1
125656,0,504,0,1
125657,0,500,0,1
125658,0,505,0,1
125659,0,503,0,1
125660,0,502,0,1
125661,0,503,0,1
125662,0,53,0,1
125672,0,435,0,1
125673,0,499,0,1
125674,0,500,0,1
125675,0,494,0,1
125676,0,497,0,1
125677,0,504,0,1
125678,0,9,0,1
125703,0,418,0,1
125704,0,505,0,1
125705,0,501,0,1
125706,0,505,0,1
125707,0,499,0,1
125708,0,504,0,1
125709,0,502,0,1
125710,0,503,0,1
125711,0,506,0,1
125712,0,503,0,1
125713,0,503,0,1
125714,0,504,0,1
125715,0,499,0,1
125716,0,501,0,1
125717,0,501,0,1
125718,0,505,0,1
125719,0,504,0,1
125720,0,503,0,1
125721,0,505,0,1
125722,0,505,0,1
125723,0,504,0,1
125724,0,503,0,1
125725,0,503,0,1
125726,0,498,0,1
125727,0,502,0,1
125728,0,501,0,1
125729,0,505,0,1
125730,0,505,0,1
125731,0,505,0,1
125732,0,500,0,1
125733,0,505,0,1
125734,0,500,0,1
125735,0,504,0,1
125736,0,506,0,1
125737,0,502,0,1
125738,0,507,0,1
125739,0,509,0,1
125740,0,502,0,1
125741,0,507,0,1
125742,0,505,0,1
125743,0,505,0,1
125744,0,508,0,1
125745,0,502,0,1
125746,0,504,0,1
125747,0,502,0,1
125748,0,506,0,1
125749,0,506,0,1
125750,0,507,0,1
125751,0,507,0,1
125752,0,499,0,1
125753,0,13,0,1
125767,0,114,0,1
125768,0,496,0,1
125769,0,314,0,1
125829,0,90,0,1
125832,0,58,0,1
125833,0,27,0,1
125836,0,86,0,1
125970,0,283,0,1
125971,0,488,0,1
125972,0,181,0,1
12599,0,104,0,1
125992,0,16,0,1
125993,0,495,0,1
125994,0,464,0,1
12600,0,501,0,1
12601,0,498,0,1
12602,0,496,0,1
12603,0,498,0,1
12604,0,496,0,1
12605,0,496,0,1
12606,0,502,0,1
12607,0,496,0,1
12608,0,499,0,1
12609,0,496,0,1
12610,0,500,0,1
12611,0,503,0,1
12612,0,495,0,1
12613,0,500,0,1
12614,0,501,0,1
12615,0,502,0,1
12616,0,500,0,1
126168,0,182,0,1
126169,0,488,0,1
12617,0,270,0,1
126170,0,294,0,1
126286,0,335,0,1
126287,0,501,0,1
126288,0,491,0,1
126289,0,500,0,1
126290,0,501,0,1
126291,0,493,0,1
126292,0,170,0,1
12631,0,24,0,1
126361,0,10,0,1
126390,0,195,0,1
126391,0,497,0,1
126392,0,270,0,1
126552,0,99,0,1
126750,0,84,0,1
126786,0,98,0,1
126839,0,36,0,1
126846,0,370,0,1
126847,0,493,0,1
126848,0,91,0,1
126849,0,87,0,1
126872,0,268,0,1
126873,0,499,0,1
126874,0,214,0,1
126878,0,322,0,1
126893,0,0,0,1
126894,0,279,0,1
126913,0,35,0,1
126914,0,37,0,1
126935,0,176,0,1
126936,0,489,0,1
126937,0,269,0,1
127152,0,129,0,1
127153,0,174,1,1
127223,0,71,0,1
127224,0,495,1,1
127225,0,489,0,1
127226,0,493,0,1
127227,0,485,0,1
127228,0,494,0,1
127229,0,352,0,1
127339,0,74,0,1
127340,0,254,0,1
127363,0,218,0,1
127364,0,505,0,1
127365,0,493,0,1
127366,0,505,0,1
127367,0,500,0,1
127368,0,502,0,1
127369,0,500,0,1
127370,0,500,0,1
127371,0,498,0,1
127372,0,497,0,1
127373,0,502,0,1
127374,0,501,0,1
127375,0,503,0,1
127376,0,502,0,1
127377,0,501,0,1
127378,0,498,0,1
127379,0,499,0,1
127380,0,502,0,1
127381,0,303,0,1
127397,0,394,0,1
127398,0,488,0,1
127399,0,43,0,1
127481,0,101,0,1
127567,0,0,0,1
127624,0,72,0,1
127625,0,494,0,1
127626,0,499,0,1
127627,0,498,0,1
127628,0,499,0,1
127629,0,494,0,1
127630,0,500,0,1
127631,0,498,0,1
127632,0,495,0,1
127633,0,502,0,1
127634,0,494,0,1
127635,0,490,0,1
127636,0,501,0,1
127637,0,498,0,1
127638,0,500,0,1
127639,0,497,0,1
127640,0,499,0,1
127641,0,498,0,1
127642,0,326,0,1
127691,0,414,0,1
127692,0,475,0,1
127731,0,164,0,1
127732,0,500,0,1
127733,0,257,0,1
127856,0,314,0,1
127960,0,220,0,1
127961,0,499,0,1
127962,0,494,0,1
127963,0,503,0,1
127964,0,497,0,1
127965,0,501,0,1
127966,0,302,0,1
127991,0,328,0,1
127994,0,276,0,1
127995,0,487,0,1
127996,0,492,0,1
127997,0,492,0,1
127998,0,496,0,1
127999,0,491,0,1
128000,0,144,0,1
128065,0,144,0,1
128066,0,496,0,1
128067,0,496,0,1
128068,0,494,0,1
128069,0,492,0,1
128070,0,496,0,1
128071,0,341,0,1
12809,0,284,0,1
128106,0,81,0,1
128107,0,232,0,1
128175,0,68,0,1
128176,0,495,0,1
128177,0,497,1,1
128178,0,501,0,1
128179,0,495,0,1
12818,0,0,0,1
128180,0,498,0,1
128181,0,291,0,1
128291,0,348,0,1
128292,0,496,0,1
128293,0,91,0,1
128303,0,235,0,1
128304,0,490,0,1
128305,0,216,0,1
128330,0,239,0,1
128331,0,496,0,1
128332,0,183,0,1
128335,0,407,0,1
128336,0,490,0,1
128337,0,79,0,1
128363,0,276,0,1
128364,0,497,0,1
128365,0,190,0,1
128398,0,1,0,1
128399,0,494,0,1
128400,0,498,0,1
128401,0,494,0,1
128402,0,493,0,1
128403,0,491,0,1
128404,0,413,0,1
128444,0,85,0,1
128456,0,404,0,2
128457,0,497,0,1
128458,0,19,0,1
128592,0,3,0,1
12862,0,112,0,1
128677,0,378,0,1
128678,0,502,0,1
128679,0,100,0,1
128680,0,94,0,1
128681,0,211,0,1
128738,0,74,0,1
128746,0,31,0,1
128902,0,227,0,1
128903,0,501,0,1
128904,0,233,0,1
128991,0,98,0,1
128992,0,499,0,1
128993,0,501,0,1
128994,0,503,0,1
128995,0,495,0,1
128996,0,501,0,1
128997,0,508,0,1
128998,0,505,0,1
128999,0,502,0,1
129000,0,498,0,1
129001,0,504,0,1
129002,0,500,0,1
129003,0,500,0,1
129004,0,497,0,1
129005,0,502,0,1
129006,0,503,0,1
129007,0,501,0,1
129008,0,499,0,1
129009,0,330,0,1
129022,0,311,0,1
129170,0,479,0,1
129171,0,489,0,1
129172,0,495,0,1
129173,0,493,0,1
129174,0,495,0,1
129175,0,338,0,1
129179,0,365,0,1
129180,0,487,0,1
129181,0,495,0,1
129182,0,494,0,1
129183,0,499,0,1
129184,0,502,0,1
129185,0,108,1,1
129289,0,382,0,1
129290,0,497,0,1
129291,0,498,0,1
129292,0,494,0,1
129293,0,493,0,1
129294,0,500,0,1
129295,0,66,0,1
129383,0,152,0,1
129384,0,502,0,1
129385,0,502,0,1
129386,0,497,0,1
129387,0,495,0,1
129388,0,494,0,1
129389,0,495,0,1
129390,0,496,0,1
129391,0,500,0,1
129392,0,498,0,1
129393,0,494,1,1
129394,0,495,0,1
129395,0,491,0,1
129396,0,498,0,1
129397,0,496,0,1
129398,0,503,0,1
129399,0,501,0,1
129400,0,492,0,1
129401,0,499,0,1
129402,0,495,0,1
129403,0,501,0,1
129404,0,500,0,1
129405,0,503,0,1
129406,0,497,0,1
129407,0,499,0,1
129408,0,498,0,1
129409,0,500,0,1
129410,0,500,0,1
129411,0,501,0,1
129412,0,499,0,1
129413,0,499,0,1
129414,0,497,0,1
129415,0,494,0,1
129416,0,498,0,1
129417,0,497,0,1
129418,0,499,0,1
129419,0,496,0,1
129420,0,502,0,1
129421,0,497,0,1
129422,0,502,0,1
129423,0,495,0,1
129424,0,500,0,1
129425,0,499,0,1
129426,0,491,0,1
129427,0,503,0,1
129428,0,494,0,1
129429,0,501,0,1
129430,0,502,0,1
129431,0,498,0,1
129432,0,440,0,1
129448,0,5,0,1
129449,0,75,0,1
129575,0,242,0,1
129576,0,490,0,1
129577,0,205,0,1
129623,0,6,0,1
129748,0,291,0,1
12983,0,453,0,1
12984,0,496,0,1
12985,0,497,0,1
12986,0,493,0,1
12987,0,496,0,1
129873,0,297,0,1
12988,0,495,0,1
12989,0,504,0,1
12990,0,496,0,1
12991,0,497,0,1
12992,0,498,0,1
12993,0,500,0,1
12994,0,495,0,1
12995,0,499,0,1
12996,0,489,0,1
12997,0,498,0,1
12998,0,500,0,1
129984,0,319,0,1
12999,0,494,0,1
13,0,494,0,1
13000,0,343,0,1
130026,0,230,0,1
130027,0,495,0,1
130028,0,495,0,1
130029,0,503,0,1
130030,0,499,0,1
130031,0,501,1,1
130032,0,502,0,1
130033,0,497,0,1
130034,0,504,0,1
130035,0,498,0,1
130036,0,501,0,1
130037,0,498,0,1
130038,0,501,0,1
130039,0,497,0,1
130040,0,497,0,1
130041,0,500,0,1
130042,0,492,0,1
130043,0,498,0,1
130044,0,495,0,1
130045,0,491,0,1
130046,0,500,0,1
130047,0,501,0,1
130048,0,499,0,1
130049,0,496,0,1
130050,0,497,0,1
130051,0,499,0,1
130052,0,502,0,1
130053,0,497,0,1
130054,0,503,0,1
130055,0,501,0,1
130056,0,503,0,1
130057,0,494,0,1
130058,0,498,0,1
130059,0,499,0,1
130060,0,500,0,1
130061,0,502,0,1
130062,0,495,0,1
130063,0,503,0,1
130064,0,501,0,1
130065,0,499,1,1
130066,0,501,0,1
130067,0,497,0,1
130068,0,500,0,1
130069,0,501,0,1
130070,0,496,0,1
130071,0,503,0,1
130072,0,503,0,1
130073,0,501,0,1
130074,0,500,0,1
130075,0,500,0,1
130076,0,434,0,1
130098,0,245,0,1
130099,0,507,0,1
130100,0,503,0,1
130101,0,503,0,1
130102,0,502,0,1
130103,0,504,0,1
130104,0,508,0,1
130105,0,501,0,1
130106,0,494,0,1
130107,0,505,0,1
130108,0,504,0,1
130109,0,505,0,1
130110,0,501,0,1
130111,0,501,0,1
130112,0,498,0,1
130113,0,503,0,1
130114,0,504,0,1
130115,0,502,0,1
130116,0,504,0,1
130117,0,505,0,1
130118,0,504,0,1
130119,0,503,0,1
130120,0,506,0,1
130121,0,505,0,1
130122,0,506,0,1
130123,0,506,0,1
130124,0,504,0,1
130125,0,506,0,1
130126,0,502,0,1
130127,0,503,0,1
130128,0,502,0,1
130129,0,503,1,1
130130,0,504,0,1
130131,0,497,0,1
130132,0,504,0,1
130133,0,503,0,1
130134,0,502,0,1
130135,0,507,0,1
130136,0,501,0,1
130137,0,501,0,1
130138,0,506,0,1
130139,0,503,0,1
130140,0,507,0,1
130141,0,503,0,1
130142,0,505,0,1
130143,0,505,0,1
130144,0,501,0,1
130145,0,507,0,1
130146,0,502,0,1
130147,0,504,0,1
130148,0,504,0,1
130149,0,504,0,1
130150,0,503,0,1
130151,0,504,0,1
130152,0,503,0,1
130153,0,503,0,1
130154,0,505,0,1
130155,0,503,0,1
130156,0,500,0,1
130157,0,505,0,1
130158,0,506,0,1
130159,0,505,0,1
130160,0,501,0,1
130161,0,506,0,1
130162,0,505,0,1
130163,0,506,0,1
130164,0,503,0,1
130165,0,507,0,1
130166,0,500,0,1
130167,0,502,0,1
130168,0,504,0,1
130169,0,504,0,1
130170,0,505,0,1
130171,0,502,0,1
130172,0,507,0,1
130173,0,501,0,1
130174,0,502,0,1
130175,0,502,0,1
130176,0,500,0,1
130177,0,502,0,1
130178,0,502,0,1
130179,0,500,0,1
130180,0,504,0,1
130181,0,504,0,1
130182,0,504,0,1
130183,0,501,0,1
130184,0,503,0,1
130185,0,506,0,1
130186,0,504,0,1
130187,0,504,0,1
130188,0,502,0,1
130189,0,507,0,1
130190,0,507,0,1
130191,0,504,0,1
130192,0,501,0,1
130193,0,501,0,1
130194,0,503,0,1
130195,0,503,0,1
130196,0,500,0,1
130197,0,506,0,1
130198,0,503,0,1
130199,0,506,0,1
130200,0,500,0,1
130201,0,506,0,1
130202,0,505,0,1
130203,0,505,0,1
130204,0,504,0,1
130205,0,505,0,1
130206,0,505,0,1
130207,0,505,0,1
130208,0,498,0,1
130209,0,503,0,1
130210,0,503,0,1
130211,0,505,0,1
130212,0,505,0,1
130213,0,502,0,1
130214,0,503,0,1
130215,0,505,0,1
130216,0,504,0,1
130217,0,501,0,1
130218,0,506,0,1
130219,0,497,0,1
130220,0,501,0,1
130221,0,506,0,1
130222,0,507,0,1
130223,0,503,0,1
130224,0,499,0,1
130225,0,502,0,1
130226,0,505,0,1
130227,0,507,0,1
130228,0,501,0,1
130229,0,271,0,1
130279,0,169,0,1
130280,0,491,0,1
130281,0,310,0,1
130287,0,297,0,1
130288,0,496,0,1
130289,0,494,0,1
130290,0,492,0,1
130291,0,491,0,1
130292,0,500,0,1
130293,0,133,0,1
130294,0,26,0,1
130454,0,243,0,1
130455,0,489,0,1
130456,0,492,0,1
130457,0,495,0,1
130458,0,492,0,1
130459,0,490,0,1
130460,0,161,0,1
13053,0,300,0,1
13054,0,496,0,1
13055,0,486,0,1
13056,0,492,0,1
13057,0,496,1,1
13058,0,497,0,1
13059,0,156,0,1
130739,0,22,0,1
130740,0,499,0,1
130741,0,402,0,1
130783,0,301,0,1
130794,0,468,0,1
130795,0,491,0,1
130796,0,489,0,1
130797,0,489,0,1
130798,0,487,0,1
130799,0,406,0,1
130974,0,83,0,1
131005,0,149,0,1
131006,0,500,0,1
131007,0,496,0,1
131008,0,495,0,1
131009,0,498,0,1
131010,0,495,0,1
131011,0,346,0,1
131203,0,281,0,1
131204,0,500,0,1
131205,0,157,0,1
131235,0,112,0,1
131261,0,171,0,1
131262,0,503,0,1
131263,0,501,0,1
131264,0,503,0,1
131265,0,492,12,1
131266,0,504,0,1
131267,0,503,0,1
131268,0,503,0,1
131269,0,500,0,1
131270,0,503,0,1
131271,0,500,0,1
131272,0,500,0,1
131273,0,500,0,1
131274,0,506,0,1
131275,0,504,0,1
131276,0,507,0,1
131277,0,506,0,1
131278,0,503,0,1
131279,0,231,0,1
131288,0,229,0,1
131289,0,500,0,1
131290,0,266,0,1
131318,0,48,0,1
131319,0,499,0,1
131320,0,441,0,1
131402,0,114,0,1
131424,0,404,0,1
131425,0,499,0,1
131426,0,501,0,1
131427,0,487,0,1
131428,0,494,0,1
131429,0,493,0,1
131430,0,81,0,1
131448,0,98,0,1
131479,0,309,0,1
131480,0,0,0,1
131515,0,327,0,1
131616,0,199,0,1
131617,0,121,0,1
131733,0,330,0,1
131734,0,498,0,1
131735,0,141,0,1
131829,0,304,0,1
132042,0,449,0,1
132043,0,499,0,1
132044,0,8,0,1
132086,0,325,0,1
132087,0,495,0,1
132088,0,261,0,2
132089,0,496,0,1
132090,0,498,0,1
132091,0,496,0,1
132092,0,491,0,1
132093,0,505,0,1
132094,0,500,0,1
132095,0,496,0,1
132096,0,495,0,1
132097,0,499,0,1
132098,0,497,0,1
132099,0,495,0,1
132100,0,496,0,1
132101,0,500,0,1
132102,0,500,0,1
132103,0,501,0,1
132104,0,496,0,1
132105,0,492,0,1
132106,0,295,0,1
132143,0,296,0,1
132144,0,491,0,1
132145,0,172,0,1
132146,0,124,0,1
132147,0,162,0,1
132168,0,34,0,1
132169,0,286,0,1
132204,0,404,0,1
132205,0,496,0,1
132206,0,493,0,1
132207,0,487,0,1
132208,0,498,0,1
132209,0,498,0,1
132210,0,500,0,1
132211,0,500,0,1
132212,0,491,0,1
132213,0,503,0,1
132214,0,495,0,1
132215,0,490,0,1
132216,0,495,0,1
132217,0,495,0,1
132218,0,499,0,1
132219,0,497,0,1
132220,0,490,0,1
132221,0,402,0,1
132232,0,98,0,1
132319,0,94,1,1
132320,0,495,0,1
132321,0,484,6,1
132322,0,492,0,1
132323,0,495,0,1
132324,0,498,0,1
132325,0,452,0,1
132352,0,56,0,1
132353,0,502,0,1
132354,0,500,0,1
132355,0,500,0,1
132356,0,497,0,1
132357,0,497,0,1
132358,0,420,0,1
132378,0,75,0,1
132379,0,497,0,1
132380,0,345,0,1
132384,0,364,0,1
132385,0,496,0,1
132386,0,68,0,1
132410,0,309,0,1
132411,0,9,0,1
132474,0,248,0,1
132475,0,501,0,1
132476,0,497,0,1
132477,0,505,0,1
132478,0,498,0,1
132479,0,505,0,1
132480,0,110,0,1
132525,0,336,0,1
1326,0,38,0,1
1327,0,488,0,1
132728,0,5,0,1
132729,0,499,0,1
132730,0,492,0,1
132731,0,502,0,1
132732,0,497,0,1
132733,0,498,0,1
132734,0,499,0,1
132735,0,499,0,1
132736,0,496,0,1
132737,0,494,0,1
132738,0,495,0,1
132739,0,492,0,1
132740,0,501,0,1
132741,0,501,0,1
132742,0,500,0,1
132743,0,494,0,1
132744,0,498,0,1
132745,0,503,0,1
132746,0,495,0,1
132747,0,0,0,1
132799,0,57,0,1
1328,0,496,0,1
132815,0,332,0,1
132868,0,452,0,1
132869,0,494,0,1
1329,0,500,0,1
13295,0,332,0,1
132953,0,396,0,1
132954,0,495,0,1
132955,0,490,0,1
132956,0,493,0,1
132957,0,498,0,1
132958,0,497,0,1
132959,0,502,0,1
132960,0,498,0,1
132961,0,499,0,1
132962,0,497,0,1
132963,0,496,0,1
132964,0,495,0,1
132965,0,500,0,1
132966,0,506,0,1
132967,0,499,0,1
132968,0,496,0,1
132969,0,500,0,1
132970,0,353,0,1
132981,0,456,0,1
132982,0,497,0,1
132983,0,495,0,1
132984,0,499,0,1
132985,0,496,0,1
132986,0,493,0,1
132987,0,498,0,1
132988,0,485,0,1
132989,0,500,0,1
132990,0,497,0,1
132991,0,493,0,1
132992,0,493,0,1
132993,0,496,0,1
132994,0,497,0,1
132995,0,492,0,1
132996,0,493,0,1
132997,0,496,0,1
132998,0,340,0,1
1330,0,501,0,1
133001,0,199,0,1
133002,0,113,0,1
133032,0,228,0,1
133033,0,499,0,1
133034,0,497,0,1
133035,0,501,0,1
133036,0,491,0,1
133037,0,498,0,1
133038,0,498,0,1
133039,0,496,0,1
133040,0,496,0,1
133041,0,497,0,1
133042,0,495,0,1
133043,0,497,0,1
133044,0,494,0,1
133045,0,493,0,1
133046,0,487,0,1
133047,0,496,0,1
133048,0,492,0,1
133049,0,355,0,1
133087,0,375,0,1
133088,0,500,0,1
133089,0,492,0,1
133090,0,495,0,1
133091,0,496,0,1
133092,0,498,0,1
133093,0,496,0,1
133094,0,502,0,1
133095,0,502,0,1
133096,0,495,0,1
133097,0,498,0,1
133098,0,499,0,1
133099,0,496,0,1
1331,0,494,0,1
133100,0,493,0,1
133101,0,498,0,1
133102,0,501,0,1
133103,0,494,0,1
133104,0,426,0,1
133172,0,83,0,1
133192,0,337,0,1
133193,0,498,0,1
133194,0,492,0,1
133195,0,500,0,1
133196,0,496,0,1
133197,0,487,0,1
1332,0,412,0,1
133299,0,84,0,1
133327,0,21,0,1
133328,0,0,0,1
133371,0,31,0,1
133372,0,1,0,1
13340,0,90,0,1
13344,0,243,0,1
13345,0,505,0,1
13346,0,500,0,1
13347,0,503,0,1
13348,0,500,0,1
13349,0,500,0,1
13350,0,148,0,1
133555,0,23,0,1
133640,0,119,0,1
133641,0,487,0,1
133642,0,344,0,1
133656,0,24,0,1
133683,0,4,0,1
133684,0,314,0,1
133696,0,101,0,1
133739,0,145,0,1
133740,0,148,0,1
133762,0,191,0,1
133763,0,500,0,1
133764,0,234,0,1
133983,0,10,0,1
134005,0,455,0,1
134006,0,481,0,1
134130,0,281,0,1
134131,0,9,0,1
134137,0,90,0,1
134212,0,9,0,1
13423,0,15,0,1
13424,0,294,0,1
134284,0,464,0,1
134285,0,490,0,1
134286,0,2,0,1
1343,0,109,0,1
13435,0,83,0,1
134385,0,116,0,1
134386,0,500,0,1
134387,0,496,0,1
134388,0,502,0,1
134389,0,499,0,1
134390,0,495,0,1
134391,0,291,0,1
134426,0,303,0,1
134427,0,487,0,1
134428,0,493,0,1
134429,0,500,0,1
134430,0,491,0,1
134431,0,497,0,1
134432,0,493,0,1
134433,0,495,0,1
134434,0,496,0,1
134435,0,496,0,1
134436,0,496,0,1
134437,0,496,0,1
134438,0,493,0,1
134439,0,489,0,1
134440,0,501,0,1
134441,0,500,0,1
134442,0,500,0,1
134443,0,500,0,1
134444,0,170,0,1
134529,0,484,1,1
134530,0,499,0,1
134531,0,507,0,1
134532,0,505,0,1
134533,0,503,0,1
134534,0,501,0,1
134535,0,505,0,1
134536,0,496,0,1
134537,0,503,0,1
134538,0,503,0,1
134539,0,503,0,1
134540,0,501,0,1
134541,0,507,0,1
134542,0,498,0,1
134543,0,506,0,1
134544,0,499,0,1
134545,0,507,0,1
134546,0,286,0,1
13458,0,117,0,1
13459,0,209,0,1
134684,0,2,0,1
134685,0,500,0,1
134686,0,496,0,1
134687,0,497,0,1
134688,0,497,0,1
134689,0,494,0,1
134690,0,494,0,1
134691,0,501,0,1
134692,0,489,0,1
134693,0,497,0,1
134694,0,496,0,1
134695,0,497,0,1
134696,0,504,0,1
134697,0,503,0,1
134698,0,498,0,1
134699,0,499,0,1
134700,0,496,0,1
134701,0,495,0,1
134702,0,271,0,1
134759,0,3,0,1
134836,0,77,0,1
134837,0,253,0,1
134930,0,16,0,1
134971,0,336,0,1
134972,0,495,0,1
134973,0,492,0,1
134974,0,496,0,1
134975,0,496,0,1
134976,0,496,0,1
134977,0,93,0,1
13500,0,59,0,1
13501,0,496,0,1
13502,0,494,0,1
13503,0,493,0,1
13504,0,492,0,1
13505,0,493,0,1
13506,0,420,0,1
135063,0,191,0,1
135064,0,500,0,1
135065,0,500,0,1
135066,0,494,0,1
135067,0,497,0,1
135068,0,497,0,1
135069,0,493,0,1
13507,0,268,1,1
135070,0,500,0,1
135071,0,501,0,1
135072,0,500,0,1
135073,0,495,5,1
135074,0,499,0,1
135075,0,497,0,1
135076,0,492,0,1
135077,0,499,0,1
135078,0,498,0,1
135079,0,499,0,1
13508,0,2,0,1
135080,0,496,0,1
135081,0,497,0,1
135082,0,504,0,1
135083,0,496,0,1
135084,0,498,0,1
135085,0,502,0,1
135086,0,500,0,1
135087,0,501,0,1
135088,0,503,0,1
135089,0,486,7,1
135090,0,497,0,1
135091,0,497,0,1
135092,0,502,0,1
135093,0,496,0,1
135094,0,503,0,1
135095,0,503,0,1
135096,0,500,0,1
135097,0,500,0,1
135098,0,501,0,1
135099,0,500,0,1
135100,0,504,0,1
135101,0,502,0,1
135102,0,502,0,1
135103,0,504,0,1
135104,0,500,0,1
135105,0,478,16,1
135106,0,505,0,1
135107,0,500,0,1
135108,0,501,0,1
135109,0,504,0,1
135110,0,499,0,1
135111,0,501,0,1
135112,0,502,0,1
135113,0,107,0,1
135128,0,102,0,1
135129,0,494,0,1
135130,0,500,0,1
135131,0,496,0,1
135132,0,493,0,1
135133,0,500,0,1
135134,0,440,0,1
135147,0,453,0,1
135148,0,497,0,1
135149,0,497,0,1
135150,0,499,0,1
135151,0,491,0,1
135152,0,379,0,1
13527,0,87,0,1
135285,0,24,0,1
135332,0,29,0,1
135333,0,275,0,1
135513,0,32,0,1
135519,0,326,0,1
135560,0,158,0,1
135561,0,493,0,1
135562,0,331,0,1
135580,0,82,0,1
135581,0,235,0,1
135680,0,71,0,1
135681,0,253,0,1
13572,0,129,0,1
13573,0,495,0,1
135731,0,11,0,1
135732,0,264,0,1
13574,0,355,0,1
135898,0,7,0,1
135992,0,95,0,1
136103,0,95,0,1
136156,0,417,0,1
136157,0,506,0,1
136158,0,509,0,1
136159,0,506,0,1
136160,0,504,0,1
136161,0,503,0,1
136162,0,504,0,1
136163,0,506,0,1
136164,0,500,0,1
136165,0,505,0,1
136166,0,503,0,1
136167,0,504,0,1
136168,0,500,0,1
136169,0,503,0,1
136170,0,506,0,1
136171,0,500,0,1
136172,0,504,0,1
136173,0,499,0,1
136174,0,504,0,1
136175,0,501,0,1
136176,0,502,0,1
136177,0,506,0,1
136178,0,508,0,1
136179,0,504,0,1
136180,0,507,0,1
136181,0,506,0,1
136182,0,501,0,1
136183,0,508,0,1
136184,0,501,0,1
136185,0,504,0,1
136186,0,507,0,1
136187,0,505,0,1
136188,0,505,0,1
136189,0,502,0,1
136190,0,505,0,1
136191,0,502,0,1
136192,0,507,0,1
136193,0,501,0,1
136194,0,504,0,1
136195,0,507,0,1
136196,0,502,0,1
136197,0,506,0,1
136198,0,507,0,1
136199,0,504,0,1
136200,0,507,0,1
136201,0,507,0,1
136202,0,503,0,1
136203,0,500,0,1
136204,0,498,0,1
136205,0,367,0,1
136333,0,203,0,1
136334,0,74,0,1
136421,0,35,0,1
136575,0,7,0,1
136585,0,105,0,1
136591,0,354,0,1
136592,0,494,0,1
136593,0,487,0,1
136594,0,492,0,1
136595,0,496,0,1
136596,0,495,0,1
136597,0,89,0,1
136623,0,298,0,1
136646,0,479,0,1
136647,0,488,0,1
136648,0,491,0,1
136649,0,489,0,1
136650,0,494,0,1
136651,0,404,0,1
136674,0,10,0,1
136680,0,33,0,1
13670,0,162,0,1
13671,0,489,0,1
13672,0,263,0,1
136734,0,92,0,1
136754,0,80,0,1
136755,0,210,0,1
136771,0,74,0,1
136772,0,16,0,1
136781,0,399,0,1
136782,0,491,0,1
136783,0,494,0,1
136784,0,497,0,1
136785,0,502,0,1
136786,0,489,0,1
136787,0,8,0,1
136882,0,280,0,1
136883,0,495,0,1
136884,0,498,0,1
136885,0,496,0,1
136886,0,489,0,1
136887,0,494,0,1
136888,0,496,0,1
136889,0,499,0,1
136890,0,500,0,1
136891,0,493,0,1
136892,0,496,0,1
136893,0,502,0,1
136894,0,496,0,1
136895,0,500,0,1
136896,0,502,0,1
136897,0,498,0,1
136898,0,494,0,1
136899,0,492,0,1
136900,0,57,0,1
136937,0,77,0,1
136941,0,293,0,1
136945,0,216,0,1
136946,0,502,0,1
136947,0,503,0,1
136948,0,504,0,1
136949,0,503,0,1
136950,0,499,0,1
136951,0,499,0,1
136952,0,498,0,1
136953,0,502,0,1
136954,0,502,0,1
136955,0,504,0,1
136956,0,500,0,1
136957,0,506,0,1
136958,0,503,0,1
136959,0,504,0,1
136960,0,503,0,1
136961,0,497,3,1
136962,0,502,0,1
136963,0,498,0,1
136964,0,502,0,1
136965,0,500,0,1
136966,0,502,0,1
136967,0,499,0,1
136968,0,500,0,1
136969,0,506,0,1
136970,0,500,0,1
136971,0,503,0,1
136972,0,505,0,1
136973,0,505,0,1
136974,0,500,0,1
136975,0,503,0,1
136976,0,500,0,1
136977,0,504,0,1
136978,0,504,0,1
136979,0,502,0,1
136980,0,501,0,1
136981,0,503,0,1
136982,0,502,0,1
136983,0,501,0,1
136984,0,501,0,1
136985,0,506,0,1
136986,0,503,0,1
136987,0,502,0,1
136988,0,505,0,1
136989,0,500,0,1
136990,0,505,0,1
136991,0,503,0,1
136992,0,509,0,1
136993,0,498,1,1
136994,0,498,0,1
136995,0,501,0,1
136996,0,501,0,1
136997,0,503,0,1
136998,0,501,0,1
136999,0,504,0,1
137000,0,499,0,1
137001,0,502,0,1
137002,0,505,0,1
137003,0,505,0,1
137004,0,507,0,1
137005,0,503,0,1
137006,0,505,0,1
137007,0,503,0,1
137008,0,499,0,1
137009,0,506,0,1
137010,0,507,0,1
137011,0,506,0,1
137012,0,504,0,1
137013,0,502,0,1
137014,0,503,0,1
137015,0,503,0,1
137016,0,506,0,1
137017,0,505,0,1
137018,0,499,0,1
137019,0,503,0,1
137020,0,497,0,1
137021,0,503,0,1
137022,0,501,0,1
137023,0,508,0,1
137024,0,497,1,1
137025,0,501,1,1
137026,0,503,0,1
137027,0,499,0,1
137028,0,505,0,1
137029,0,503,0,1
137030,0,505,0,1
137031,0,500,0,1
137032,0,506,0,1
137033,0,503,0,1
137034,0,500,0,1
137035,0,504,0,1
137036,0,507,0,1
137037,0,505,0,1
137038,0,503,0,1
137039,0,500,0,1
137040,0,502,0,1
137041,0,499,0,1
137042,0,503,0,1
137043,0,498,0,1
137044,0,506,0,1
137045,0,505,0,1
137046,0,503,0,1
137047,0,507,0,1
137048,0,498,0,1
137049,0,508,0,1
137050,0,505,0,1
137051,0,502,0,1
137052,0,501,0,1
137053,0,505,0,1
137054,0,501,0,1
137055,0,498,0,1
137056,0,502,0,1
137057,0,505,1,1
137058,0,503,0,1
137059,0,503,0,1
137060,0,502,0,1
137061,0,500,0,1
137062,0,501,0,1
137063,0,498,0,1
137064,0,506,0,1
137065,0,505,0,1
137066,0,496,0,1
137067,0,499,0,1
137068,0,507,0,1
137069,0,504,0,1
137070,0,505,0,1
137071,0,498,0,1
137072,0,502,0,1
137073,0,507,0,1
137074,0,499,0,1
137075,0,500,0,1
137076,0,503,0,1
137077,0,33,0,1
137082,0,434,0,1
137083,0,491,0,1
137084,0,36,0,1
137127,0,365,0,1
137128,0,496,0,1
137129,0,494,0,1
137130,0,495,0,1
137131,0,490,0,1
137132,0,491,0,1
137133,0,127,0,1
137144,0,304,0,1
137197,0,83,0,1
137226,0,281,0,1
137386,0,0,0,1
137391,0,317,0,1
137409,0,57,0,1
137410,0,499,0,1
137411,0,496,0,1
137412,0,501,0,1
137413,0,498,0,1
137414,0,497,0,1
137415,0,497,0,1
137416,0,505,0,1
137417,0,492,0,1
137418,0,496,0,1
137419,0,497,0,1
137420,0,501,0,1
137421,0,495,0,1
137422,0,500,0,1
137423,0,503,0,1
137424,0,498,0,1
137425,0,499,0,1
137426,0,500,0,1
137427,0,276,0,1
137480,0,481,0,1
137481,0,500,0,1
137482,0,498,0,1
137483,0,495,0,1
137484,0,501,0,1
137485,0,498,0,1
137486,0,502,0,1
137487,0,497,0,1
137488,0,499,0,1
137489,0,504,0,1
137490,0,500,0,1
137491,0,504,0,1
137492,0,500,0,1
137493,0,500,0,1
137494,0,502,0,1
137495,0,493,0,1
137496,0,504,0,1
137497,0,348,0,2
137498,0,498,0,1
137499,0,372,0,1
13751,0,102,0,1
137748,0,138,0,1
137749,0,141,0,1
137777,0,380,1,1
137778,0,507,0,1
137779,0,499,0,1
137780,0,505,0,1
137781,0,499,0,1
137782,0,499,0,1
137783,0,498,0,1
137784,0,499,0,1
137785,0,502,0,1
137786,0,503,0,1
137787,0,498,0,1
137788,0,501,0,1
137789,0,501,0,1
137790,0,501,0,1
137791,0,493,0,1
137792,0,501,0,1
137793,0,499,1,1
137794,0,421,0,1
137806,0,24,0,1
137807,0,0,0,1
137908,0,232,0,1
137909,0,58,0,1
138076,0,28,0,1
138188,0,4,0,1
138209,0,323,1,1
138244,0,27,0,1
138245,0,494,0,1
138246,0,434,0,1
138317,0,80,0,1
13833,0,46,0,1
13834,0,492,0,1
13835,0,399,0,1
138351,0,0,0,1
138489,0,269,0,1
138490,0,494,0,1
138491,0,498,0,1
138492,0,498,0,1
138493,0,489,0,1
138494,0,496,0,1
138495,0,497,0,1
138496,0,502,0,1
138497,0,496,0,1
138498,0,495,0,1
138499,0,501,0,1
138500,0,499,0,1
138501,0,500,0,1
138502,0,497,0,1
138503,0,497,0,1
138504,0,503,0,1
138505,0,497,0,1
138506,0,448,0,1
138618,0,90,0,1
138657,0,143,0,1
138658,0,121,0,1
138693,0,141,0,1
138694,0,151,0,1
138818,0,246,0,1
138819,0,96,0,1
138828,0,1,0,1
138863,0,263,0,1
138864,0,16,0,1
138878,0,163,0,1
138879,0,486,0,1
138880,0,221,0,1
138923,0,21,0,1
138979,0,162,0,1
138980,0,121,0,1
138994,0,0,0,2
139273,0,292,0,1
139274,0,18,0,1
139314,0,73,0,1
139315,0,507,0,1
139316,0,503,0,1
139317,0,501,0,1
139318,0,499,0,1
139319,0,500,0,1
139320,0,385,0,1
139329,0,8,0,1
139330,0,10,0,1
139376,0,41,0,1
139417,0,461,0,1
139418,0,493,0,1
139419,0,27,0,1
139471,0,83,0,1
139506,0,79,0,1
139550,0,335,0,1
139551,0,492,0,1
139552,0,134,0,1
139556,0,33,0,1
139557,0,269,0,1
139695,0,300,0,1
139772,0,100,0,1
14,0,497,0,1
1400,0,141,0,1
140085,0,352,0,1
140086,0,499,0,1
140087,0,499,0,1
140088,0,494,0,1
140089,0,499,0,1
140090,0,493,0,1
140091,0,47,0,1
1401,0,158,0,1
140238,0,391,0,1
140239,0,493,0,1
140240,0,17,0,1
140242,0,274,0,1
140243,0,115,0,2
140244,0,108,0,1
140245,0,501,0,1
140246,0,507,0,1
140247,0,500,0,1
140248,0,502,0,1
140249,0,500,0,1
140250,0,502,0,1
140251,0,496,0,1
140252,0,503,0,1
140253,0,504,0,1
140254,0,501,0,1
140255,0,499,0,1
140256,0,500,0,1
140257,0,496,0,1
140258,0,502,0,1
140259,0,504,0,1
140260,0,500,0,1
140261,0,497,0,1
140262,0,436,0,2
140263,0,490,0,1
140264,0,492,0,1
140265,0,488,0,1
140266,0,490,0,1
140267,0,492,0,1
140268,0,199,0,1
140270,0,16,0,1
140298,0,263,0,1
140299,0,44,0,1
140317,0,95,0,1
140396,0,334,0,1
140397,0,494,0,1
140398,0,81,0,1
140412,0,301,0,1
140413,0,7,0,1
140492,0,120,0,1
140493,0,491,0,1
140494,0,277,0,1
14056,0,480,0,1
14057,0,489,0,1
14058,0,497,0,1
14059,0,495,0,1
14060,0,495,0,1
14061,0,451,0,1
140615,0,87,0,1
14070,0,99,0,1
140736,0,4,0,1
140752,0,1,0,1
140862,0,33,0,1
140863,0,252,0,1
140875,0,95,0,1
14097,0,22,0,1
141189,0,112,0,1
14130,0,180,0,1
14131,0,499,0,1
14132,0,244,0,1
141435,0,5,0,1
141449,0,200,0,1
141450,0,490,0,1
141451,0,495,0,1
141452,0,499,0,1
141453,0,496,0,1
141454,0,495,0,1
141455,0,495,0,1
141456,0,496,0,1
141457,0,500,0,1
141458,0,499,0,1
141459,0,495,0,1
141460,0,496,0,1
141461,0,492,0,1
141462,0,491,0,1
141463,0,497,0,1
141464,0,496,0,1
141465,0,494,0,1
141466,0,495,0,1
141467,0,79,0,1
141551,0,16,0,1
141552,0,255,1,1
141595,0,28,0,1
141602,0,95,0,1
14166,0,251,0,1
14167,0,488,0,1
14168,0,486,0,1
14169,0,495,0,1
14170,0,495,0,1
14171,0,495,0,1
14172,0,124,0,1
14173,0,25,0,1
141738,0,3,0,1
141739,0,286,0,1
141803,0,18,0,1
141809,0,259,0,1
141810,0,39,0,1
141902,0,3,0,1
141988,0,6,0,1
141989,0,493,0,1
141990,0,496,0,1
141991,0,498,0,1
141992,0,500,0,1
141993,0,490,0,1
141994,0,485,0,1
142019,0,255,0,1
142020,0,498,0,1
142021,0,181,0,1
14213,0,405,0,1
14214,0,494,0,1
142147,0,35,0,1
142148,0,499,0,1
142149,0,496,0,1
14215,0,486,0,1
142150,0,495,0,1
142151,0,497,0,1
142152,0,499,0,1
142153,0,426,0,1
142156,0,340,0,1
142157,0,495,0,1
142158,0,497,0,1
142159,0,500,0,1
14216,0,497,0,1
142160,0,496,0,1
142161,0,498,0,1
142162,0,498,0,1
142163,0,495,0,1
142164,0,498,0,1
142165,0,498,0,1
142166,0,497,0,1
142167,0,503,0,1
142168,0,494,0,1
142169,0,497,0,1
14217,0,492,0,1
142170,0,503,0,1
142171,0,495,0,1
142172,0,495,0,1
142173,0,497,0,1
142174,0,497,0,1
142175,0,500,0,1
142176,0,497,0,1
142177,0,502,0,1
142178,0,497,0,1
142179,0,490,0,1
14218,0,495,0,1
142180,0,496,0,1
142181,0,496,0,1
142182,0,503,0,1
142183,0,496,0,1
142184,0,500,0,1
142185,0,494,0,1
142186,0,496,0,1
142187,0,505,0,1
142188,0,501,0,1
142189,0,490,0,1
14219,0,99,0,1
142190,0,502,0,1
142191,0,502,0,1
142192,0,502,0,1
142193,0,498,1,1
142194,0,498,0,1
142195,0,503,0,1
142196,0,496,0,1
142197,0,497,0,1
142198,0,497,0,1
142199,0,498,0,1
142200,0,499,0,1
142201,0,503,0,1
142202,0,499,0,1
142203,0,500,0,1
142204,0,501,0,1
142205,0,497,0,1
142206,0,76,0,1
142233,0,28,0,1
14236,0,88,0,1
142379,0,118,0,1
142380,0,500,0,1
142381,0,348,0,1
142517,0,18,0,1
14253,0,320,0,1
14254,0,498,0,1
142548,0,45,0,1
142549,0,45,0,1
14255,0,169,0,1
142555,0,255,0,1
142556,0,45,0,1
142580,0,3,0,1
142681,0,324,0,1
142715,0,105,0,1
142787,0,136,0,1
142788,0,171,0,1
142887,0,254,0,1
142888,0,496,0,1
142889,0,497,0,1
142890,0,496,0,1
142891,0,498,0,1
142892,0,495,0,1
142893,0,246,0,1
142895,0,181,0,1
142896,0,128,0,1
142952,0,97,0,1
142953,0,500,0,1
142954,0,380,0,1
143123,0,243,0,1
143124,0,493,0,1
143125,0,499,0,1
143126,0,504,0,1
143127,0,497,0,1
143128,0,503,0,1
143129,0,494,0,1
143130,0,504,0,1
143131,0,500,0,1
143132,0,501,0,1
143133,0,488,0,1
143134,0,496,0,1
143135,0,503,0,1
143136,0,500,0,1
143137,0,497,3,1
143138,0,503,0,1
143139,0,500,0,1
143140,0,496,0,1
143141,0,71,0,1
143246,0,74,0,1
143328,0,227,1,1
143329,0,496,1,1
143330,0,261,0,1
143361,0,326,0,1
143362,0,502,0,1
143363,0,498,0,1
143364,0,499,0,1
143365,0,498,0,1
143366,0,500,0,1
143367,0,497,0,1
143368,0,492,0,1
143369,0,499,0,1
143370,0,500,0,1
143371,0,500,0,1
143372,0,499,0,1
143373,0,500,0,1
143374,0,495,0,1
143375,0,499,0,1
143376,0,500,0,1
143377,0,501,0,1
143378,0,498,0,1
143379,0,497,0,1
143380,0,497,0,1
143381,0,498,0,1
143382,0,498,0,1
143383,0,499,0,1
143384,0,503,0,1
143385,0,501,0,1
143386,0,500,0,1
143387,0,505,0,1
143388,0,498,0,1
143389,0,497,0,1
143390,0,500,0,1
143391,0,495,0,1
143392,0,501,0,1
143393,0,498,0,1
143394,0,501,0,1
143395,0,499,0,1
143396,0,498,0,1
143397,0,501,0,1
143398,0,501,0,1
143399,0,494,0,1
1434,0,480,0,1
143400,0,499,0,1
143401,0,502,0,1
143402,0,498,0,1
143403,0,502,0,1
143404,0,500,0,1
143405,0,501,0,1
143406,0,492,0,1
143407,0,506,0,1
143408,0,503,0,1
143409,0,496,1,1
143410,0,499,0,1
143411,0,67,0,1
1435,0,499,0,1
1436,0,498,0,1
1437,0,496,0,1
143701,0,29,0,1
14372,0,461,0,1
14373,0,489,0,1
143761,0,110,0,1
1438,0,502,0,1
143839,0,461,0,1
143840,0,495,0,1
143841,0,501,0,1
143842,0,494,0,1
143843,0,490,0,1
143844,0,437,0,1
1439,0,501,0,1
143948,0,317,0,1
143950,0,224,0,1
143951,0,493,0,1
143952,0,194,0,1
143978,0,399,0,1
143979,0,497,0,1
143980,0,46,0,1
143984,0,435,0,1
143985,0,493,0,1
143986,0,62,0,1
1440,0,499,1,1
144059,0,438,0,1
144060,0,498,0,1
144061,0,499,0,1
144062,0,498,0,1
144063,0,499,0,1
144064,0,500,0,1
144065,0,495,1,1
144066,0,498,0,1
144067,0,496,0,1
144068,0,501,0,1
144069,0,493,0,1
144070,0,502,0,1
144071,0,498,0,1
144072,0,499,0,1
144073,0,500,0,1
144074,0,500,0,1
144075,0,503,0,1
144076,0,349,0,1
144080,0,365,0,1
144081,0,503,0,1
144082,0,498,0,1
144083,0,500,0,1
144084,0,498,0,1
144085,0,503,0,1
144086,0,500,0,1
144087,0,501,0,1
144088,0,502,0,1
144089,0,502,0,1
144090,0,503,0,1
144091,0,497,0,1
144092,0,502,0,1
144093,0,500,0,1
144094,0,505,0,1
144095,0,500,0,1
144096,0,503,0,1
144097,0,412,1,1
1441,0,503,0,1
144136,0,153,0,1
144137,0,487,0,1
144138,0,324,0,1
144140,0,379,0,1
144141,0,503,0,1
144142,0,112,0,1
144186,0,199,0,1
144187,0,490,0,1
144188,0,492,0,1
144189,0,497,0,1
144190,0,494,0,1
144191,0,491,0,1
144192,0,253,0,1
1442,0,504,0,1
14421,0,28,0,1
14422,0,279,0,1
144295,0,48,0,1
144296,0,212,0,1
1443,0,500,0,1
144307,0,0,0,1
1444,0,504,0,1
144412,0,108,0,1
144413,0,497,0,1
144414,0,495,0,1
144415,0,487,0,1
144416,0,486,0,1
144417,0,492,0,1
144418,0,337,0,1
144419,0,430,0,1
144420,0,497,0,1
144421,0,494,0,1
144422,0,491,0,1
144423,0,499,0,1
144424,0,461,0,1
144433,0,312,0,1
144434,0,27,0,1
144457,0,35,0,1
144458,0,281,0,1
144464,0,27,0,1
14447,0,136,0,1
14448,0,506,0,1
14449,0,495,1,1
1445,0,498,0,1
14450,0,502,0,1
14451,0,504,0,1
14452,0,500,0,1
14453,0,274,0,1
144592,0,244,0,1
144593,0,499,0,1
144594,0,161,0,1
1446,0,497,0,1
144633,0,310,0,1
1447,0,500,0,1
144778,0,257,0,1
144779,0,496,0,1
144780,0,497,0,1
144781,0,496,0,1
144782,0,499,0,1
144783,0,490,0,1
144784,0,125,0,1
1448,0,505,0,1
144894,0,279,0,1
144895,0,493,0,1
144896,0,478,0,1
144897,0,493,3,1
144898,0,489,0,1
144899,0,491,0,1
1449,0,501,0,1
144900,0,150,0,1
1450,0,497,0,1
145049,0,361,0,1
145050,0,500,0,1
145051,0,499,0,1
145052,0,497,0,1
145053,0,499,0,1
145054,0,499,0,1
145055,0,494,0,1
145056,0,499,0,1
145057,0,497,0,1
145058,0,500,0,1
145059,0,503,0,1
145060,0,499,0,1
145061,0,498,0,1
145062,0,498,0,1
145063,0,498,0,1
145064,0,495,0,1
145065,0,505,0,1
145066,0,421,0,1
145085,0,30,0,1
1451,0,316,0,1
14510,0,0,0,1
145102,0,497,0,1
145103,0,498,0,1
145104,0,496,0,1
145105,0,501,0,1
145106,0,495,0,1
145107,0,497,0,1
145108,0,504,0,1
145109,0,503,0,1
145110,0,497,0,1
145111,0,492,0,1
145112,0,496,0,1
145113,0,496,0,1
145114,0,493,0,1
145115,0,501,0,1
145116,0,503,0,1
145117,0,494,0,1
145118,0,496,0,1
145119,0,323,0,1
145149,0,357,0,1
145150,0,486,0,1
145151,0,496,0,1
145152,0,491,0,1
145153,0,495,0,1
145154,0,494,0,1
145155,0,177,0,1
1452,0,475,0,1
145214,0,251,0,1
145215,0,496,0,1
145216,0,189,0,1
1453,0,495,0,1
1454,0,501,0,1
14540,0,121,0,1
14541,0,162,0,1
1455,0,499,0,1
145591,0,24,0,1
145592,0,1,0,1
1456,0,498,0,1
1457,0,500,0,1
145760,0,279,0,1
145761,0,485,1,1
145762,0,500,0,1
145763,0,496,0,1
145764,0,497,0,1
145765,0,497,0,1
145766,0,502,0,1
145767,0,496,0,1
145768,0,500,0,1
145769,0,497,0,1
145770,0,505,0,1
145771,0,500,0,1
145772,0,493,0,1
145773,0,499,0,1
145774,0,499,0,1
145775,0,491,0,1
145776,0,499,0,1
145777,0,493,0,1
145778,0,433,0,1
1458,0,500,0,1
145825,0,273,0,1
145826,0,501,0,1
145827,0,502,0,1
145828,0,493,0,1
145829,0,499,0,1
145830,0,501,0,1
145831,0,498,0,1
145832,0,498,0,1
145833,0,502,0,1
145834,0,499,0,1
145835,0,497,0,1
145836,0,503,0,1
145837,0,495,0,1
145838,0,501,0,1
145839,0,500,0,1
145840,0,501,0,1
145841,0,493,1,1
145842,0,499,0,1
145843,0,491,0,1
145844,0,501,0,1
145845,0,497,0,1
145846,0,501,0,1
145847,0,493,0,1
145848,0,494,0,1
145849,0,501,0,1
145850,0,496,0,1
145851,0,499,0,1
145852,0,497,0,1
145853,0,497,0,1
145854,0,494,0,1
145855,0,495,0,1
145856,0,498,0,1
145857,0,505,0,1
145858,0,498,0,1
145859,0,493,0,1
145860,0,497,0,1
145861,0,503,0,1
145862,0,493,0,1
145863,0,489,0,1
145864,0,501,0,1
145865,0,500,0,1
145866,0,496,0,1
145867,0,498,0,1
145868,0,498,0,1
145869,0,496,0,1
145870,0,503,0,1
145871,0,505,0,1
145872,0,498,0,1
145873,0,496,0,1
145874,0,495,0,1
145875,0,237,0,1
1459,0,502,0,1
145948,0,74,0,1
145949,0,489,0,1
145950,0,373,0,1
1460,0,499,0,1
146032,0,74,0,1
146035,0,423,0,1
146036,0,501,0,1
146037,0,499,0,1
146038,0,498,0,1
146039,0,503,0,1
146040,0,501,0,1
146041,0,73,0,1
146042,0,185,0,1
146043,0,500,0,1
146044,0,273,0,1
146069,0,366,0,1
146070,0,493,0,1
146071,0,495,0,1
146072,0,497,0,1
146073,0,497,0,1
146074,0,488,0,1
146075,0,82,0,1
146093,0,88,0,1
146094,0,93,0,1
1461,0,501,0,1
146110,0,360,0,1
146111,0,495,0,1
146112,0,493,0,1
146113,0,494,0,1
146114,0,491,0,1
146115,0,492,0,1
146116,0,70,0,1
146156,0,30,0,1
146169,0,64,0,1
146170,0,497,0,1
146171,0,490,0,1
146172,0,495,0,1
146173,0,488,0,1
146174,0,494,0,1
146175,0,498,0,1
146176,0,497,0,1
146177,0,494,0,1
146178,0,497,0,1
146179,0,492,0,1
146180,0,498,0,1
146181,0,493,0,1
146182,0,492,0,1
146183,0,495,0,1
146184,0,502,0,1
146185,0,495,0,1
146186,0,495,0,1
146187,0,500,0,1
146188,0,499,0,1
146189,0,494,0,1
146190,0,495,0,1
146191,0,488,0,1
146192,0,500,0,1
146193,0,499,0,1
146194,0,502,0,1
146195,0,502,0,1
146196,0,493,0,1
146197,0,495,0,1
146198,0,501,0,1
146199,0,498,0,1
1462,0,499,0,1
146200,0,496,0,1
146201,0,501,0,1
146202,0,503,0,1
146203,0,505,0,1
146204,0,501,0,1
146205,0,497,0,1
146206,0,494,0,1
146207,0,494,0,1
146208,0,497,0,1
146209,0,497,0,1
146210,0,499,0,1
146211,0,499,0,1
146212,0,503,0,1
146213,0,495,0,1
146214,0,496,0,1
146215,0,504,0,1
146216,0,498,1,1
146217,0,500,0,1
146218,0,503,0,1
146219,0,250,0,1
146267,0,13,0,1
146290,0,5,0,1
1463,0,499,0,1
14631,0,430,0,1
14632,0,490,0,1
14633,0,491,0,1
14634,0,491,0,1
146341,0,22,0,1
146342,0,294,0,1
14635,0,495,0,1
14636,0,499,0,1
14637,0,66,0,1
146376,0,262,0,1
146377,0,0,0,1
1464,0,503,0,1
146448,0,89,0,1
146476,0,14,0,1
1465,0,499,0,1
146526,0,105,0,1
146539,0,397,0,1
146540,0,495,0,1
146541,0,75,0,1
146566,0,25,0,1
1466,0,497,0,1
14660,0,288,0,1
146691,0,461,0,1
146692,0,489,0,1
146693,0,6,0,1
146698,0,17,0,1
146699,0,495,0,1
1467,0,497,0,1
146700,0,502,0,1
146701,0,499,0,1
146702,0,499,0,1
146703,0,493,0,1
146704,0,499,0,1
146705,0,489,0,1
146706,0,489,0,1
146707,0,494,0,1
146708,0,495,0,1
146709,0,494,0,1
146710,0,503,0,1
146711,0,498,0,1
146712,0,497,0,1
146713,0,500,0,1
146714,0,495,0,1
146715,0,492,0,1
146716,0,252,0,1
1468,0,493,0,1
146893,0,7,0,1
1469,0,497,0,1
1470,0,503,0,1
1471,0,494,0,1
147167,0,86,0,1
1472,0,495,0,1
147218,0,14,0,1
147219,0,501,0,1
147220,0,500,0,1
147221,0,499,0,1
147222,0,496,0,1
147223,0,499,0,1
147224,0,496,0,1
147225,0,499,0,1
147226,0,502,0,1
147227,0,503,0,1
147228,0,502,0,1
147229,0,500,0,1
147230,0,500,0,1
147231,0,501,0,1
147232,0,502,0,1
147233,0,502,0,1
147234,0,500,0,1
147235,0,503,0,1
147236,0,503,0,1
147237,0,501,0,1
147238,0,498,0,1
147239,0,497,0,1
147240,0,503,0,1
147241,0,498,0,1
147242,0,504,0,1
147243,0,496,0,1
147244,0,490,0,1
147245,0,500,0,1
147246,0,501,0,1
147247,0,501,0,1
147248,0,500,0,1
147249,0,498,0,1
147250,0,508,0,1
147251,0,503,0,1
147252,0,504,0,1
147253,0,502,0,1
147254,0,504,0,1
147255,0,502,0,1
147256,0,500,0,1
147257,0,502,0,1
147258,0,498,0,1
147259,0,503,0,1
147260,0,505,0,1
147261,0,496,0,1
147262,0,504,0,1
147263,0,501,0,1
147264,0,501,0,1
147265,0,501,0,1
147266,0,502,0,1
147267,0,499,0,1
147268,0,252,0,1
147270,0,82,1,1
1473,0,500,0,1
147325,0,248,0,1
147326,0,494,0,1
147327,0,495,0,1
147328,0,502,0,1
147329,0,491,0,1
147330,0,503,0,1
147331,0,232,0,1
1474,0,501,0,1
147417,0,455,0,1
147418,0,490,0,1
147419,0,500,0,1
147420,0,496,0,1
147421,0,490,0,1
147422,0,472,0,1
147460,0,314,0,1
147461,0,497,0,1
147462,0,182,0,1
147466,0,0,0,1
1475,0,500,0,1
1476,0,500,0,1
147680,0,89,0,1
1477,0,500,0,1
147738,0,100,0,1
147783,0,83,0,1
147795,0,316,0,1
147796,0,496,0,1
147797,0,151,0,1
1478,0,503,0,1
147803,0,48,0,2
147804,0,69,0,1
1479,0,496,0,1
1480,0,493,0,1
148016,0,334,0,1
148017,0,492,0,1
148018,0,491,0,1
148019,0,495,0,1
148020,0,491,0,1
148021,0,479,0,1
1481,0,499,0,1
14810,0,424,0,1
14811,0,484,0,1
14812,0,30,0,1
1482,0,499,0,1
148255,0,103,0,1
148257,0,90,0,1
148258,0,498,0,1
148259,0,356,0,1
148265,0,332,0,1
148266,0,489,0,1
148267,0,142,0,1
1483,0,497,0,1
14831,0,87,0,1
14832,0,492,0,1
14833,0,339,0,1
148376,0,83,0,1
1484,0,494,0,1
1485,0,499,0,1
148564,0,136,0,1
148565,0,148,0,1
1486,0,503,0,1
148644,0,462,0,1
148645,0,497,0,1
148646,0,500,0,1
148647,0,494,0,1
148648,0,495,0,1
148649,0,494,0,1
148650,0,17,0,1
1487,0,501,0,1
148777,0,438,0,1
148778,0,493,0,1
148779,0,488,0,1
148780,0,499,0,1
148781,0,494,0,1
148782,0,499,0,1
148783,0,41,0,1
1488,0,497,0,1
148811,0,327,0,1
148812,0,489,0,1
148813,0,487,0,1
148814,0,484,0,1
148815,0,497,0,1
148816,0,495,0,1
148817,0,92,0,1
148866,0,31,0,1
1489,0,500,0,1
148904,0,99,0,1
1490,0,495,0,1
1491,0,501,0,1
1492,0,501,0,1
1493,0,496,0,1
149376,0,28,0,1
149398,0,323,0,1
149399,0,489,0,1
1494,0,498,0,1
149400,0,491,0,1
149401,0,493,0,1
149402,0,492,0,1
149403,0,491,0,1
149404,0,99,0,1
1495,0,499,0,1
14953,0,98,0,1
1496,0,493,0,1
149603,0,468,0,1
149604,0,477,0,1
149612,0,0,0,1
149613,0,311,0,1
1497,0,500,0,1
1498,0,498,0,1
1499,0,493,0,1
149942,0,29,0,1
149943,0,498,0,1
149944,0,471,0,1
15,0,450,0,1
1500,0,500,0,1
1501,0,496,0,1
150128,0,429,0,1
150129,0,502,0,1
150130,0,501,0,1
150131,0,495,0,1
150132,0,501,0,1
150133,0,430,0,1
150158,0,0,0,1
150255,0,92,0,1
150256,0,498,0,1
150257,0,497,0,1
150258,0,496,0,1
150259,0,496,0,1
150260,0,489,0,1
150261,0,417,0,1
150431,0,254,0,1
150432,0,32,0,1
15060,0,8,0,1
150687,0,20,0,1
150688,0,501,0,1
150689,0,499,0,1
150690,0,498,0,1
150691,0,495,0,1
150692,0,497,0,1
150693,0,495,0,1
150694,0,498,0,1
150695,0,498,0,1
150696,0,495,0,1
150697,0,497,0,1
150698,0,499,0,1
150699,0,501,0,1
150700,0,500,0,1
150701,0,493,0,1
150702,0,501,0,1
150703,0,497,0,1
150704,0,498,0,1
150705,0,348,0,1
150717,0,203,0,1
150718,0,497,0,1
150719,0,496,0,1
150720,0,503,0,1
150721,0,497,0,1
150722,0,489,0,1
150723,0,493,0,1
150724,0,496,0,1
150725,0,496,0,1
150726,0,497,0,1
150727,0,490,0,1
150728,0,497,0,1
150729,0,490,0,1
150730,0,492,0,1
150731,0,499,0,1
150732,0,496,0,1
150733,0,486,0,1
150734,0,493,0,1
150735,0,25,0,1
150767,0,105,0,1
150800,0,98,0,1
150821,0,420,0,1
150822,0,499,0,1
150823,0,495,0,1
150824,0,493,0,1
150825,0,497,0,1
150826,0,490,0,1
150827,0,76,0,1
151224,0,99,0,1
151229,0,73,0,1
151230,0,493,0,1
151231,0,387,0,1
151288,0,25,0,1
151502,0,32,0,1
1516,0,146,0,1
1517,0,495,0,1
151734,0,98,0,1
1518,0,497,0,1
151815,0,27,0,1
151816,0,300,0,1
1519,0,495,0,1
1520,0,496,0,1
152016,0,394,0,1
152017,0,498,0,1
152018,0,503,0,1
152019,0,500,0,1
152020,0,495,0,1
152021,0,497,0,1
152022,0,87,0,1
152073,0,159,0,1
152074,0,494,0,1
152075,0,492,0,1
152076,0,504,0,1
152077,0,494,0,1
152078,0,497,0,1
152079,0,496,0,1
152080,0,493,0,1
152081,0,499,0,1
152082,0,496,0,1
152083,0,487,0,1
152084,0,501,0,1
152085,0,499,0,1
152086,0,498,0,1
152087,0,491,0,1
152088,0,498,0,1
152089,0,494,0,1
152090,0,494,0,1
152091,0,173,0,1
152097,0,59,0,1
152098,0,499,0,1
152099,0,357,0,1
1521,0,504,0,1
152123,0,61,0,1
152124,0,497,0,1
152125,0,491,0,1
152126,0,494,0,1
152127,0,494,0,1
152128,0,493,0,1
152129,0,316,0,1
152151,0,186,0,1
152152,0,502,0,1
152153,0,500,0,1
152154,0,503,0,1
152155,0,500,0,1
152156,0,503,0,1
152157,0,201,0,1
152164,0,74,0,1
1522,0,501,0,1
152252,0,284,0,1
1523,0,498,0,1
152318,0,189,0,1
152319,0,495,0,1
152320,0,493,0,1
152321,0,498,0,1
152322,0,494,0,1
152323,0,494,0,1
152324,0,188,0,1
1524,0,501,0,1
15241,0,273,0,1
15242,0,26,0,1
152425,0,102,0,1
152449,0,3,0,1
15247,0,35,0,1
152472,0,350,0,1
152473,0,485,0,1
152474,0,483,0,1
152475,0,490,0,1
152476,0,498,0,1
152477,0,492,0,1
152478,0,77,0,1
15249,0,369,0,1
152499,0,85,0,1
1525,0,497,0,1
15250,0,498,0,1
15251,0,497,0,1
152513,0,84,0,1
152514,0,498,0,1
152515,0,500,0,1
152516,0,498,0,1
152517,0,496,0,1
152518,0,499,0,1
152519,0,290,0,1
15252,0,500,0,1
15253,0,496,0,1
152533,0,9,0,1
15254,0,503,0,1
15255,0,63,0,1
152570,0,279,0,1
152571,0,496,0,1
152572,0,493,0,1
152573,0,496,0,1
152574,0,495,0,1
152575,0,489,0,1
152576,0,237,0,1
15259,0,433,0,1
152599,0,41,0,1
1526,0,504,0,1
15260,0,498,0,1
152600,0,51,0,1
15261,0,498,0,1
15262,0,493,0,1
15263,0,494,0,1
15264,0,500,0,1
152647,0,286,0,1
152648,0,27,0,1
15265,0,114,0,1
152666,0,89,0,1
1527,0,501,0,1
152703,0,155,0,1
152704,0,500,0,1
152705,0,497,1,1
152706,0,499,0,1
152707,0,498,0,1
152708,0,500,0,1
152709,0,501,0,1
152710,0,497,0,1
152711,0,503,0,1
152712,0,502,0,1
152713,0,498,0,1
152714,0,496,0,1
152715,0,500,0,1
152716,0,500,0,1
152717,0,503,0,1
152718,0,497,0,1
152719,0,501,0,1
152720,0,499,0,1
152721,0,498,0,1
152722,0,499,0,1
152723,0,501,0,1
152724,0,503,0,1
152725,0,497,0,1
152726,0,501,0,1
152727,0,502,0,1
152728,0,500,0,1
152729,0,499,0,1
152730,0,501,0,1
152731,0,502,0,1
152732,0,499,0,1
152733,0,502,0,1
152734,0,500,0,1
152735,0,501,0,1
152736,0,498,0,1
152737,0,502,0,1
152738,0,505,0,1
152739,0,496,0,1
152740,0,498,0,1
152741,0,497,0,1
152742,0,499,0,1
152743,0,501,0,1
152744,0,500,0,1
152745,0,503,0,1
152746,0,498,0,1
152747,0,498,0,1
152748,0,502,0,1
152749,0,504,0,1
152750,0,504,0,1
152751,0,501,0,1
152752,0,505,0,1
152753,0,284,0,1
1528,0,503,0,1
152843,0,287,0,1
152844,0,4,0,1
152888,0,307,0,1
1529,0,503,0,1
152918,0,103,0,1
152919,0,492,0,1
152920,0,491,0,1
152921,0,498,0,1
152922,0,490,0,1
152923,0,489,0,1
152924,0,442,0,2
152925,0,497,0,1
152926,0,496,0,1
152927,0,497,0,1
152928,0,495,0,1
152929,0,501,0,1
152930,0,496,0,1
152931,0,498,0,1
152932,0,501,0,1
152933,0,497,0,1
152934,0,496,0,1
152935,0,497,0,1
152936,0,496,0,1
152937,0,492,0,1
152938,0,493,0,1
152939,0,503,0,1
152940,0,498,0,1
152941,0,497,0,1
152942,0,174,0,1
15297,0,105,1,1
1530,0,490,0,1
153035,0,450,0,1
153036,0,496,0,1
153037,0,494,0,1
153038,0,499,0,1
153039,0,494,0,1
153040,0,493,0,1
153041,0,81,0,1
1531,0,500,0,1
153106,0,260,0,1
153107,0,500,0,1
153108,0,416,0,2
153109,0,499,0,1
153110,0,496,0,1
153111,0,488,0,1
153112,0,492,0,1
153113,0,492,0,1
153114,0,304,0,1
1532,0,495,0,1
153231,0,103,0,1
153232,0,488,0,1
153233,0,408,0,1
153289,0,458,0,1
153290,0,476,0,1
153291,0,3,0,1
1533,0,497,0,1
15335,0,2,0,1
1534,0,496,0,1
153401,0,7,0,1
153443,0,346,0,1
153444,0,500,0,1
153445,0,503,0,1
153446,0,498,0,1
153447,0,501,0,1
153448,0,501,0,1
153449,0,154,0,1
153450,0,264,0,1
153451,0,497,0,1
153452,0,209,0,1
153491,0,25,0,1
1535,0,501,0,1
1536,0,499,0,1
153611,0,277,0,1
15368,0,161,0,1
15369,0,174,0,1
1537,0,500,0,1
153738,0,438,0,1
153739,0,496,0,1
153740,0,499,0,1
153741,0,501,0,1
153742,0,502,0,1
153743,0,498,0,1
153744,0,504,0,1
153745,0,491,8,1
153746,0,501,0,1
153747,0,495,0,1
153748,0,495,0,1
153749,0,500,0,1
153750,0,498,0,1
153751,0,503,0,1
153752,0,505,0,1
153753,0,502,0,1
153754,0,499,0,1
153755,0,504,0,1
153756,0,503,0,1
153757,0,503,0,1
153758,0,505,0,1
153759,0,499,0,1
153760,0,505,0,1
153761,0,486,9,1
153762,0,502,0,1
153763,0,504,0,1
153764,0,503,0,1
153765,0,501,0,1
153766,0,495,0,1
153767,0,500,0,1
153768,0,499,0,1
153769,0,493,0,1
153770,0,504,0,1
153771,0,503,0,1
153772,0,500,0,1
153773,0,502,0,1
153774,0,503,0,1
153775,0,497,0,1
153776,0,500,0,1
153777,0,488,9,1
153778,0,503,0,1
153779,0,497,0,1
153780,0,502,0,1
153781,0,503,0,1
153782,0,503,0,1
153783,0,503,0,1
153784,0,504,0,1
153785,0,503,0,1
153786,0,497,0,1
153787,0,505,0,1
153788,0,0,0,1
1538,0,504,0,1
153854,0,124,0,1
153855,0,495,0,1
153856,0,488,0,1
153857,0,497,0,1
153858,0,500,0,1
153859,0,497,0,1
153860,0,281,0,1
1539,0,497,0,1
153921,0,492,0,1
153922,0,476,0,1
153941,0,219,0,1
153942,0,500,0,1
153943,0,190,0,1
153970,0,18,0,1
153971,0,3,0,1
153978,0,83,0,1
153979,0,497,0,1
153980,0,501,0,1
153981,0,501,0,1
153982,0,500,0,1
153983,0,501,0,1
153984,0,397,0,1
153998,0,25,0,1
1540,0,504,0,1
154027,0,216,0,1
154028,0,498,0,1
154029,0,503,0,1
154030,0,496,0,1
154031,0,498,0,1
154032,0,501,0,1
154033,0,494,0,1
154034,0,497,0,1
154035,0,501,0,1
154036,0,503,0,1
154037,0,496,0,1
154038,0,498,0,1
154039,0,496,0,1
154040,0,499,0,1
154041,0,495,0,1
154042,0,499,0,1
154043,0,498,0,1
154044,0,498,0,1
154045,0,135,0,1
154050,0,274,0,2
154051,0,500,0,1
154052,0,491,0,1
154053,0,497,0,1
154054,0,493,0,1
154055,0,492,0,1
154056,0,490,0,1
154057,0,494,0,1
154058,0,496,0,1
154059,0,499,0,1
154060,0,497,0,1
154061,0,497,0,1
154062,0,496,0,1
154063,0,495,0,1
154064,0,499,0,1
154065,0,497,0,1
154066,0,503,0,1
154067,0,496,0,1
154068,0,222,0,1
154078,0,90,0,1
154079,0,228,0,1
1541,0,496,0,1
154182,0,0,0,1
1542,0,501,0,1
1543,0,504,0,1
1544,0,498,0,1
1545,0,500,0,1
154531,0,218,0,1
154532,0,497,0,1
154533,0,259,0,1
15459,0,420,0,1
1546,0,501,0,1
15460,0,495,0,1
15461,0,48,0,1
15463,0,54,0,1
15464,0,505,0,1
15465,0,387,0,1
154665,0,495,0,1
154666,0,495,0,1
154667,0,494,0,1
154668,0,493,0,1
154669,0,495,0,1
154670,0,495,0,1
154671,0,492,0,1
154672,0,498,0,1
154673,0,489,5,1
154674,0,499,0,1
154675,0,499,0,1
154676,0,495,0,1
154677,0,495,0,1
154678,0,497,0,1
154679,0,496,0,1
154680,0,492,0,1
154681,0,498,0,1
154682,0,368,0,1
1547,0,500,0,1
15472,0,29,0,1
154788,0,90,0,1
154798,0,163,0,1
154799,0,139,0,1
1548,0,503,0,1
154809,0,264,0,1
154810,0,499,0,1
154811,0,500,0,1
154812,0,497,0,1
154813,0,494,0,1
154814,0,501,0,1
154815,0,497,0,1
154816,0,498,0,1
154817,0,498,0,1
154818,0,494,0,1
154819,0,500,0,1
154820,0,499,0,1
154821,0,498,0,1
154822,0,498,0,1
154823,0,494,0,1
154824,0,499,0,1
154825,0,492,0,1
154826,0,496,0,1
154827,0,499,0,1
154828,0,501,0,1
154829,0,502,0,1
154830,0,492,0,1
154831,0,497,0,1
154832,0,499,0,1
154833,0,498,0,1
154834,0,501,0,1
154835,0,504,0,1
154836,0,502,0,1
154837,0,499,0,1
154838,0,499,0,1
154839,0,495,0,1
154840,0,498,0,1
154841,0,497,0,1
154842,0,500,0,1
154843,0,501,0,1
154844,0,498,0,1
154845,0,504,0,1
154846,0,501,0,1
154847,0,497,0,1
154848,0,502,0,1
154849,0,499,0,1
154850,0,503,0,1
154851,0,503,0,1
154852,0,497,0,1
154853,0,501,0,1
154854,0,497,0,1
154855,0,501,0,1
154856,0,498,0,1
154857,0,499,0,1
154858,0,318,0,1
1549,0,498,0,1
154911,0,72,0,1
154912,0,242,0,1
154913,0,470,0,1
154914,0,501,0,1
154915,0,19,0,1
154963,0,374,0,1
154964,0,496,0,1
154965,0,498,0,1
154966,0,497,0,1
154967,0,496,0,1
154968,0,498,0,1
154969,0,497,0,1
154970,0,499,0,1
154971,0,494,0,1
154972,0,496,0,1
154973,0,495,0,1
154974,0,494,0,1
154975,0,494,0,1
154976,0,499,0,1
154977,0,492,0,1
154978,0,498,0,1
154979,0,498,0,1
154980,0,501,0,1
154981,0,48,0,1
1550,0,497,0,1
155013,0,76,0,1
1551,0,498,0,1
155107,0,201,0,1
155108,0,506,0,1
155109,0,495,0,1
155110,0,501,0,1
155111,0,502,0,1
155112,0,503,0,1
155113,0,497,0,1
155114,0,499,0,1
155115,0,502,0,1
155116,0,495,0,1
155117,0,500,0,1
155118,0,502,0,1
155119,0,503,0,1
155120,0,504,0,1
155121,0,498,1,1
155122,0,502,0,1
155123,0,503,0,1
155124,0,506,0,1
155125,0,505,0,1
155126,0,504,0,1
155127,0,507,0,1
155128,0,505,0,1
155129,0,500,0,1
155130,0,501,0,1
155131,0,494,0,1
155132,0,497,0,1
155133,0,501,0,1
155134,0,496,0,1
155135,0,503,0,1
155136,0,505,0,1
155137,0,492,2,1
155138,0,498,0,1
155139,0,502,0,1
155140,0,504,0,1
155141,0,503,0,1
155142,0,503,0,1
155143,0,504,0,1
155144,0,501,0,1
155145,0,503,0,1
155146,0,501,0,1
155147,0,505,0,1
155148,0,502,0,1
155149,0,498,0,1
155150,0,502,0,1
155151,0,502,0,1
155152,0,502,0,1
155153,0,499,1,1
155154,0,502,0,1
155155,0,505,0,1
155156,0,503,0,1
155157,0,273,0,1
1552,0,495,0,1
1553,0,497,0,1
155343,0,28,0,1
1554,0,496,0,1
155402,0,170,0,1
155403,0,503,0,1
155404,0,296,0,1
155447,0,0,0,1
155448,0,498,0,1
155449,0,494,0,1
155450,0,494,0,1
155451,0,496,0,1
155452,0,492,0,1
155453,0,494,0,1
155454,0,19,0,1
155482,0,90,0,1
1555,0,502,0,1
155581,0,450,0,1
155582,0,499,0,1
155583,0,497,0,1
155584,0,497,0,1
155585,0,496,0,1
155586,0,490,0,1
155587,0,497,0,1
155588,0,485,0,1
155589,0,496,0,1
155590,0,500,0,1
155591,0,501,0,1
155592,0,493,0,1
155593,0,497,0,1
155594,0,502,0,1
155595,0,500,0,1
155596,0,489,0,1
155597,0,486,0,1
155598,0,278,0,1
1556,0,498,0,1
155698,0,284,0,1
155699,0,502,0,1
1557,0,498,0,1
155700,0,496,0,1
155701,0,494,0,1
155702,0,496,0,1
155703,0,499,0,1
155704,0,496,0,1
155705,0,498,0,1
155706,0,498,0,1
155707,0,495,0,1
155708,0,494,0,1
155709,0,499,0,1
155710,0,497,0,1
155711,0,495,0,1
155712,0,500,0,1
155713,0,500,0,1
155714,0,502,0,1
155715,0,500,0,1
155716,0,74,0,1
155797,0,24,0,1
1558,0,504,0,1
155841,0,11,0,1
155842,0,12,0,1
1559,0,498,0,1
155969,0,37,0,1
1560,0,500,0,1
156075,0,198,0,1
156076,0,493,0,1
156077,0,492,0,1
156078,0,495,0,1
156079,0,491,0,1
156080,0,490,0,1
156081,0,237,0,1
1561,0,499,0,1
156108,0,2,0,1
156114,0,2,0,1
1562,0,496,0,1
156262,0,87,0,1
156292,0,236,0,1
156293,0,500,0,1
156294,0,264,0,1
1563,0,495,0,1
156318,0,90,0,1
156328,0,312,0,1
156329,0,494,0,1
156330,0,135,0,1
1564,0,495,0,1
156421,0,71,0,1
156422,0,494,0,1
156423,0,388,0,1
156463,0,92,0,1
1565,0,502,0,1
156526,0,221,0,1
156527,0,498,0,1
156528,0,494,0,1
156529,0,497,0,1
156530,0,499,0,1
156531,0,496,0,1
156532,0,501,0,1
156533,0,497,0,1
156534,0,492,0,1
156535,0,497,0,1
156536,0,485,0,1
156537,0,498,0,1
156538,0,494,0,1
156539,0,493,0,1
156540,0,498,0,1
156541,0,497,0,1
156542,0,491,0,1
156543,0,498,0,1
156544,0,14,0,1
156561,0,191,1,1
156562,0,106,0,1
156585,0,211,0,1
156586,0,494,0,1
156587,0,209,0,1
1566,0,283,0,1
156624,0,321,0,1
156625,0,491,2,1
156626,0,494,0,1
156627,0,494,0,1
156628,0,494,0,1
156629,0,495,0,1
156630,0,501,0,1
156631,0,500,0,1
156632,0,502,0,1
156633,0,496,0,1
156634,0,496,0,1
156635,0,503,0,1
156636,0,491,0,1
156637,0,490,0,1
156638,0,500,0,1
156639,0,495,0,1
156640,0,501,0,1
156641,0,473,0,1
156777,0,60,0,1
156778,0,499,0,1
156779,0,498,0,1
156780,0,503,0,1
156781,0,492,0,1
156782,0,490,0,1
156783,0,499,0,1
156784,0,495,0,1
156785,0,493,0,1
156786,0,494,0,1
156787,0,499,0,1
156788,0,494,0,1
156789,0,500,0,1
156790,0,497,0,1
156791,0,503,0,1
156792,0,494,0,1
156793,0,502,0,1
156794,0,502,0,1
156795,0,494,0,1
156796,0,496,0,1
156797,0,495,0,1
156798,0,503,0,1
156799,0,500,0,1
156800,0,493,0,1
156801,0,498,1,1
156802,0,499,0,1
156803,0,499,0,1
156804,0,495,0,1
156805,0,499,0,1
156806,0,500,0,1
156807,0,492,0,1
156808,0,494,0,1
156809,0,497,0,1
156810,0,496,0,1
156811,0,500,0,1
156812,0,500,0,1
156813,0,499,0,1
156814,0,500,0,1
156815,0,499,0,1
156816,0,497,0,1
156817,0,493,1,1
156818,0,501,0,1
156819,0,495,0,1
156820,0,503,0,1
156821,0,495,0,1
156822,0,498,0,1
156823,0,505,0,1
156824,0,500,0,1
156825,0,504,0,1
156826,0,498,0,1
156827,0,291,0,1
156829,0,0,0,1
156922,0,94,0,1
15696,0,340,0,1
157002,0,306,0,1
157003,0,500,0,1
157004,0,494,0,1
157005,0,496,0,1
157006,0,502,0,1
157007,0,505,0,1
157008,0,62,0,1
157088,0,6,0,1
157100,0,94,0,1
157105,0,300,0,1
157147,0,51,0,1
157148,0,499,0,1
157149,0,445,0,1
157181,0,6,0,1
157273,0,295,0,1
157274,0,492,0,1
157275,0,489,0,1
157276,0,495,0,1
157277,0,492,0,1
157278,0,480,0,1
157279,0,142,0,1
157329,0,277,0,1
157330,0,492,0,1
157331,0,176,0,1
157448,0,236,0,1
157449,0,500,0,1
157450,0,185,0,1
157474,0,97,0,1
157475,0,496,0,1
157476,0,499,0,1
157477,0,499,0,1
157478,0,500,0,1
157479,0,496,0,1
157480,0,408,0,1
157486,0,0,0,1
157487,0,488,0,1
157488,0,486,0,1
157489,0,493,0,1
157490,0,493,0,1
157491,0,495,0,1
157492,0,468,0,1
157568,0,2,0,1
157569,0,492,0,1
157570,0,501,0,1
157571,0,501,0,1
157572,0,501,0,1
157573,0,498,0,1
157574,0,453,0,1
157822,0,7,0,1
157916,0,311,0,1
157917,0,494,0,1
157918,0,169,0,1
157983,0,389,0,1
157984,0,491,0,1
157985,0,115,0,1
158003,0,63,0,1
158004,0,18,0,1
158060,0,356,0,1
158061,0,495,0,1
158062,0,94,0,1
158083,0,4,0,1
158128,0,120,0,1
158129,0,494,1,1
158130,0,332,0,1
158290,0,110,0,1
15833,0,13,0,1
15834,0,494,0,1
15835,0,427,0,1
158431,0,36,0,1
158432,0,281,0,1
158440,0,156,0,1
158441,0,492,0,1
158442,0,315,0,1
158444,0,102,0,1
158448,0,32,0,1
158541,0,95,0,1
15859,0,81,0,1
15860,0,232,0,1
158616,0,28,0,1
158630,0,33,0,1
158706,0,301,0,1
158831,0,83,0,1
1589,0,2,0,1
159041,0,99,0,1
159098,0,107,0,1
159224,0,472,0,1
159225,0,495,0,1
159226,0,490,0,1
159227,0,498,0,1
159228,0,492,0,1
159229,0,375,0,1
159258,0,472,0,1
159259,0,498,0,1
159260,0,0,0,1
159265,0,32,0,1
159277,0,126,0,1
159278,0,497,0,1
159279,0,303,0,1
159403,0,292,0,1
159521,0,226,0,1
159522,0,496,0,1
159523,0,503,0,1
159524,0,506,0,1
159525,0,504,0,1
159526,0,498,0,1
159527,0,286,0,1
159624,0,111,0,1
159996,0,202,0,1
159997,0,497,0,1
159998,0,497,0,1
159999,0,504,0,1
160000,0,500,0,1
160001,0,496,0,1
160002,0,492,0,1
160003,0,499,0,1
160004,0,497,0,1
160005,0,494,0,1
160006,0,497,0,1
160007,0,498,0,1
160008,0,494,0,1
160009,0,505,0,1
160010,0,500,0,1
160011,0,501,0,1
160012,0,500,0,1
160013,0,496,0,1
160014,0,196,0,1
160031,0,177,0,1
160032,0,491,0,1
160033,0,496,0,1
160034,0,499,0,1
160035,0,493,0,1
160036,0,497,0,1
160037,0,264,0,1
16008,0,62,0,1
16009,0,490,0,1
16010,0,427,0,1
160113,0,268,0,1
160114,0,497,0,1
160115,0,502,0,1
160116,0,502,0,1
160117,0,496,0,1
160118,0,496,0,1
160119,0,282,0,1
160183,0,313,0,1
160224,0,288,0,1
160225,0,19,0,1
160294,0,399,0,1
160295,0,494,0,1
160296,0,494,0,1
160297,0,492,0,1
160298,0,489,0,1
160299,0,493,0,1
160300,0,55,0,1
160419,0,492,0,1
160420,0,468,0,1
16049,0,34,0,1
160550,0,313,0,1
160592,0,24,0,1
16066,0,202,0,1
16067,0,84,0,1
160691,0,11,0,1
160696,0,6,0,1
160742,0,269,0,1
160743,0,20,0,1
160814,0,114,0,1
16108,0,91,0,1
16109,0,62,0,2
16110,0,38,0,1
161104,0,105,0,1
161270,0,198,0,1
161271,0,496,0,1
161272,0,241,0,1
161325,0,414,0,1
161326,0,494,0,1
161327,0,490,0,1
161328,0,493,0,1
161329,0,488,1,1
161330,0,484,0,1
161331,0,38,0,1
161352,0,62,0,1
161353,0,487,0,1
161354,0,376,0,1
161431,0,242,0,1
161432,0,494,0,1
161433,0,198,0,1
161443,0,98,0,1
161444,0,500,0,1
161445,0,498,0,1
161446,0,489,0,1
161447,0,497,0,1
161448,0,494,0,1
161449,0,342,0,1
161632,0,35,0,1
161634,0,23,0,1
161635,0,496,0,1
161636,0,498,0,1
161637,0,498,0,1
161638,0,493,0,1
161639,0,492,0,1
161640,0,420,0,1
161701,0,321,0,1
161726,0,289,0,1
16173,0,36,0,1
16174,0,491,0,1
16175,0,440,0,1
161753,0,332,0,1
161754,0,501,0,1
161755,0,496,0,1
161756,0,495,0,1
161757,0,492,0,1
161758,0,461,0,1
16182,0,11,0,1
16183,0,61,0,1
161872,0,308,0,1
161873,0,349,0,2
161874,0,501,0,1
161875,0,502,0,1
161876,0,498,0,1
161877,0,494,0,1
161878,0,502,0,1
161879,0,173,0,1
161981,0,349,0,1
161982,0,499,0,1
161983,0,495,0,1
161984,0,492,0,1
161985,0,488,0,1
161986,0,497,0,1
161987,0,120,0,1
162126,0,248,0,1
162127,0,499,0,1
162128,0,173,0,1
162163,0,17,0,1
162164,0,495,0,1
162165,0,403,0,1
162221,0,313,0,1
1623,0,100,0,1
162413,0,13,0,1
162414,0,504,0,1
162415,0,501,0,1
162416,0,504,0,1
162417,0,493,7,1
162418,0,499,0,1
162419,0,503,0,1
162420,0,497,0,1
162421,0,503,0,1
162422,0,505,0,1
162423,0,501,0,1
162424,0,503,0,1
162425,0,504,0,1
162426,0,507,0,1
162427,0,505,0,1
162428,0,503,0,1
162429,0,503,0,1
162430,0,506,0,1
162431,0,166,0,1
162616,0,134,0,1
162617,0,492,0,1
162618,0,372,0,1
162631,0,34,0,1
162640,0,18,0,1
162641,0,269,0,1
162651,0,41,0,1
162652,0,503,0,1
162653,0,491,0,1
162654,0,492,0,1
162655,0,495,0,1
162656,0,490,0,1
162657,0,416,0,1
162695,0,214,0,1
162696,0,69,0,1
162711,0,366,0,1
162712,0,489,0,1
162713,0,105,0,1
162727,0,19,0,1
162728,0,500,0,1
162729,0,495,0,1
162730,0,501,0,1
162731,0,499,0,1
162732,0,488,0,1
162733,0,494,0,1
162734,0,496,0,1
162735,0,500,0,1
162736,0,501,0,1
162737,0,491,0,1
162738,0,498,0,1
162739,0,499,0,1
16274,0,12,0,1
162740,0,491,0,1
162741,0,496,0,1
162742,0,495,0,1
162743,0,501,0,1
162744,0,500,0,1
162745,0,280,0,1
162763,0,251,0,1
162764,0,503,0,1
162765,0,254,0,1
162816,0,71,0,1
162817,0,489,0,1
162818,0,493,0,1
162819,0,488,0,1
162820,0,499,0,1
162821,0,492,0,1
162822,0,417,0,1
162830,0,187,0,1
162831,0,492,0,1
162832,0,499,0,1
162833,0,494,1,1
162834,0,496,0,1
162835,0,496,0,1
162836,0,218,0,1
163001,0,335,0,1
163002,0,506,0,1
163003,0,129,0,1
16306,0,96,0,1
163118,0,49,0,1
163119,0,498,0,1
163120,0,492,0,1
163121,0,489,0,1
163122,0,500,1,1
163123,0,497,0,1
163124,0,385,0,1
163266,0,487,0,1
163267,0,500,0,1
163268,0,501,0,1
163269,0,500,0,1
163270,0,502,0,1
163271,0,500,0,1
163272,0,506,0,1
163273,0,500,0,1
163274,0,500,0,1
163275,0,492,0,1
163276,0,496,0,1
163277,0,499,0,1
163278,0,500,0,1
163279,0,499,0,1
163280,0,503,0,1
163281,0,501,0,1
163282,0,496,0,1
163283,0,503,0,1
163284,0,503,0,1
163285,0,501,0,1
163286,0,504,0,1
163287,0,500,0,1
163288,0,497,0,1
163289,0,495,0,1
163290,0,501,0,1
163291,0,501,0,1
163292,0,500,0,1
163293,0,502,0,1
163294,0,505,0,1
163295,0,496,0,1
163296,0,500,0,1
163297,0,502,0,1
163298,0,502,0,1
163299,0,500,0,1
163300,0,501,0,1
163301,0,499,0,1
163302,0,498,0,1
163303,0,496,0,1
163304,0,502,0,1
163305,0,501,0,1
163306,0,508,0,1
163307,0,503,0,1
163308,0,507,0,1
163309,0,501,0,1
163310,0,499,0,1
163311,0,502,0,1
163312,0,506,0,1
163313,0,498,0,1
163314,0,498,0,1
163315,0,332,0,1
163429,0,11,0,1
16345,0,300,0,1
16346,0,489,0,1
16347,0,492,0,1
16348,0,496,0,1
16349,0,496,0,1
16350,0,497,0,1
16351,0,499,0,1
163514,0,96,0,1
16352,0,499,0,1
16353,0,497,0,1
16354,0,499,0,1
16355,0,503,0,1
16356,0,496,0,1
16357,0,499,0,1
16358,0,499,0,1
16359,0,492,0,1
16360,0,492,0,1
16361,0,495,0,1
16362,0,354,0,1
163745,0,326,0,1
163746,0,488,0,1
163747,0,94,0,1
16384,0,439,0,1
16385,0,500,0,1
16386,0,499,0,1
16387,0,496,0,1
16388,0,498,0,1
16389,0,494,0,1
163918,0,1,0,1
163919,0,298,0,1
163965,0,21,0,1
163966,0,2,0,1
164001,0,364,0,1
164002,0,489,0,1
164003,0,494,0,1
164004,0,497,0,1
164005,0,494,0,1
164006,0,499,0,1
164007,0,11,0,1
164017,0,278,0,1
164021,0,89,0,1
164107,0,100,0,1
164199,0,306,0,1
164260,0,291,0,1
164270,0,329,0,1
164271,0,493,0,1
164272,0,122,0,1
164463,0,282,0,1
164464,0,490,0,1
164465,0,223,0,1
16447,0,270,0,1
16448,0,490,0,1
16449,0,160,0,1
16453,0,68,0,1
164535,0,90,0,1
164536,0,227,0,1
16454,0,492,0,1
16455,0,493,0,1
16456,0,488,0,1
16457,0,497,0,1
16458,0,502,0,1
16459,0,319,0,1
164631,0,443,0,1
164632,0,492,0,1
164633,0,490,0,1
164634,0,496,0,1
164635,0,488,0,1
164636,0,493,0,1
164637,0,0,0,1
164794,0,77,0,1
164795,0,225,0,1
164817,0,95,0,1
164818,0,500,0,1
164819,0,381,0,1
164843,0,38,0,1
164882,0,63,0,1
164883,0,258,0,1
16496,0,296,0,1
164981,0,51,0,1
164982,0,49,0,1
165096,0,193,0,1
165097,0,495,0,1
165098,0,301,0,1
165130,0,10,0,1
165131,0,491,0,1
165132,0,497,0,1
165133,0,488,0,1
165134,0,498,0,1
165135,0,491,0,1
165136,0,369,0,1
165155,0,8,0,1
165156,0,19,0,1
16517,0,21,0,1
16518,0,304,0,2
16519,0,498,0,1
16520,0,501,0,1
16521,0,499,0,1
16522,0,493,0,1
16523,0,493,0,1
16524,0,251,0,1
165249,0,187,0,1
165250,0,105,0,1
165354,0,74,0,1
165355,0,498,0,1
165356,0,494,0,1
165357,0,497,0,1
165358,0,494,0,1
165359,0,497,0,1
165360,0,392,0,1
165443,0,135,0,1
165444,0,501,0,1
165445,0,495,0,1
165446,0,501,0,1
165447,0,492,0,1
165448,0,494,0,1
165449,0,288,0,1
165487,0,33,0,1
165488,0,3,0,1
165514,0,6,0,1
165664,0,279,0,1
165665,0,492,0,1
165666,0,135,0,1
165744,0,281,0,1
165745,0,499,0,1
165746,0,496,0,1
165747,0,499,0,1
165748,0,499,0,1
165749,0,504,0,1
165750,0,499,0,1
165751,0,501,0,1
165752,0,501,0,1
165753,0,498,0,1
165754,0,492,0,1
165755,0,502,0,1
165756,0,496,0,1
165757,0,500,0,1
165758,0,499,0,1
165759,0,500,0,1
165760,0,502,0,1
165761,0,496,0,1
165762,0,120,0,1
165801,0,7,0,1
165802,0,494,0,1
165803,0,493,0,1
165804,0,494,0,1
165805,0,494,0,1
165806,0,496,0,1
165807,0,467,0,1
165808,0,453,0,1
165809,0,503,0,1
165810,0,499,0,1
165811,0,493,0,1
165812,0,491,0,1
165813,0,469,0,1
165883,0,315,0,1
165944,0,317,0,1
166017,0,347,0,1
166018,0,491,0,1
166019,0,132,0,1
166154,0,408,0,1
166155,0,501,0,1
166156,0,42,0,1
16618,0,446,0,1
16619,0,492,0,1
16620,0,498,0,1
16621,0,495,0,1
16622,0,499,0,1
16623,0,466,0,1
166253,0,40,0,1
166254,0,494,0,1
166255,0,488,0,1
166256,0,494,0,1
166257,0,495,0,1
166258,0,485,0,1
166259,0,355,0,1
166329,0,496,0,1
166330,0,493,0,1
166331,0,499,0,1
166332,0,499,0,1
166333,0,500,0,1
166334,0,495,0,1
166335,0,26,0,1
166343,0,265,0,1
166344,0,493,0,1
166345,0,162,0,1
166448,0,126,0,1
166449,0,493,0,1
166450,0,498,0,1
166451,0,490,0,1
166452,0,497,0,1
166453,0,495,0,1
166454,0,345,0,1
166530,0,350,0,1
166531,0,487,0,1
166532,0,494,0,1
166533,0,498,0,1
166534,0,484,0,1
166535,0,492,0,1
166536,0,95,0,1
166544,0,318,0,1
166571,0,414,0,1
166572,0,501,0,1
166573,0,500,0,1
166574,0,500,0,1
166575,0,495,0,1
166576,0,501,0,1
166577,0,137,0,1
166593,0,50,0,1
166661,0,132,0,1
166662,0,492,0,1
166663,0,308,0,1
166700,0,288,0,1
166701,0,498,0,1
166702,0,500,0,1
166703,0,501,0,1
166704,0,496,0,1
166705,0,496,1,1
166706,0,494,0,1
166707,0,499,0,1
166708,0,496,0,1
166709,0,503,0,1
166710,0,502,0,1
166711,0,506,0,1
166712,0,498,0,1
166713,0,496,0,1
166714,0,496,0,1
166715,0,500,0,1
166716,0,504,0,1
166717,0,497,0,1
166718,0,102,0,1
166851,0,283,0,1
167094,0,123,0,1
167095,0,501,0,1
167096,0,327,0,1
167156,0,92,0,1
167253,0,461,0,1
167254,0,495,0,1
167255,0,491,0,1
167256,0,499,0,1
167257,0,497,0,1
167258,0,498,0,1
167259,0,11,0,1
16726,0,299,0,1
16727,0,495,0,1
16728,0,499,0,1
16729,0,494,0,1
16730,0,490,0,1
16731,0,494,0,1
16732,0,180,0,1
167427,0,288,1,1
167428,0,13,0,1
167494,0,248,0,1
167495,0,493,0,1
167496,0,498,0,1
167497,0,494,0,1
167498,0,497,0,1
167499,0,489,0,1
167500,0,118,0,1
167699,0,83,0,1
167730,0,111,0,1
167731,0,495,0,1
167732,0,312,0,1
167745,0,1,0,1
167746,0,496,0,1
167747,0,434,0,1
167835,0,310,0,1
167836,0,257,0,1
167837,0,489,0,1
167838,0,177,0,1
167852,0,69,0,1
167853,0,495,0,1
167854,0,493,0,1
167855,0,497,0,1
167856,0,497,0,1
167857,0,497,0,1
167858,0,438,0,1
167870,0,0,0,1
167889,0,272,0,1
167890,0,500,0,1
167891,0,498,0,1
167892,0,497,0,1
167893,0,497,0,1
167894,0,500,0,1
167895,0,226,0,1
16793,0,321,0,2
16794,0,488,0,1
16795,0,486,0,1
16796,0,5,0,1
168043,0,188,0,1
168044,0,492,0,1
168045,0,496,0,1
168046,0,489,0,1
168047,0,488,0,1
168048,0,493,0,1
168049,0,234,0,1
168082,0,492,0,1
168083,0,498,0,1
168084,0,493,0,1
168085,0,498,0,1
168086,0,497,0,1
168087,0,497,0,1
168088,0,497,0,1
168089,0,491,0,1
168090,0,499,0,1
168091,0,498,0,1
168092,0,493,0,1
168093,0,493,0,1
168094,0,496,0,1
168095,0,498,0,1
168096,0,498,0,1
168097,0,496,0,1
168098,0,496,0,1
168099,0,374,0,1
168140,0,300,0,1
168182,0,33,0,1
168273,0,157,0,1
168274,0,498,0,1
168275,0,494,0,1
168276,0,497,0,1
168277,0,493,0,1
168278,0,492,0,1
168279,0,486,0,1
168280,0,496,0,1
168281,0,497,0,1
168282,0,505,0,1
168283,0,497,0,1
168284,0,496,0,1
168285,0,495,0,1
168286,0,497,0,1
168287,0,496,0,1
168288,0,495,0,1
168289,0,493,0,1
168290,0,498,0,1
168291,0,118,0,1
168331,0,25,0,1
16838,0,73,0,1
168450,0,370,0,1
168451,0,497,0,1
168452,0,66,0,1
168463,0,386,0,1
168464,0,496,0,1
168465,0,62,0,1
168475,0,172,0,1
168476,0,501,0,1
168477,0,495,0,1
168478,0,492,0,1
168479,0,495,0,1
168480,0,487,0,1
168481,0,306,0,1
168558,0,325,0,1
168559,0,498,0,1
168560,0,492,0,1
168561,0,490,0,1
168562,0,495,0,1
168563,0,492,0,1
168564,0,491,0,1
168565,0,493,0,1
168566,0,500,0,1
168567,0,496,0,1
168568,0,495,0,1
168569,0,495,0,1
168570,0,497,0,1
168571,0,495,0,1
168572,0,497,0,1
168573,0,498,0,1
168574,0,490,0,1
168575,0,414,0,1
168599,0,276,0,1
168600,0,47,0,1
168617,0,10,0,1
168653,0,150,0,1
168654,0,497,0,1
168655,0,497,0,1
168656,0,490,0,1
168657,0,494,0,1
168658,0,495,0,1
168659,0,299,0,1
168856,0,221,0,1
168857,0,498,0,1
168858,0,499,0,1
168859,0,501,0,1
16886,0,56,0,1
168860,0,494,0,1
168861,0,496,0,1
168862,0,502,0,1
168863,0,497,0,1
168864,0,501,0,1
168865,0,498,0,1
168866,0,500,0,1
168867,0,500,0,1
168868,0,498,0,1
168869,0,501,0,1
16887,0,32,0,1
168870,0,500,0,1
168871,0,497,0,1
168872,0,498,0,1
168873,0,501,0,1
168874,0,17,0,1
168900,0,197,0,1
168901,0,505,0,1
168902,0,501,0,1
168903,0,501,0,1
168904,0,495,0,1
168905,0,503,0,1
168906,0,323,0,1
168932,0,390,0,1
168933,0,489,0,1
168934,0,486,0,1
168935,0,495,0,1
168936,0,488,0,1
168937,0,487,0,1
168938,0,11,0,1
169011,0,239,0,1
169012,0,39,0,1
169016,0,22,0,1
169017,0,392,0,2
169046,0,452,0,1
169047,0,500,0,1
169048,0,495,0,1
169049,0,491,0,1
169050,0,492,0,1
169051,0,491,0,1
169052,0,21,0,1
169103,0,284,0,1
169423,0,299,0,1
169424,0,493,0,1
169425,0,491,0,1
169426,0,497,0,1
169427,0,498,0,1
169428,0,496,0,1
169429,0,215,0,1
16950,0,234,0,1
16951,0,485,0,1
16952,0,216,0,1
16953,0,22,0,1
169631,0,166,0,1
169632,0,97,0,1
169703,0,33,0,1
169704,0,265,0,1
169757,0,323,0,1
169758,0,501,0,1
169759,0,501,0,1
169760,0,498,0,1
169761,0,490,0,1
169762,0,499,0,1
169763,0,200,0,1
169868,0,110,0,1
169869,0,209,0,1
169883,0,32,0,1
169884,0,55,0,1
170016,0,23,0,1
170023,0,0,0,1
170024,0,500,0,1
170025,0,496,0,1
170026,0,499,0,1
170027,0,499,0,1
170028,0,500,0,1
170029,0,480,0,1
170032,0,27,0,1
170034,0,11,0,1
170093,0,192,0,1
170094,0,68,0,1
170288,0,25,0,1
170290,0,448,0,1
170291,0,503,0,1
170292,0,503,0,1
170293,0,500,0,1
170294,0,498,0,1
170295,0,499,0,1
170296,0,497,0,1
170297,0,496,0,1
170298,0,502,0,1
170299,0,503,0,1
170300,0,504,0,1
170301,0,507,0,1
170302,0,496,0,1
170303,0,504,0,1
170304,0,496,0,1
170305,0,500,0,1
170306,0,500,0,1
170307,0,498,0,1
170308,0,499,0,1
170309,0,502,0,1
170310,0,499,0,1
170311,0,499,0,1
170312,0,495,0,1
170313,0,502,0,1
170314,0,502,0,1
170315,0,501,0,1
170316,0,497,0,1
170317,0,502,0,1
170318,0,504,0,1
170319,0,499,0,1
170320,0,505,0,1
170321,0,501,0,1
170322,0,496,0,1
170323,0,499,0,1
170324,0,498,0,1
170325,0,501,0,1
170326,0,493,0,1
170327,0,499,0,1
170328,0,503,0,1
170329,0,504,0,1
170330,0,503,0,1
170331,0,501,0,1
170332,0,499,0,1
170333,0,500,0,1
170334,0,503,0,1
170335,0,504,0,1
170336,0,502,0,1
170337,0,500,0,1
170338,0,506,0,1
170339,0,501,0,1
170340,0,107,0,1
170387,0,317,0,1
170496,0,310,0,1
170497,0,495,0,1
170498,0,488,0,1
170499,0,497,0,1
170500,0,497,0,1
170501,0,494,0,1
170502,0,495,0,1
170503,0,494,0,1
170504,0,500,0,1
170505,0,502,0,1
170506,0,497,0,1
170507,0,499,0,1
170508,0,493,0,1
170509,0,495,0,1
170510,0,498,0,1
170511,0,498,0,1
170512,0,494,0,1
170513,0,502,0,1
170514,0,502,0,1
170515,0,501,0,1
170516,0,491,0,1
170517,0,498,0,1
170518,0,490,0,1
170519,0,502,0,1
170520,0,502,0,1
170521,0,494,0,1
170522,0,501,0,1
170523,0,497,0,1
170524,0,495,0,1
170525,0,500,0,1
170526,0,496,0,1
170527,0,499,0,1
170528,0,497,0,1
170529,0,499,0,1
170530,0,496,0,1
170531,0,498,0,1
170532,0,499,0,1
170533,0,496,0,1
170534,0,497,0,1
170535,0,494,0,1
170536,0,497,0,1
170537,0,501,0,1
170538,0,497,0,1
170539,0,497,0,1
170540,0,497,0,1
170541,0,502,0,1
170542,0,500,0,1
170543,0,503,0,1
170544,0,498,0,1
170545,0,503,0,1
170546,0,123,0,1
170581,0,388,0,1
170582,0,498,0,1
170583,0,69,0,1
170684,0,300,0,1
170690,0,6,0,1
170700,0,402,0,1
170701,0,501,0,1
170702,0,495,0,1
170703,0,497,0,1
170704,0,492,0,1
170705,0,496,1,1
170706,0,36,0,1
170747,0,148,0,1
170748,0,496,0,1
170749,0,494,0,1
170750,0,495,0,1
170751,0,491,0,1
170752,0,492,0,1
170753,0,367,0,1
170759,0,4,0,1
170807,0,310,0,1
171087,0,234,0,1
171088,0,495,0,1
171089,0,256,1,1
17110,0,21,0,1
17117,0,0,0,1
171204,0,180,0,1
171205,0,492,0,1
171206,0,226,0,1
171277,0,454,0,1
171278,0,500,0,1
171279,0,499,0,1
171280,0,499,0,1
171281,0,499,0,1
171282,0,498,0,1
171283,0,495,0,1
171284,0,497,0,1
171285,0,498,0,1
171286,0,494,0,1
171287,0,497,0,1
171288,0,487,0,1
171289,0,494,0,1
171290,0,495,0,1
171291,0,495,0,1
171292,0,491,0,1
171293,0,498,0,1
171294,0,312,0,1
171367,0,206,0,1
171368,0,494,0,1
171369,0,267,0,1
171374,0,221,0,1
171375,0,496,0,1
171376,0,248,0,1
171410,0,199,0,1
171411,0,496,0,1
171412,0,497,0,1
171413,0,497,0,1
171414,0,494,0,1
171415,0,493,0,1
171416,0,215,0,1
171417,0,252,0,1
171418,0,503,0,1
171419,0,500,0,1
171420,0,491,0,1
171421,0,497,0,1
171422,0,497,0,1
171423,0,192,0,1
171425,0,304,0,1
171573,0,93,0,1
171574,0,490,0,1
171575,0,492,0,1
171576,0,496,0,1
171577,0,496,0,1
171578,0,486,0,1
171579,0,348,0,1
171610,0,24,0,1
171611,0,103,0,1
171635,0,429,0,1
171636,0,488,0,1
171637,0,492,0,1
171638,0,488,0,1
171639,0,494,0,1
171640,0,473,0,1
171643,0,44,0,1
171644,0,492,0,1
171645,0,429,0,1
171752,0,60,0,1
171753,0,496,0,1
171754,0,494,0,1
171755,0,496,0,1
171756,0,500,0,1
171757,0,499,0,1
171758,0,334,0,1
171861,0,97,0,1
171862,0,493,0,1
171863,0,492,0,1
171864,0,501,0,1
171865,0,497,0,1
171866,0,492,0,1
171867,0,493,0,1
171868,0,498,0,1
171869,0,493,0,1
171870,0,498,0,1
171871,0,496,0,1
171872,0,497,0,1
171873,0,493,0,1
171874,0,494,0,1
171875,0,496,0,1
171876,0,497,0,1
171877,0,493,0,1
171878,0,493,0,1
171879,0,90,0,1
171902,0,26,0,1
171924,0,268,0,1
171960,0,15,0,1
171961,0,495,0,1
171962,0,497,0,1
171963,0,495,0,1
171964,0,490,0,1
171965,0,496,0,1
171966,0,497,0,1
171967,0,493,0,1
171968,0,500,0,1
171969,0,497,0,1
171970,0,499,0,1
171971,0,502,0,1
171972,0,496,0,1
171973,0,493,0,1
171974,0,501,0,1
171975,0,495,0,1
171976,0,500,0,1
171977,0,497,0,1
171978,0,501,0,1
171979,0,503,0,1
171980,0,499,0,1
171981,0,501,0,1
171982,0,502,0,1
171983,0,501,0,1
171984,0,497,0,1
171985,0,501,0,1
171986,0,506,0,1
171987,0,505,0,1
171988,0,502,0,1
171989,0,497,0,1
171990,0,500,0,1
171991,0,500,0,1
171992,0,498,0,1
171993,0,500,0,1
171994,0,504,0,1
171995,0,494,0,1
171996,0,497,0,1
171997,0,502,0,1
171998,0,491,0,1
171999,0,500,0,1
172000,0,503,0,1
172001,0,502,0,1
172002,0,500,0,1
172003,0,495,0,1
172004,0,500,0,1
172005,0,497,0,1
172006,0,492,0,1
172007,0,499,0,1
172008,0,501,0,1
172009,0,504,0,1
172010,0,502,0,1
172011,0,96,0,1
172026,0,454,0,1
172027,0,501,0,1
172028,0,498,0,1
172029,0,497,0,1
172030,0,496,0,1
172031,0,494,0,1
172034,0,312,0,1
17207,0,422,0,1
17208,0,496,0,1
17209,0,492,0,1
17210,0,493,0,1
17211,0,494,0,1
172113,0,165,0,1
172114,0,131,0,1
17212,0,499,0,1
17213,0,95,0,1
172246,0,5,0,1
172368,0,70,0,1
172369,0,495,0,1
172370,0,415,0,1
172615,0,70,0,1
172616,0,491,0,1
172617,0,495,0,1
172618,0,491,0,1
172619,0,497,0,1
172620,0,497,0,1
172621,0,434,0,1
17264,0,25,0,1
17265,0,76,0,1
172684,0,25,0,1
172685,0,499,0,1
172686,0,490,0,1
172687,0,496,0,1
172688,0,495,0,1
172689,0,498,0,1
172690,0,499,0,1
172691,0,492,0,1
172692,0,496,0,1
172693,0,500,0,1
172694,0,495,0,1
172695,0,498,0,1
172696,0,497,0,1
172697,0,498,0,1
172698,0,495,0,1
172699,0,496,0,1
172700,0,492,0,1
172701,0,499,0,1
172702,0,320,0,1
172732,0,304,0,1
172893,0,152,0,1
172894,0,147,0,1
172912,0,0,0,1
172943,0,437,0,1
172944,0,497,0,1
172945,0,293,0,2
172946,0,502,0,1
172947,0,198,0,1
173004,0,477,0,1
173005,0,495,0,1
173006,0,495,0,1
173007,0,494,0,1
173008,0,488,0,1
173009,0,433,0,1
173035,0,14,0,1
173043,0,215,0,1
173044,0,497,0,1
173045,0,251,0,1
173105,0,398,0,1
173106,0,501,0,1
173107,0,499,0,1
173108,0,501,0,1
173109,0,498,0,1
173110,0,498,0,1
173111,0,491,0,1
173112,0,492,0,1
173113,0,496,0,1
173114,0,506,0,1
173115,0,498,0,1
173116,0,504,0,1
173117,0,499,0,1
173118,0,497,0,1
173119,0,497,0,1
173120,0,502,0,1
173121,0,500,0,1
173122,0,270,0,1
17315,0,240,0,1
173155,0,300,0,1
173156,0,493,0,1
173157,0,155,0,1
17316,0,487,0,1
17317,0,192,0,1
173320,0,464,0,1
173321,0,496,0,1
173322,0,499,0,1
173323,0,490,0,1
173324,0,500,0,1
173325,0,493,0,1
173326,0,64,0,1
173336,0,284,0,1
173337,0,37,0,1
173353,0,332,0,1
173354,0,497,0,1
173355,0,72,0,1
173379,0,113,0,1
173380,0,503,0,1
173381,0,305,0,1
173508,0,199,0,1
173509,0,495,0,1
173510,0,241,0,1
173548,0,360,0,1
173549,0,492,0,1
173550,0,495,0,1
173551,0,494,0,1
173552,0,493,0,1
173553,0,499,0,1
173554,0,491,0,1
173555,0,499,0,1
173556,0,498,0,1
173557,0,500,0,1
173558,0,501,0,1
173559,0,500,0,1
173560,0,502,0,1
173561,0,493,0,1
173562,0,496,0,1
173563,0,494,0,1
173564,0,493,0,1
173565,0,431,0,1
173676,0,90,0,1
173751,0,0,0,1
17383,0,163,0,1
17384,0,495,0,1
17385,0,292,0,1
173984,0,65,0,1
173985,0,217,0,1
174065,0,100,0,1
174066,0,489,0,1
174067,0,358,0,1
1741,0,154,0,1
17410,0,201,0,1
17411,0,498,0,1
17412,0,494,0,1
17413,0,498,0,1
17414,0,500,0,1
17415,0,494,0,1
17416,0,485,0,1
17417,0,502,0,1
17418,0,496,0,1
17419,0,501,0,1
1742,0,494,0,1
17420,0,498,0,1
17421,0,498,0,1
17422,0,500,0,1
17423,0,503,0,1
17424,0,493,0,1
17425,0,494,0,1
17426,0,497,0,1
17427,0,496,0,1
17428,0,78,0,1
1743,0,274,0,1
174362,0,75,0,1
174374,0,426,0,1
174375,0,497,0,1
174376,0,39,0,1
174413,0,232,0,1
174414,0,495,0,1
174415,0,243,0,1
174465,0,451,0,1
174466,0,496,0,1
174467,0,494,0,1
174468,0,495,0,1
174469,0,494,0,1
174470,0,497,0,1
174471,0,30,0,1
174520,0,288,0,1
174521,0,490,0,1
174522,0,491,0,1
174523,0,491,0,1
174524,0,489,0,1
174525,0,489,0,1
174526,0,179,0,1
174555,0,85,0,1
174556,0,502,0,1
174557,0,492,0,1
174558,0,495,0,1
174559,0,497,0,1
174560,0,501,0,1
174561,0,500,1,1
174562,0,499,0,1
174563,0,500,0,1
174564,0,501,0,1
174565,0,493,0,1
174566,0,499,0,1
174567,0,503,0,1
174568,0,500,0,1
174569,0,495,0,1
174570,0,500,0,1
174571,0,500,0,1
174572,0,498,0,1
174573,0,266,0,1
174580,0,210,0,1
174581,0,494,0,1
174582,0,219,0,1
174583,0,95,0,1
174613,0,469,0,1
174614,0,489,0,1
174615,0,490,0,1
174616,0,496,0,1
174617,0,496,0,1
174618,0,482,0,1
174691,0,81,0,1
174734,0,8,0,1
174735,0,495,0,1
174736,0,496,0,1
174737,0,504,0,1
174738,0,499,0,1
174739,0,496,0,1
174740,0,498,0,1
174741,0,496,0,1
174742,0,492,0,1
174743,0,495,0,1
174744,0,494,0,1
174745,0,490,0,1
174746,0,500,0,1
174747,0,501,0,1
174748,0,499,0,1
174749,0,492,0,1
174750,0,498,0,1
174751,0,500,0,1
174752,0,255,0,1
174777,0,9,0,1
174817,0,204,4,1
174818,0,494,0,1
174819,0,491,0,1
174820,0,495,0,1
174821,0,500,0,1
174822,0,495,0,1
174823,0,499,0,1
174824,0,496,0,1
174825,0,501,0,1
174826,0,498,0,1
174827,0,495,0,1
174828,0,497,0,1
174829,0,499,0,1
174830,0,498,0,1
174831,0,500,0,1
174832,0,498,0,1
174833,0,494,1,1
174834,0,495,0,1
174835,0,500,0,1
174836,0,499,0,1
174837,0,497,0,1
174838,0,501,0,1
174839,0,496,0,1
174840,0,497,0,1
174841,0,494,0,1
174842,0,500,0,1
174843,0,503,0,1
174844,0,498,0,1
174845,0,495,0,1
174846,0,496,0,1
174847,0,501,0,1
174848,0,502,0,1
174849,0,499,0,1
174850,0,499,0,1
174851,0,503,0,1
174852,0,501,0,1
174853,0,502,0,1
174854,0,493,0,1
174855,0,501,0,1
174856,0,491,0,1
174857,0,501,0,1
174858,0,500,0,1
174859,0,500,0,1
174860,0,499,0,1
174861,0,498,0,1
174862,0,498,0,1
174863,0,502,0,1
174864,0,501,0,1
174865,0,492,2,1
174866,0,499,0,1
174981,0,219,0,1
174982,0,494,0,1
174983,0,498,0,1
174984,0,493,0,1
174985,0,499,0,1
174986,0,503,0,1
174987,0,213,0,1
175014,0,277,0,1
175161,0,13,0,1
175162,0,503,0,1
175163,0,505,0,1
175164,0,500,0,1
175165,0,501,0,1
175166,0,498,0,1
175167,0,479,0,1
175181,0,185,0,1
175182,0,492,0,1
175183,0,489,0,1
175184,0,496,0,1
175185,0,493,0,1
175186,0,495,0,1
175187,0,404,0,1
175228,0,37,0,1
175229,0,245,0,1
175258,0,71,0,1
175259,0,0,0,1
175346,0,193,0,1
175347,0,96,0,1
175443,0,62,0,1
175444,0,489,0,1
175445,0,495,0,1
175446,0,492,0,1
175447,0,496,0,1
175448,0,495,0,1
175449,0,439,0,1
175473,0,19,0,1
175485,0,95,0,1
175532,0,18,0,1
175535,0,211,0,1
175536,0,494,0,1
175537,0,247,0,1
175559,0,201,0,1
175560,0,80,0,1
175562,0,118,0,1
175563,0,488,0,1
175564,0,329,0,1
175577,0,476,0,1
175578,0,486,0,1
175602,0,101,0,1
175672,0,442,0,1
175673,0,494,0,1
175674,0,492,0,1
175675,0,495,0,1
175676,0,499,0,1
175677,0,500,0,1
175678,0,499,0,1
175679,0,495,0,1
175680,0,499,0,1
175681,0,495,0,1
175682,0,494,0,1
175683,0,495,0,1
175684,0,502,0,1
175685,0,492,0,1
175686,0,491,0,1
175687,0,494,0,1
175688,0,501,0,1
175689,0,504,0,1
175690,0,107,0,1
175769,0,5,0,1
175925,0,433,0,1
175926,0,488,0,1
176078,0,489,0,1
176079,0,502,0,1
176080,0,501,0,1
176081,0,495,0,1
176082,0,499,0,1
176083,0,481,0,1
176085,0,387,0,1
176086,0,495,0,1
176087,0,495,0,1
176088,0,491,0,1
176089,0,495,0,1
176090,0,494,0,1
176091,0,76,0,1
176092,0,435,0,1
176093,0,497,0,1
176094,0,498,0,1
176095,0,492,0,1
176096,0,496,0,1
176097,0,492,0,1
176098,0,21,0,1
176142,0,156,0,1
176143,0,497,0,1
176144,0,493,0,1
176145,0,496,0,1
176146,0,500,0,1
176147,0,487,0,1
176148,0,256,0,1
176221,0,360,0,1
176222,0,501,0,1
176223,0,497,0,1
176224,0,500,0,1
176225,0,498,1,1
176226,0,501,0,1
176227,0,122,0,1
176353,0,431,0,1
176354,0,495,0,1
176355,0,488,0,1
176356,0,497,0,1
176357,0,495,0,1
176358,0,493,0,1
176359,0,36,0,1
176363,0,13,0,1
176364,0,307,0,1
176472,0,252,0,1
176473,0,37,0,1
176497,0,270,0,1
176498,0,65,0,1
176506,0,130,0,1
176507,0,493,0,1
176508,0,494,0,1
176509,0,497,0,1
176510,0,494,0,1
176511,0,494,0,1
176512,0,497,0,1
176513,0,496,0,1
176514,0,494,0,1
176515,0,494,0,1
176516,0,491,0,1
176517,0,500,0,1
176518,0,498,0,1
176519,0,497,0,1
176520,0,499,0,1
176521,0,493,0,1
176522,0,498,0,1
176523,0,497,0,1
176524,0,129,0,1
176640,0,341,0,1
176641,0,497,1,1
176642,0,491,0,1
176643,0,490,0,1
176644,0,491,0,1
176645,0,489,0,1
176646,0,127,0,1
176662,0,236,0,1
176663,0,33,0,1
176698,0,150,0,1
176699,0,127,0,1
176791,0,275,0,1
176792,0,492,0,1
176793,0,494,0,1
176794,0,499,0,1
176795,0,492,0,1
176796,0,496,0,1
176797,0,490,0,1
176798,0,499,0,1
176799,0,494,0,1
176800,0,494,0,1
176801,0,498,0,1
176802,0,496,0,1
176803,0,492,0,1
176804,0,493,0,1
176805,0,497,0,1
176806,0,500,0,1
176807,0,501,0,1
176808,0,497,0,1
176809,0,164,0,1
176930,0,12,0,1
177001,0,287,0,1
177049,0,30,0,1
177110,0,415,0,1
177111,0,499,0,1
177112,0,502,0,1
177113,0,499,0,1
177114,0,502,0,1
177115,0,499,0,1
177116,0,503,0,1
177117,0,502,0,1
177118,0,501,0,1
177119,0,499,0,1
177120,0,507,0,1
177121,0,503,0,1
177122,0,501,0,1
177123,0,497,0,1
177124,0,498,0,1
177125,0,507,0,1
177126,0,500,0,1
177127,0,397,0,1
177135,0,101,0,1
177192,0,41,0,1
177193,0,498,0,1
177194,0,497,0,1
177195,0,502,0,1
177196,0,494,0,1
177197,0,493,0,1
177198,0,374,0,1
177314,0,310,0,1
177315,0,492,0,1
177316,0,89,0,1
177331,0,98,0,1
177434,0,88,0,1
177575,0,382,0,1
177576,0,492,0,1
177577,0,75,0,1
177600,0,384,0,1
177601,0,489,0,1
177602,0,131,0,1
177777,0,243,0,1
177778,0,503,0,1
177779,0,504,0,1
177780,0,502,0,1
177781,0,501,0,1
177782,0,501,0,1
177783,0,502,0,1
177784,0,503,0,1
177785,0,505,0,1
177786,0,500,0,1
177787,0,500,0,1
177788,0,500,0,1
177789,0,504,0,1
177790,0,504,0,1
177791,0,505,0,1
177792,0,501,0,1
177793,0,502,0,1
177794,0,501,0,1
177795,0,115,0,1
177923,0,0,0,1
177924,0,301,0,1
177930,0,96,0,1
177957,0,184,0,1
177958,0,496,0,1
177959,0,500,0,1
177960,0,505,0,1
177961,0,501,0,1
177962,0,500,0,1
177963,0,502,0,1
177964,0,504,0,1
177965,0,503,0,1
177966,0,499,0,1
177967,0,502,0,1
177968,0,498,0,1
177969,0,499,1,1
177970,0,500,0,1
177971,0,502,0,1
177972,0,502,0,1
177973,0,502,0,1
177974,0,502,0,1
177975,0,66,0,1
177986,0,125,0,1
177987,0,181,0,1
178003,0,131,0,1
178004,0,141,0,1
178040,0,464,0,1
178041,0,488,0,1
178042,0,491,0,1
178043,0,496,0,1
178044,0,492,0,1
178045,0,466,0,1
178212,0,9,0,1
17823,0,175,0,1
178233,0,117,0,1
178234,0,500,0,1
178235,0,499,0,1
178236,0,491,0,1
178237,0,495,0,1
178238,0,492,0,1
178239,0,311,0,1
17824,0,501,0,1
17825,0,496,6,1
17826,0,503,0,1
178263,0,305,0,1
178266,0,407,0,1
178267,0,493,0,1
178268,0,7,0,1
17827,0,505,0,1
17828,0,500,0,1
17829,0,507,0,1
17830,0,501,0,1
17831,0,503,0,1
178311,0,155,0,1
178312,0,494,0,1
178313,0,497,0,1
178314,0,490,0,1
178315,0,495,0,1
178316,0,498,0,1
178317,0,494,0,1
178318,0,493,0,1
178319,0,495,0,1
17832,0,501,0,1
178320,0,491,0,1
178321,0,493,0,1
178322,0,492,0,1
178323,0,493,0,1
178324,0,495,0,1
178325,0,493,0,1
178326,0,494,0,1
178327,0,490,0,1
178328,0,499,0,1
178329,0,147,0,1
17833,0,497,0,1
17834,0,498,0,1
17835,0,507,0,1
17836,0,506,0,1
17837,0,501,0,1
17838,0,504,0,1
178380,0,22,0,1
17839,0,499,0,1
17840,0,498,0,1
17841,0,286,6,1
178453,0,145,0,1
178454,0,500,0,1
178455,0,496,0,1
178456,0,493,0,1
178457,0,494,0,1
178458,0,500,0,1
178459,0,492,0,1
178460,0,494,0,1
178461,0,495,0,1
178462,0,492,0,1
178463,0,495,0,1
178464,0,498,0,1
178465,0,497,0,1
178466,0,494,0,1
178467,0,496,0,1
178468,0,489,0,1
178469,0,494,0,1
178470,0,499,0,1
178471,0,44,0,1
178733,0,119,0,1
178770,0,455,0,1
178771,0,480,0,1
178843,0,412,0,1
178844,0,503,0,1
178845,0,502,0,1
178846,0,501,0,1
178847,0,494,0,1
178848,0,490,0,1
178849,0,493,0,1
178850,0,497,0,1
178851,0,498,0,1
178852,0,499,0,1
178853,0,498,0,1
178854,0,499,0,1
178855,0,500,0,1
178856,0,498,0,1
178857,0,497,0,1
178858,0,501,0,1
178859,0,496,0,1
178860,0,457,0,1
178866,0,26,0,1
178870,0,331,0,1
178871,0,499,0,1
178872,0,485,0,1
178873,0,496,0,1
178874,0,496,0,1
178875,0,492,0,1
178876,0,111,0,1
178908,0,441,0,1
178909,0,487,0,1
178910,0,490,0,1
178911,0,492,0,1
178912,0,492,0,1
178913,0,494,0,1
178914,0,95,0,1
179284,0,20,0,1
179317,0,185,0,1
179318,0,498,0,1
179319,0,270,0,1
179395,0,35,0,1
179396,0,502,0,1
179397,0,501,0,1
179398,0,504,0,1
179399,0,500,0,1
179400,0,504,0,1
179401,0,501,0,1
179402,0,503,0,1
179403,0,503,0,1
179404,0,501,0,1
179405,0,498,0,1
179406,0,506,0,1
179407,0,502,0,1
179408,0,499,0,1
179409,0,502,0,1
179410,0,496,0,1
179411,0,502,0,1
179412,0,503,0,1
179413,0,189,0,1
179415,0,306,0,1
179433,0,239,0,1
179434,0,492,0,1
179435,0,90,0,1
17953,0,32,0,1
17954,0,488,0,1
17955,0,390,0,1
179562,0,425,0,1
179563,0,493,0,1
179564,0,31,0,1
179587,0,96,0,1
179622,0,313,0,1
179649,0,87,0,1
17966,0,388,0,1
17967,0,496,0,1
17968,0,19,0,1
179724,0,423,0,1
179725,0,504,0,1
179726,0,506,0,1
179727,0,505,0,1
179728,0,505,0,1
179729,0,497,2,1
179730,0,504,0,1
179731,0,505,0,1
179732,0,505,0,1
179733,0,505,0,1
179734,0,505,0,1
179735,0,504,0,1
179736,0,506,0,1
179737,0,509,0,1
179738,0,500,0,1
179739,0,508,0,1
179740,0,502,0,1
179741,0,506,0,1
179742,0,505,0,1
179743,0,504,0,1
179744,0,503,0,1
179745,0,502,0,1
179746,0,505,1,1
179747,0,504,0,1
179748,0,507,0,1
179749,0,506,0,1
179750,0,508,0,1
179751,0,505,0,1
179752,0,504,0,1
179753,0,503,0,1
179754,0,503,0,1
179755,0,502,0,1
179756,0,505,0,1
179757,0,503,0,1
179758,0,508,0,1
179759,0,505,0,1
179760,0,504,0,1
179761,0,502,1,1
179762,0,502,1,1
179763,0,501,0,1
179764,0,510,0,1
179765,0,506,0,1
179766,0,501,0,1
179767,0,506,0,1
179768,0,505,0,1
179769,0,507,0,1
179770,0,505,0,1
179771,0,508,0,1
179772,0,506,0,1
179773,0,506,0,1
179774,0,25,0,1
179824,0,436,0,1
179825,0,498,0,1
179826,0,498,0,1
179827,0,500,0,1
179828,0,498,0,1
179829,0,498,0,1
179830,0,497,0,1
179831,0,496,0,1
179832,0,495,0,1
179833,0,498,0,1
179834,0,494,0,1
179835,0,499,0,1
179836,0,499,0,1
179837,0,497,0,1
179838,0,502,0,1
179839,0,502,0,1
179840,0,503,0,1
179841,0,495,0,1
179842,0,493,0,1
179843,0,502,0,1
179844,0,498,0,1
179845,0,498,0,1
179846,0,498,0,1
179847,0,495,0,1
179848,0,496,0,1
179849,0,498,0,1
179850,0,499,0,1
179851,0,501,0,1
179852,0,500,0,1
179853,0,494,0,1
179854,0,501,0,1
179855,0,503,0,1
179856,0,496,0,1
179857,0,493,0,1
179858,0,501,0,1
179859,0,501,0,1
179860,0,499,0,1
179861,0,502,0,1
179862,0,495,0,1
179863,0,501,0,1
179864,0,500,0,1
179865,0,498,0,1
179866,0,505,0,1
179867,0,495,0,1
179868,0,503,0,1
179869,0,496,0,1
179870,0,500,0,1
179871,0,502,0,1
179872,0,500,0,1
179873,0,496,0,1
180054,0,5,0,1
180055,0,493,0,1
180056,0,482,0,1
180107,0,277,0,1
180149,0,104,0,1
180150,0,189,0,1
180182,0,54,0,1
180183,0,494,0,1
180184,0,492,0,1
180185,0,497,0,1
180186,0,497,0,1
180187,0,498,0,1
180188,0,495,0,1
180189,0,500,0,1
180190,0,492,0,1
180191,0,493,0,1
180192,0,500,0,1
180193,0,494,0,1
180194,0,491,0,1
180195,0,506,0,1
180196,0,497,0,1
180197,0,498,0,1
180198,0,498,0,1
180199,0,498,0,1
18020,0,461,0,1
180200,0,336,0,1
18021,0,488,0,1
18022,0,488,0,1
18023,0,490,0,1
18024,0,487,0,1
18025,0,491,0,1
18026,0,68,0,1
180318,0,108,0,1
180324,0,254,0,1
180325,0,498,0,1
180326,0,501,0,1
180327,0,498,0,1
180328,0,495,0,1
180329,0,497,0,1
180330,0,207,0,1
180358,0,56,0,1
180359,0,215,0,1
180521,0,341,0,2
180522,0,492,0,1
180523,0,419,0,1
18063,0,92,0,1
180708,0,317,0,1
180849,0,483,0,1
180850,0,493,0,1
180851,0,10,0,1
180932,0,250,0,1
180933,0,122,0,1
180966,0,77,0,1
180991,0,151,0,1
180992,0,318,0,2
180993,0,119,1,1
181017,0,34,0,1
181043,0,388,0,1
181044,0,493,0,1
181045,0,69,0,1
181200,0,3,0,1
181205,0,13,0,1
181229,0,164,0,1
181230,0,139,0,1
181238,0,25,0,1
181365,0,119,0,1
181366,0,501,0,1
181367,0,287,0,1
18145,0,90,0,1
181489,0,433,0,1
181490,0,493,0,1
181491,0,56,0,1
181504,0,2,0,1
181505,0,503,0,1
181506,0,498,0,1
181507,0,501,0,1
181508,0,499,0,1
181509,0,503,0,1
181510,0,498,0,1
181511,0,496,0,1
181512,0,499,0,1
181513,0,502,0,1
181514,0,498,0,1
181515,0,501,0,1
181516,0,503,0,1
181517,0,503,0,1
181518,0,501,0,1
181519,0,498,0,1
181520,0,497,0,1
181521,0,496,0,1
181522,0,389,0,1
181536,0,117,0,1
181637,0,450,0,1
181638,0,451,0,1
181679,0,71,0,1
181680,0,20,0,1
181756,0,15,0,1
181757,0,84,0,1
181815,0,437,0,1
181816,0,494,0,1
181817,0,496,0,1
181818,0,496,0,1
181819,0,490,0,1
181820,0,492,0,1
181821,0,496,0,1
181822,0,501,0,1
181823,0,493,0,1
181824,0,495,0,1
181825,0,492,0,1
181826,0,492,0,1
181827,0,495,0,1
181828,0,494,0,1
181829,0,493,0,1
181830,0,496,0,1
181831,0,493,0,1
181832,0,263,0,1
181864,0,240,0,1
181865,0,493,0,1
181866,0,248,0,1
181890,0,256,0,1
181891,0,493,0,1
181892,0,206,0,1
1820,0,228,0,1
182019,0,17,0,1
1821,0,494,0,1
182149,0,94,0,1
182191,0,434,0,1
182192,0,501,0,1
182193,0,499,0,1
182194,0,503,0,1
182195,0,496,0,1
182196,0,499,0,1
182197,0,496,0,1
182198,0,503,0,1
182199,0,501,0,1
1822,0,194,0,1
182200,0,500,0,1
182201,0,504,0,1
182202,0,504,0,1
182203,0,502,0,1
182204,0,498,0,1
182205,0,502,0,1
182206,0,500,0,1
182207,0,504,0,1
182208,0,355,0,1
182215,0,257,0,1
182216,0,493,0,1
182217,0,222,0,1
182407,0,269,0,1
182408,0,14,0,1
182411,0,353,0,1
182412,0,498,0,1
182413,0,499,0,1
182414,0,495,0,1
182415,0,501,0,1
182416,0,492,0,1
182417,0,121,0,1
182420,0,17,0,1
182421,0,14,0,1
182471,0,30,0,1
18254,0,51,0,1
18255,0,500,0,1
18256,0,465,0,2
18257,0,171,0,1
182642,0,25,0,1
18275,0,3,0,1
182822,0,477,0,1
182823,0,495,0,1
182824,0,496,0,1
182825,0,497,0,1
182826,0,498,0,1
182827,0,495,0,1
182828,0,494,0,1
182829,0,496,0,1
182830,0,495,0,1
182831,0,495,0,1
182832,0,495,0,1
182833,0,492,0,1
182834,0,492,0,1
182835,0,501,0,1
182836,0,499,0,1
182837,0,500,0,1
182838,0,499,0,1
182839,0,332,0,1
18288,0,52,0,1
18289,0,490,1,1
18290,0,375,0,1
182928,0,229,0,1
182929,0,43,0,1
182948,0,114,0,1
182949,0,500,0,1
182950,0,497,0,1
182951,0,505,0,1
182952,0,496,0,1
182953,0,501,0,1
182954,0,249,0,1
183003,0,84,0,1
18327,0,288,0,1
18328,0,42,0,1
183429,0,61,0,1
183430,0,498,0,1
183431,0,493,0,1
183432,0,493,0,1
183433,0,493,0,1
183434,0,496,0,1
183435,0,402,0,1
183490,0,243,0,1
183491,0,489,0,1
183492,0,235,0,1
183556,0,28,0,1
183557,0,498,0,1
183558,0,490,0,1
183559,0,493,0,1
183560,0,496,0,1
183561,0,490,0,1
183562,0,411,0,1
183623,0,51,0,1
183624,0,37,0,1
18363,0,67,0,1
183637,0,82,0,1
18364,0,19,0,1
183641,0,469,0,1
183642,0,496,0,1
183643,0,495,0,1
183644,0,499,0,1
183645,0,493,0,1
183646,0,495,0,1
183647,0,33,0,1
183741,0,93,0,1
183745,0,448,0,1
183746,0,488,0,1
183747,0,3,0,1
183887,0,135,0,1
183888,0,167,0,1
183926,0,42,0,1
183927,0,498,0,1
183928,0,495,0,1
183929,0,494,0,1
183930,0,500,0,1
183931,0,494,0,1
183932,0,395,0,1
183954,0,26,0,1
183983,0,59,0,1
183984,0,503,0,1
183985,0,503,0,1
183986,0,501,0,1
183987,0,499,0,1
183988,0,501,0,1
183989,0,503,0,1
183990,0,497,0,1
183991,0,492,0,1
183992,0,501,0,1
183993,0,501,0,1
183994,0,502,0,1
183995,0,501,0,1
183996,0,503,0,1
183997,0,502,0,1
183998,0,499,0,1
183999,0,500,0,1
184000,0,500,0,1
184001,0,303,1,1
184131,0,470,0,1
184132,0,477,0,1
184208,0,67,0,1
184209,0,502,0,1
184210,0,394,0,1
18422,0,33,0,1
184220,0,9,0,1
184268,0,29,0,1
184404,0,447,0,1
184405,0,497,0,1
184406,0,497,0,1
184407,0,497,0,1
184408,0,497,0,1
184409,0,498,0,1
184410,0,498,0,1
184411,0,490,0,1
184412,0,494,0,1
184413,0,497,0,1
184414,0,497,0,1
184415,0,494,0,1
184416,0,492,0,1
184417,0,501,0,1
184418,0,499,0,1
184419,0,495,0,1
184420,0,499,0,1
184421,0,383,0,1
184423,0,81,0,1
184491,0,113,0,1
184492,0,127,0,1
184493,0,493,0,1
184494,0,361,0,1
184634,0,312,0,1
184689,0,450,1,1
184690,0,485,0,1
184712,0,5,0,1
184713,0,30,0,1
18474,0,254,0,1
18475,0,36,0,1
184876,0,33,0,1
184880,0,167,0,1
184881,0,494,1,1
184882,0,497,0,1
184883,0,496,0,1
184884,0,501,0,1
184885,0,503,0,1
184886,0,264,0,1
184923,0,157,0,1
184924,0,130,0,1
184935,0,34,0,1
184936,0,54,0,1
184959,0,3,0,1
184960,0,497,0,1
184961,0,432,0,1
184971,0,263,0,2
184972,0,492,0,1
184973,0,162,0,1
185047,0,56,0,1
185048,0,256,0,1
185086,0,82,0,1
185087,0,505,0,1
185088,0,507,0,1
185089,0,506,0,1
185090,0,503,0,1
185091,0,506,0,1
185092,0,510,0,1
185093,0,502,0,1
185094,0,503,0,1
185095,0,507,0,1
185096,0,503,0,1
185097,0,505,0,1
185098,0,505,0,1
185099,0,501,0,1
185100,0,501,0,1
185101,0,499,0,1
185102,0,505,0,1
185103,0,504,0,1
185104,0,243,0,1
185115,0,79,0,1
185262,0,167,0,1
185263,0,137,0,1
185322,0,222,0,1
185323,0,490,0,1
185324,0,262,0,1
185359,0,119,0,1
185360,0,495,0,1
185361,0,370,0,1
18540,0,72,0,1
18541,0,502,0,1
18542,0,492,0,1
18543,0,493,0,1
18544,0,495,0,1
18545,0,495,0,1
18546,0,496,0,1
18547,0,492,0,1
18548,0,496,0,1
18549,0,497,0,1
18550,0,497,0,1
18551,0,494,0,1
18552,0,502,0,1
185526,0,87,0,1
18553,0,495,0,1
18554,0,500,0,1
18555,0,490,0,1
185559,0,219,0,1
18556,0,494,0,1
185560,0,492,0,1
185561,0,236,0,1
185565,0,353,0,1
185566,0,496,0,1
185567,0,151,0,2
185568,0,487,0,1
185569,0,492,3,1
18557,0,492,0,1
185570,0,492,0,1
185571,0,492,0,1
185572,0,495,0,1
185573,0,451,0,1
18558,0,247,0,1
185738,0,99,0,1
185744,0,194,0,1
185745,0,103,0,1
185746,0,51,0,1
185747,0,47,0,1
185795,0,8,0,1
185796,0,279,0,1
185797,0,260,0,1
185798,0,489,0,1
185799,0,488,0,1
185800,0,498,0,1
185801,0,493,0,1
185802,0,501,0,1
185803,0,109,0,1
185898,0,4,0,1
185933,0,74,0,1
185934,0,213,0,1
186039,0,93,0,1
186040,0,498,0,1
186041,0,496,0,1
186042,0,496,0,1
186043,0,491,0,1
186044,0,499,0,1
186045,0,213,0,1
186129,0,104,0,1
186204,0,87,0,1
186205,0,189,0,1
18627,0,106,0,2
186280,0,80,0,1
186281,0,500,0,1
186282,0,317,0,1
186292,0,147,0,1
186293,0,491,0,1
186294,0,319,0,1
186343,0,98,0,1
186451,0,345,0,1
186452,0,494,0,1
186453,0,494,0,1
186454,0,498,0,1
186455,0,500,0,1
186456,0,493,0,1
186457,0,495,0,1
186458,0,501,0,1
186459,0,495,0,1
186460,0,499,0,1
186461,0,497,0,1
186462,0,499,0,1
186463,0,497,0,1
186464,0,502,0,1
186465,0,500,0,1
186466,0,491,0,1
186467,0,504,0,1
186468,0,495,0,1
186469,0,54,0,1
186541,0,36,0,1
186685,0,34,0,1
186747,0,416,0,1
186748,0,488,0,1
186749,0,20,0,1
186797,0,281,0,1
186798,0,496,0,1
186799,0,502,0,1
186800,0,502,0,1
186801,0,485,6,1
186802,0,499,0,1
186803,0,498,0,1
186804,0,494,0,1
186805,0,498,0,1
186806,0,494,0,1
186807,0,494,0,1
186808,0,499,0,1
186809,0,500,0,1
186810,0,502,0,1
186811,0,498,0,1
186812,0,493,0,1
186813,0,499,0,1
186814,0,354,0,1
187000,0,36,0,1
187001,0,499,0,1
187002,0,502,0,1
187003,0,498,0,1
187004,0,494,0,1
187005,0,500,0,1
187006,0,493,0,1
187007,0,497,0,1
187008,0,497,0,1
187009,0,499,0,1
187010,0,499,0,1
187011,0,496,0,1
187012,0,497,0,1
187013,0,493,0,1
187014,0,497,0,1
187015,0,489,0,1
187016,0,493,0,1
187017,0,491,0,1
187018,0,367,0,1
187100,0,160,0,1
187101,0,496,0,1
187102,0,505,0,1
187103,0,500,0,1
187104,0,501,0,1
187105,0,500,0,1
187106,0,502,0,1
187107,0,501,0,1
187108,0,504,0,1
187109,0,502,0,1
187110,0,496,0,1
187111,0,496,0,1
187112,0,503,0,1
187113,0,501,0,1
187114,0,495,0,1
187115,0,502,0,1
187116,0,498,0,1
187117,0,504,0,1
187118,0,404,0,1
187217,0,26,0,1
187252,0,100,0,1
187292,0,296,0,1
187305,0,330,0,1
18733,0,308,0,1
187408,0,0,0,1
187520,0,29,0,1
187521,0,494,0,1
187522,0,497,0,1
187523,0,492,0,1
187524,0,498,0,1
187525,0,492,0,1
187526,0,390,0,1
187595,0,0,0,1
187596,0,505,0,1
187597,0,499,0,1
187598,0,496,0,1
187599,0,502,0,1
187600,0,497,0,1
187601,0,499,0,1
187602,0,499,0,1
187603,0,501,0,1
187604,0,501,0,1
187605,0,498,0,1
187606,0,503,0,1
187607,0,500,0,1
187608,0,502,0,1
187609,0,498,0,1
187610,0,498,0,1
187611,0,496,0,1
187612,0,494,0,1
187613,0,300,0,1
187684,0,489,0,1
187685,0,470,0,1
187693,0,0,0,1
18774,0,289,0,1
18775,0,495,0,1
18776,0,206,0,1
187764,0,313,0,1
187765,0,497,0,1
187766,0,503,0,1
187767,0,502,0,1
187768,0,497,0,1
187769,0,503,0,1
187770,0,502,0,1
187771,0,497,0,1
187772,0,504,0,1
187773,0,495,0,1
187774,0,500,0,1
187775,0,497,0,1
187776,0,502,0,1
187777,0,496,6,1
187778,0,502,0,1
187779,0,501,0,1
187780,0,498,0,1
187781,0,498,0,1
187782,0,257,0,1
187845,0,33,0,1
188043,0,385,0,1
188044,0,495,0,1
188045,0,496,0,1
188046,0,488,0,1
188047,0,492,0,1
188048,0,494,0,1
188049,0,495,0,1
188050,0,503,0,1
188051,0,501,0,1
188052,0,496,0,1
188053,0,493,0,1
188054,0,497,0,1
188055,0,495,0,1
188056,0,493,0,1
188057,0,499,0,1
188058,0,500,0,1
188059,0,494,0,1
188060,0,348,0,1
18809,0,490,0,1
18810,0,492,0,1
188105,0,143,0,1
188106,0,500,0,1
188107,0,497,0,1
188108,0,498,0,1
188109,0,495,0,1
18811,0,493,0,1
188110,0,499,0,1
188111,0,360,0,1
18812,0,489,0,1
18813,0,494,0,1
18814,0,481,0,1
188169,0,138,0,2
188170,0,251,0,1
188178,0,339,0,1
188208,0,379,0,1
188209,0,492,1,1
188210,0,56,0,1
188218,0,133,0,1
188219,0,494,0,1
188220,0,322,0,1
188263,0,194,0,1
188264,0,497,0,1
188265,0,279,0,1
188276,0,338,0,1
188277,0,497,0,1
188278,0,494,0,1
188279,0,496,0,1
188280,0,505,0,1
188281,0,493,0,1
188282,0,221,0,1
188325,0,203,0,1
188326,0,489,0,1
188327,0,277,0,1
188389,0,77,0,1
188491,0,275,0,1
188492,0,491,0,1
188493,0,116,0,1
188542,0,27,0,1
18864,0,21,0,1
188649,0,368,0,1
188650,0,494,0,1
188651,0,493,0,1
188652,0,497,0,1
188653,0,496,0,1
188654,0,491,0,1
188655,0,492,0,1
188656,0,501,0,1
188657,0,486,5,1
188658,0,498,0,1
188659,0,498,0,1
188660,0,493,0,1
188661,0,495,0,1
188662,0,491,0,1
188663,0,496,0,1
188664,0,495,0,1
188665,0,495,0,1
188666,0,442,0,1
188718,0,408,0,1
188719,0,497,0,1
188720,0,497,0,1
188721,0,501,0,1
188722,0,495,0,1
188723,0,487,0,1
188724,0,495,0,1
188725,0,499,0,1
188726,0,494,0,1
188727,0,499,0,1
188728,0,493,0,1
188729,0,495,0,1
188730,0,497,0,1
188731,0,498,0,1
188732,0,496,0,1
188733,0,499,0,1
188734,0,496,0,1
188735,0,319,0,1
188798,0,87,0,1
188799,0,4,0,1
188827,0,0,0,1
188828,0,502,0,1
188829,0,502,0,1
188830,0,490,0,1
188831,0,496,0,1
188832,0,492,0,1
188833,0,488,2,1
188834,0,494,0,1
188835,0,493,0,1
188836,0,495,0,1
188837,0,501,0,1
188838,0,497,0,1
188839,0,499,0,1
188840,0,499,0,1
188841,0,497,0,1
188842,0,500,0,1
188843,0,494,0,1
188844,0,499,0,1
188845,0,346,0,1
189017,0,339,0,1
189018,0,498,0,1
189019,0,492,0,1
189020,0,500,0,1
189021,0,497,0,1
189022,0,495,0,1
189023,0,180,0,1
189131,0,245,0,1
189132,0,495,0,1
189133,0,498,0,1
189134,0,502,0,1
189135,0,491,0,1
189136,0,499,0,1
189137,0,188,0,1
189145,0,86,0,1
189228,0,85,0,1
189391,0,33,0,1
18942,0,163,0,1
18943,0,492,0,1
18944,0,485,0,1
189443,0,103,0,1
189444,0,495,0,1
189445,0,366,0,1
18945,0,492,0,1
18946,0,493,0,1
18947,0,498,0,1
18948,0,326,0,1
189794,0,103,0,1
189878,0,57,0,1
189879,0,506,0,1
189880,0,502,0,1
189881,0,504,0,1
189882,0,507,0,1
189883,0,503,0,1
189884,0,504,0,1
189885,0,499,0,1
189886,0,505,0,1
189887,0,506,0,1
189888,0,503,0,1
189889,0,499,0,1
189890,0,501,0,1
189891,0,505,0,1
189892,0,500,0,1
189893,0,505,0,1
189894,0,500,0,1
189895,0,505,0,1
189896,0,506,0,1
189897,0,503,0,1
189898,0,499,0,1
189899,0,503,0,1
189900,0,504,0,1
189901,0,500,0,1
189902,0,505,0,1
189903,0,506,0,1
189904,0,500,0,1
189905,0,504,1,1
189906,0,505,0,1
189907,0,504,0,1
189908,0,501,0,1
189909,0,499,0,1
189910,0,504,0,1
189911,0,501,0,1
189912,0,507,0,1
189913,0,501,1,1
189914,0,503,0,1
189915,0,505,0,1
189916,0,505,0,1
189917,0,508,0,1
189918,0,506,0,1
189919,0,503,0,1
189920,0,505,0,1
189921,0,502,0,1
189922,0,503,0,1
189923,0,505,0,1
189924,0,501,0,1
189925,0,502,0,1
189926,0,503,0,1
189927,0,505,0,1
189928,0,408,0,1
189943,0,50,0,1
189944,0,45,0,1
189953,0,407,0,1
189954,0,490,0,1
189955,0,501,0,1
189956,0,498,0,1
189957,0,496,0,1
189958,0,493,0,1
189959,0,495,0,1
189960,0,494,0,1
189961,0,500,0,1
189962,0,493,0,1
189963,0,495,0,1
189964,0,499,0,1
189965,0,498,0,1
189966,0,501,0,1
189967,0,495,0,1
189968,0,499,0,1
189969,0,498,0,1
189970,0,368,0,1
190550,0,30,0,1
190551,0,0,0,1
190567,0,115,0,1
190568,0,496,0,1
190569,0,495,0,1
190570,0,499,0,1
190571,0,500,0,1
190572,0,497,0,1
190573,0,494,0,1
190574,0,498,0,1
190575,0,495,0,1
190576,0,498,0,1
190577,0,497,0,1
190578,0,494,0,1
190579,0,499,0,1
190580,0,496,0,1
190581,0,492,0,1
190582,0,500,0,1
190583,0,499,0,1
190584,0,494,0,1
190585,0,77,0,1
190697,0,104,0,1
190724,0,0,0,1
190725,0,503,0,1
190726,0,488,0,1
19073,0,160,0,1
19074,0,493,0,1
19075,0,500,0,1
19076,0,494,0,1
19077,0,493,0,1
19078,0,498,0,1
19079,0,327,0,1
190846,0,143,0,1
190847,0,502,0,1
190848,0,494,0,1
190849,0,502,0,1
190850,0,497,0,1
190851,0,497,0,1
190852,0,500,0,1
190853,0,502,0,1
190854,0,502,0,1
190855,0,503,0,1
190856,0,498,0,1
190857,0,496,0,1
190858,0,492,0,1
190859,0,503,0,1
190860,0,501,0,1
190861,0,497,0,1
190862,0,500,0,1
190863,0,501,0,1
190864,0,499,0,1
190865,0,495,0,1
190866,0,499,0,1
190867,0,503,0,1
190868,0,496,0,1
190869,0,501,0,1
190870,0,498,0,1
190871,0,494,0,1
190872,0,501,0,1
190873,0,500,0,1
190874,0,498,0,1
190875,0,499,0,1
190876,0,502,0,1
190877,0,500,0,1
190878,0,497,0,1
190879,0,499,0,1
190880,0,500,0,1
190881,0,499,1,1
190882,0,499,0,1
190883,0,491,0,1
190884,0,499,0,1
190885,0,497,0,1
190886,0,495,0,1
190887,0,501,0,1
190888,0,503,0,1
190889,0,501,0,1
190890,0,503,0,1
190891,0,497,0,1
190892,0,499,0,1
190893,0,502,0,1
190894,0,499,0,1
190895,0,503,0,1
190896,0,225,0,1
190964,0,387,0,1
190965,0,502,0,1
190966,0,500,0,1
190967,0,498,0,1
190968,0,498,0,1
190969,0,503,0,1
190970,0,498,0,1
190971,0,499,0,1
190972,0,503,0,1
190973,0,497,0,1
190974,0,503,0,1
190975,0,503,0,1
190976,0,499,0,1
190977,0,501,0,1
190978,0,492,0,1
190979,0,499,0,1
190980,0,501,0,1
190981,0,495,0,1
190994,0,441,0,1
190995,0,497,0,1
190996,0,500,0,1
190997,0,494,0,1
190998,0,500,0,1
190999,0,497,0,1
191000,0,502,0,1
191001,0,494,0,1
191002,0,500,0,1
191003,0,497,0,1
191004,0,493,0,1
191005,0,496,0,1
191006,0,497,0,1
191007,0,499,0,1
191008,0,500,0,1
191009,0,496,0,1
191010,0,496,1,1
191011,0,369,0,1
191020,0,442,0,1
191021,0,482,0,1
191022,0,6,0,1
19105,0,301,0,1
19106,0,508,0,1
19107,0,507,0,1
19108,0,506,0,1
191082,0,233,0,1
191083,0,53,0,1
19109,0,506,0,1
19110,0,503,0,1
19111,0,500,0,1
191114,0,5,0,1
19112,0,505,0,1
19113,0,501,0,1
19114,0,503,0,1
19115,0,500,0,1
19116,0,499,0,1
19117,0,502,0,1
19118,0,502,0,1
19119,0,504,0,1
19120,0,505,0,1
19121,0,501,0,1
191212,0,73,0,1
191213,0,491,0,1
191214,0,390,0,1
19122,0,430,0,1
191276,0,485,0,1
191277,0,418,0,1
191309,0,173,0,1
191310,0,497,0,1
191311,0,493,0,1
191312,0,495,0,1
191313,0,493,1,1
191314,0,496,0,1
191315,0,293,0,1
191337,0,73,0,1
191338,0,495,0,1
191339,0,495,0,1
191340,0,496,0,1
191341,0,495,0,1
191342,0,497,0,1
191343,0,381,0,1
191412,0,115,0,1
191413,0,496,0,1
191414,0,347,0,1
191442,0,18,0,1
191443,0,504,0,1
191444,0,504,0,1
191445,0,507,0,1
191446,0,502,0,1
191447,0,506,0,1
191448,0,503,0,1
191449,0,505,0,1
191450,0,498,0,1
191451,0,503,0,1
191452,0,500,0,1
191453,0,503,0,1
191454,0,503,0,1
191455,0,501,0,1
191456,0,504,0,1
191457,0,495,5,1
191458,0,505,0,1
191459,0,505,0,1
191460,0,503,0,1
191461,0,505,0,1
191462,0,507,0,1
191463,0,504,0,1
191464,0,505,0,1
191465,0,504,0,1
191466,0,502,0,1
191467,0,505,0,1
191468,0,504,0,1
191469,0,503,0,1
191470,0,504,0,1
191471,0,505,0,1
191472,0,506,0,1
191473,0,482,17,1
191474,0,506,0,1
191475,0,504,0,1
191476,0,502,0,1
191477,0,503,0,1
191478,0,505,0,1
191479,0,503,0,1
191480,0,505,0,1
191481,0,506,0,1
191482,0,506,0,1
191483,0,503,0,1
191484,0,509,0,1
191485,0,509,0,1
191486,0,499,0,1
191487,0,502,0,1
191488,0,506,0,1
191489,0,485,17,1
191490,0,510,0,1
191491,0,505,0,1
191492,0,486,0,1
19154,0,413,0,1
19155,0,506,0,1
19156,0,503,0,1
19157,0,504,0,1
19158,0,500,0,1
19159,0,506,0,1
19160,0,504,0,1
19161,0,508,0,1
19162,0,506,0,1
19163,0,505,0,1
19164,0,506,0,1
19165,0,502,0,1
19166,0,497,0,1
19167,0,508,0,1
19168,0,504,0,1
19169,0,506,0,1
19170,0,501,0,1
19171,0,509,0,1
19172,0,503,0,1
19173,0,507,0,1
19174,0,502,0,1
19175,0,505,0,1
19176,0,500,0,1
19177,0,506,0,1
19178,0,507,0,1
19179,0,504,0,1
19180,0,507,0,1
19181,0,503,0,1
19182,0,505,0,1
19183,0,507,0,1
19184,0,506,0,1
19185,0,505,0,1
19186,0,508,0,1
19187,0,505,0,1
19188,0,505,0,1
19189,0,504,0,1
19190,0,503,0,1
191903,0,130,0,1
191904,0,505,0,1
191905,0,495,0,1
191906,0,492,0,1
191907,0,499,0,1
191908,0,498,0,1
191909,0,499,0,1
19191,0,507,0,1
191910,0,501,0,1
191911,0,492,0,1
191912,0,500,0,1
191913,0,496,0,1
191914,0,502,0,1
191915,0,498,0,1
191916,0,500,0,1
191917,0,500,0,1
191918,0,503,0,1
191919,0,501,0,1
19192,0,509,0,1
191920,0,499,0,1
191921,0,248,0,1
19193,0,507,0,1
19194,0,507,0,1
19195,0,507,0,1
19196,0,509,0,1
191968,0,250,0,1
191969,0,63,0,1
19197,0,505,0,1
19198,0,504,0,1
19199,0,505,0,1
191993,0,102,0,1
19200,0,508,0,1
19201,0,508,0,1
19202,0,509,0,1
19203,0,509,0,1
19204,0,175,0,1
19212,0,338,0,1
19213,0,492,0,1
19214,0,497,0,1
19215,0,488,0,1
19216,0,494,0,1
19217,0,499,0,1
19218,0,160,0,1
192279,0,306,0,1
19230,0,382,0,1
19231,0,494,0,1
19232,0,491,1,1
19233,0,501,1,1
19234,0,493,0,1
19235,0,497,0,1
19236,0,496,0,1
19237,0,494,0,1
19238,0,493,0,1
19239,0,494,0,1
19240,0,494,0,1
19241,0,490,0,1
19242,0,495,0,1
19243,0,492,0,1
19244,0,493,0,1
19245,0,495,0,1
19246,0,501,0,1
19247,0,446,0,1
19344,0,421,0,1
19345,0,475,0,1
1945,0,1,0,1
19465,0,422,0,1
19466,0,490,0,1
19467,0,85,0,1
19510,0,6,0,1
19520,0,342,0,1
19521,0,502,0,1
19522,0,501,0,1
19523,0,501,0,1
19524,0,503,0,1
19525,0,493,0,1
19526,0,133,0,1
19546,0,275,0,1
19547,0,500,0,1
19548,0,499,0,1
19549,0,501,0,1
19550,0,504,0,1
19551,0,501,0,1
19552,0,114,0,1
19661,0,31,0,1
19662,0,497,0,1
19663,0,422,0,1
19735,0,241,0,1
19736,0,45,0,1
19933,0,33,0,1
19934,0,484,0,1
19935,0,495,0,1
19936,0,496,0,1
19937,0,490,0,1
19938,0,495,0,1
19939,0,403,0,1
20042,0,143,0,1
20043,0,137,0,1
20072,0,291,0,1
20073,0,493,0,1
20074,0,165,0,1
20142,0,6,0,1
20260,0,162,0,1
20261,0,492,0,1
20262,0,327,0,1
20263,0,226,0,1
20264,0,487,0,1
20265,0,205,0,1
20295,0,407,0,1
20296,0,492,0,1
20297,0,498,0,1
20298,0,495,0,1
20299,0,496,0,1
20300,0,475,0,1
20377,0,90,0,1
2040,0,377,0,1
2041,0,489,0,1
20416,0,49,0,1
20417,0,256,0,1
2042,0,495,0,1
2043,0,495,0,1
2044,0,490,0,1
2045,0,487,0,1
2046,0,79,0,1
2047,0,258,0,1
2048,0,497,0,1
2049,0,216,1,1
20540,0,150,0,1
20541,0,491,0,1
20542,0,251,0,1
206,0,308,0,1
20639,0,277,0,1
20640,0,494,0,1
20641,0,222,0,1
207,0,490,0,1
20711,0,274,0,1
20712,0,492,0,1
20713,0,488,0,1
20714,0,487,0,1
20715,0,487,0,1
20716,0,495,0,1
20717,0,226,0,1
20790,0,396,0,1
20791,0,503,0,1
20792,0,49,0,1
208,0,143,0,1
20824,0,257,0,1
20825,0,499,0,1
20826,0,162,0,1
20933,0,387,0,1
20934,0,491,0,1
20935,0,496,0,1
20936,0,493,0,1
20937,0,496,0,1
20938,0,499,0,1
20939,0,495,0,1
20940,0,494,0,1
20941,0,493,0,1
20942,0,496,0,1
20943,0,498,0,1
20944,0,496,0,1
20945,0,499,0,1
20946,0,496,0,1
20947,0,492,0,1
20948,0,495,0,1
20949,0,496,0,1
20950,0,440,0,1
21005,0,4,0,1
21068,0,386,0,1
21069,0,494,0,1
21070,0,491,0,1
21071,0,498,0,1
21072,0,488,0,1
21073,0,496,0,1
21074,0,83,0,1
2118,0,46,0,1
2119,0,33,0,1
21212,0,404,0,1
21213,0,495,0,1
21214,0,495,0,1
21215,0,490,0,1
21216,0,488,0,1
21217,0,499,0,1
21218,0,48,0,1
21352,0,132,0,1
21353,0,490,0,1
21354,0,327,0,1
21388,0,29,0,1
21718,0,234,0,1
21719,0,67,0,1
21721,0,280,0,1
21722,0,499,0,1
21723,0,499,0,1
21724,0,499,0,1
21725,0,501,0,1
21726,0,499,0,1
21727,0,502,0,1
21728,0,500,0,1
21729,0,492,4,1
21730,0,499,0,1
21731,0,500,0,1
21732,0,499,0,1
21733,0,503,0,1
21734,0,507,0,1
21735,0,506,0,1
21736,0,502,0,1
21737,0,497,0,1
21738,0,498,0,1
21739,0,118,0,1
21743,0,91,0,1
21758,0,467,0,1
21759,0,497,0,1
21760,0,501,0,1
21761,0,477,10,1
21762,0,496,0,1
21763,0,502,0,1
21764,0,503,0,1
21765,0,502,0,1
21766,0,503,0,1
21767,0,501,0,1
21768,0,497,0,1
21769,0,500,0,1
21770,0,502,0,1
21771,0,499,0,1
21772,0,498,0,1
21773,0,501,0,1
21774,0,499,0,1
21775,0,406,0,1
21823,0,109,0,1
21824,0,188,0,1
21842,0,209,0,1
21843,0,94,0,1
21852,0,485,0,1
21853,0,497,0,1
21854,0,501,0,1
21855,0,499,0,1
21856,0,499,0,1
21857,0,484,2,1
2191,0,77,0,1
2192,0,489,0,1
2193,0,385,3,1
22015,0,492,0,1
22016,0,461,0,1
22047,0,92,0,1
22048,0,9,0,1
22056,0,99,0,1
22057,0,196,0,1
22062,0,478,0,1
22063,0,499,0,1
22064,0,495,0,1
22065,0,498,0,1
22066,0,494,0,1
22067,0,500,0,1
22068,0,498,0,1
22069,0,502,0,1
22070,0,497,0,1
22071,0,502,0,1
22072,0,501,0,1
22073,0,498,0,1
22074,0,500,0,1
22075,0,495,0,1
22076,0,503,0,1
22077,0,499,0,1
22078,0,504,0,1
22079,0,501,0,1
22080,0,501,0,1
22081,0,497,1,1
22082,0,499,0,1
22083,0,496,0,1
22084,0,503,0,1
22085,0,500,0,1
22086,0,501,0,1
22087,0,494,0,1
22088,0,501,0,1
22089,0,500,0,1
22090,0,496,0,1
22091,0,499,0,1
22092,0,496,0,1
22093,0,500,0,1
22094,0,499,0,1
22095,0,501,0,1
22096,0,494,0,1
22097,0,499,1,1
22098,0,501,0,1
22099,0,505,0,1
22100,0,498,0,1
22101,0,502,0,1
22102,0,498,0,1
22103,0,494,0,1
22104,0,501,0,1
22105,0,501,0,1
22106,0,500,0,1
22107,0,502,0,1
22108,0,501,0,1
22109,0,498,0,1
22110,0,500,0,1
22111,0,380,0,1
22129,0,33,0,1
22175,0,11,0,1
22176,0,499,0,1
22177,0,377,0,1
22298,0,34,0,1
22311,0,311,0,1
22312,0,506,0,1
22313,0,501,0,1
22314,0,494,0,1
22315,0,498,0,1
22316,0,492,0,1
22317,0,151,0,1
22416,0,462,0,1
22417,0,495,0,1
22418,0,3,0,1
22448,0,97,0,1
22460,0,16,0,2
22461,0,78,0,1
22490,0,301,0,1
22491,0,0,0,1
22500,0,285,0,1
22508,0,90,0,1
22528,0,388,0,1
22529,0,497,2,1
22530,0,497,0,1
22531,0,494,0,1
22532,0,496,0,1
22533,0,504,0,1
22534,0,10,0,1
22580,0,245,0,1
22581,0,499,0,1
22582,0,489,0,1
22583,0,499,0,1
22584,0,496,0,1
22585,0,497,0,1
22586,0,496,0,1
22587,0,497,0,1
22588,0,500,0,1
22589,0,501,0,1
22590,0,493,0,1
22591,0,507,0,1
22592,0,497,0,1
22593,0,498,0,1
22594,0,499,0,1
22595,0,500,0,1
22596,0,496,0,1
22597,0,494,0,1
22598,0,27,0,1
22600,0,92,0,1
22621,0,218,0,1
22622,0,491,0,1
22623,0,487,0,1
22624,0,489,0,1
22625,0,496,0,1
22626,0,492,0,1
22627,0,419,0,1
22628,0,490,0,1
22629,0,312,0,1
22643,0,0,0,1
22708,0,25,0,1
22728,0,67,0,1
22729,0,499,0,1
22730,0,502,0,1
22731,0,497,0,1
22732,0,504,0,1
22733,0,505,0,1
22734,0,499,0,1
22735,0,499,0,1
22736,0,495,0,1
22737,0,496,0,1
22738,0,498,0,1
22739,0,500,0,1
22740,0,499,0,1
22741,0,495,0,1
22742,0,501,0,1
22743,0,496,0,1
22744,0,501,0,1
22745,0,498,0,1
22746,0,399,0,2
22747,0,240,0,1
22795,0,307,0,1
22992,0,348,0,1
22993,0,483,1,1
22994,0,496,0,1
22995,0,492,0,1
22996,0,492,0,1
22997,0,493,0,1
22998,0,37,0,1
22999,0,98,0,1
23008,0,305,0,1
23033,0,149,0,1
23034,0,496,0,1
23035,0,497,0,1
23036,0,491,0,1
23037,0,495,0,1
23038,0,491,0,1
23039,0,255,0,1
23084,0,441,0,1
23085,0,496,0,1
23086,0,36,0,1
23087,0,434,0,1
23088,0,485,0,1
23089,0,1,0,1
23135,0,406,0,1
23136,0,483,0,1
23137,0,491,0,1
23138,0,492,0,1
23139,0,497,0,1
23140,0,488,0,1
23141,0,56,0,1
23147931170,553,0,0,0
23147931172,562156,0,0,0
23147931175,4545,0,0,0
2315,0,24,0,1
2316,0,496,0,1
2317,0,445,0,1
2319,0,104,0,1
23260,0,211,0,1
23261,0,502,0,1
23262,0,222,0,1
23355,0,42,0,1
23356,0,500,0,1
23357,0,506,0,1
23358,0,501,0,1
23359,0,496,0,1
23360,0,500,0,1
23361,0,501,0,1
23362,0,30,0,1
23374,0,148,0,1
23375,0,153,0,1
23381,0,53,0,1
23382,0,489,0,1
23383,0,329,0,1
23443,0,224,0,1
23444,0,97,0,1
23452,0,25,0,1
2348,0,32,0,1
23515,0,357,0,1
23516,0,487,0,1
23517,0,494,0,1
23518,0,490,0,1
23519,0,493,0,1
23520,0,497,0,1
23521,0,493,0,1
23522,0,496,0,1
23523,0,489,0,1
23524,0,501,0,1
23525,0,493,0,1
23526,0,498,0,1
23527,0,493,0,1
23528,0,497,0,1
23529,0,498,0,1
23530,0,498,0,1
23531,0,494,0,1
23532,0,343,0,1
23535,0,98,0,1
23568,0,105,0,1
23569,0,166,1,1
2362,0,93,0,1
23632,0,26,0,1
23665,0,385,0,1
23666,0,492,0,1
23667,0,500,0,1
23668,0,498,0,1
23669,0,501,0,1
23670,0,492,0,1
23671,0,54,0,1
2373,0,23,0,1
23799,0,452,0,1
23800,0,488,0,1
23801,0,26,0,1
23855,0,63,0,1
23856,0,497,0,1
23857,0,407,2,1
23963,0,274,0,1
23988,0,0,0,1
23989,0,155,0,1
23990,0,165,0,1
24067,0,267,0,1
24068,0,22,0,1
24134,0,18,0,1
24135,0,87,0,1
24344,0,82,0,1
24348,0,11,0,1
24349,0,501,0,1
24350,0,438,0,1
24380,0,237,0,1
24381,0,73,0,1
24412,0,6,0,1
24462,0,29,0,1
24542,0,11,0,1
24563,0,21,0,1
2466,0,137,0,1
2467,0,496,0,1
2468,0,491,0,1
2469,0,493,0,1
2470,0,491,0,1
2471,0,494,0,1
2472,0,262,0,1
24792,0,340,0,0
24793,0,494,0,1
24794,0,492,0,1
24795,0,497,0,1
24796,0,499,0,1
24797,0,487,0,1
24798,0,488,0,1
24799,0,488,0,1
24800,0,481,0,1
24801,0,486,7,1
24802,0,480,0,1
24803,0,493,0,1
24804,0,489,0,1
24805,0,492,0,1
24806,0,492,0,1
24807,0,501,0,1
24808,0,496,0,1
24809,0,503,0,1
24810,0,502,0,1
24811,0,508,0,1
24812,0,498,0,1
24813,0,500,0,1
24814,0,498,0,1
24815,0,503,0,1
24816,0,496,0,1
24817,0,496,9,1
24818,0,503,0,1
24819,0,505,0,1
24820,0,502,0,1
24821,0,504,0,1
24822,0,497,0,1
24823,0,500,0,1
24824,0,502,0,1
24825,0,504,0,1
24826,0,503,0,1
24827,0,497,0,1
24828,0,502,0,1
24829,0,497,0,1
24830,0,503,0,1
24831,0,502,0,1
24832,0,499,0,1
24833,0,480,17,1
24834,0,503,0,1
24835,0,507,0,1
24836,0,508,0,1
24837,0,507,0,1
24838,0,506,0,1
24839,0,507,0,1
24840,0,509,0,1
24841,0,507,0,1
24842,0,510,0,1
24843,0,506,0,1
24844,0,509,0,1
24845,0,505,0,1
24846,0,506,0,1
24847,0,507,0,1
24848,0,507,0,1
24849,0,485,15,1
24850,0,508,0,1
24851,0,505,0,1
24852,0,508,0,1
24853,0,504,0,1
24854,0,508,0,1
24855,0,509,0,1
24856,0,502,0,1
24857,0,506,0,1
24858,0,503,0,1
24859,0,507,0,1
24860,0,506,0,1
24861,0,508,0,1
24862,0,504,0,1
24863,0,503,0,1
24864,0,506,0,1
24865,0,489,12,1
24866,0,508,0,1
24867,0,508,0,1
24868,0,507,0,1
24869,0,505,0,1
24870,0,507,0,1
24871,0,508,0,1
24872,0,507,0,1
24873,0,508,0,1
24874,0,507,0,1
24875,0,506,0,1
24876,0,506,0,1
24877,0,507,0,1
24878,0,505,0,1
24879,0,507,0,1
24880,0,506,0,1
24881,0,499,6,1
24882,0,285,0,1
24885,0,358,0,1
24886,0,495,0,1
24887,0,126,0,1
2491,0,29,0,1
24992,0,221,0,1
24993,0,499,0,1
24994,0,500,0,1
24995,0,506,0,1
24996,0,494,0,1
24997,0,503,0,1
24998,0,506,0,1
24999,0,495,0,1
25000,0,503,0,1
25001,0,504,0,1
25002,0,501,0,1
25003,0,503,0,1
25004,0,504,0,1
25005,0,501,0,1
25006,0,500,0,1
25007,0,501,0,1
25008,0,504,0,1
25009,0,506,0,1
25010,0,190,0,1
25147,0,157,0,1
25148,0,491,0,1
25149,0,497,0,1
25150,0,502,0,1
25151,0,495,0,1
25152,0,497,0,1
25153,0,295,0,1
25156,0,97,0,1
25157,0,497,0,1
25158,0,499,0,1
25159,0,492,0,1
25160,0,493,0,1
25161,0,495,0,1
25162,0,497,0,1
25163,0,493,0,1
25164,0,490,0,1
25165,0,500,0,1
25166,0,494,0,1
25167,0,496,0,1
25168,0,498,0,1
25169,0,495,0,1
25170,0,493,0,1
25171,0,495,0,1
25172,0,494,0,1
25173,0,491,0,1
25174,0,231,0,1
25194,0,294,0,1
25195,0,22,0,1
252,0,353,0,1
25290,0,90,0,1
253,0,489,0,1
25301,0,108,0,1
25302,0,165,0,1
2536,0,23,0,1
254,0,83,0,1
25417,0,285,0,1
25418,0,483,0,1
25419,0,196,0,1
2546,0,27,0,1
25575,0,183,0,1
25576,0,495,0,1
25577,0,495,0,1
25578,0,500,0,1
25579,0,495,0,1
25580,0,497,0,1
25581,0,497,0,1
25582,0,496,0,1
25583,0,497,0,1
25584,0,498,0,1
25585,0,492,0,1
25586,0,501,0,1
25587,0,501,0,1
25588,0,498,0,1
25589,0,493,0,1
25590,0,498,0,1
25591,0,499,0,1
25592,0,494,0,1
25593,0,153,0,1
25700,0,102,0,1
25701,0,490,0,1
25702,0,500,0,1
25703,0,497,0,1
25704,0,504,0,1
25705,0,494,0,1
25706,0,497,0,1
25707,0,502,0,1
25708,0,500,0,1
25709,0,499,0,1
25710,0,497,0,1
25711,0,497,0,1
25712,0,498,0,1
25713,0,501,0,1
25714,0,497,0,1
25715,0,498,0,1
25716,0,498,0,1
25717,0,499,0,1
25718,0,112,0,1
2572,0,232,0,1
2573,0,496,0,1
2574,0,148,0,1
25776,0,71,0,1
25777,0,487,5,1
25778,0,358,0,1
25979,0,304,0,1
2598,0,33,0,1
25998,0,224,0,1
25999,0,501,0,1
26000,0,495,0,1
26001,0,496,0,1
26002,0,500,0,1
26003,0,497,0,1
26004,0,495,0,1
26005,0,499,0,1
26006,0,496,0,1
26007,0,494,0,1
26008,0,494,0,1
26009,0,495,0,1
26010,0,495,0,1
26011,0,495,0,1
26012,0,491,0,1
26013,0,495,0,1
26014,0,496,0,1
26015,0,495,0,1
26016,0,37,0,1
26101,0,152,0,1
26102,0,159,0,1
26103,0,303,0,1
26167,0,158,0,1
26168,0,497,0,1
26169,0,500,0,1
26170,0,501,0,1
26171,0,499,0,1
26172,0,504,0,1
26173,0,499,0,1
26174,0,495,0,1
26175,0,499,0,1
26176,0,498,0,1
26177,0,502,0,1
26178,0,502,0,1
26179,0,503,0,1
26180,0,498,0,1
26181,0,501,0,1
26182,0,501,0,1
26183,0,506,0,1
26184,0,497,0,1
26185,0,494,0,1
26186,0,495,0,1
26187,0,507,0,1
26188,0,496,0,1
26189,0,501,0,1
26190,0,499,0,1
26191,0,501,0,1
26192,0,499,0,1
26193,0,498,1,1
26194,0,501,0,1
26195,0,506,0,1
26196,0,500,0,1
26197,0,497,0,1
26198,0,496,0,1
26199,0,505,0,1
26200,0,495,0,1
26201,0,498,0,1
26202,0,499,0,1
26203,0,499,0,1
26204,0,496,0,1
26205,0,502,0,1
26206,0,503,0,1
26207,0,500,0,1
26208,0,502,0,1
26209,0,500,0,1
26210,0,505,0,1
26211,0,507,0,1
26212,0,498,0,1
26213,0,495,0,1
26214,0,500,0,1
26215,0,499,0,1
26216,0,501,0,1
26217,0,403,0,1
2622,0,72,0,1
2623,0,211,0,1
26396,0,310,0,2
26397,0,504,0,1
26398,0,503,0,1
26399,0,502,0,1
26400,0,495,0,1
26401,0,498,1,1
26402,0,505,0,1
26403,0,500,0,1
26404,0,498,0,1
26405,0,503,0,1
26406,0,502,0,1
26407,0,501,0,1
26408,0,500,0,1
26409,0,508,0,1
26410,0,505,0,1
26411,0,497,0,1
26412,0,504,0,1
26413,0,501,0,1
26414,0,202,0,1
26417,0,316,0,1
26418,0,500,0,1
26419,0,499,0,1
26420,0,500,0,1
26421,0,500,0,1
26422,0,501,0,1
26423,0,498,0,1
26424,0,494,0,1
26425,0,500,0,1
26426,0,496,0,1
26427,0,490,0,1
26428,0,504,0,1
26429,0,502,0,1
26430,0,498,0,1
26431,0,495,0,1
26432,0,497,0,1
26433,0,498,0,1
26434,0,500,0,1
26435,0,12,0,1
26565,0,313,0,1
26566,0,195,0,1
26613,0,405,0,1
26614,0,498,0,1
26615,0,496,0,1
26616,0,500,0,1
26617,0,504,0,1
26618,0,506,0,1
26619,0,501,0,1
26620,0,503,0,1
26621,0,502,0,1
26622,0,505,0,1
26623,0,499,0,1
26624,0,505,0,1
26625,0,503,0,1
26626,0,506,0,1
26627,0,498,0,1
26628,0,499,0,1
26629,0,504,0,1
26630,0,504,0,1
26631,0,13,0,1
26683,0,309,0,1
26684,0,487,0,1
26685,0,111,0,1
26795,0,212,0,1
26796,0,125,0,1
26893,0,54,0,1
26894,0,495,0,1
26895,0,496,0,1
26896,0,498,0,1
26897,0,489,0,1
26898,0,490,0,1
26899,0,364,0,1
26903,0,100,0,1
2692,0,353,0,1
26921,0,306,0,1
26955,0,331,0,1
26956,0,491,0,1
26957,0,488,0,1
26958,0,494,0,1
26959,0,485,0,1
26960,0,492,0,1
26961,0,110,0,1
26976,0,33,0,1
27134,0,85,0,1
27186,0,97,0,1
27239,0,5,0,1
27240,0,494,0,1
27241,0,441,0,1
27363,0,280,0,1
27364,0,498,0,1
27365,0,497,0,1
27366,0,503,0,1
27367,0,501,0,1
27368,0,497,0,1
27369,0,498,0,1
27370,0,502,0,1
27371,0,501,0,1
27372,0,497,0,1
27373,0,498,0,1
27374,0,497,0,1
27375,0,488,0,1
27376,0,498,0,1
27377,0,499,0,1
27378,0,504,0,1
27379,0,494,0,1
27380,0,471,0,1
2754,0,436,0,1
2755,0,495,0,1
2756,0,26,0,1
27575,0,191,0,1
27576,0,503,0,1
27577,0,297,0,1
27595,0,175,0,1
27596,0,113,0,1
27640,0,84,0,1
27658,0,154,0,1
27659,0,173,0,1
27663,0,388,0,1
27664,0,494,0,1
27665,0,501,0,1
27666,0,497,0,1
27667,0,498,0,1
27668,0,489,0,1
27669,0,494,0,1
27670,0,500,0,1
27671,0,494,0,1
27672,0,492,0,1
27673,0,501,0,1
27674,0,494,0,1
27675,0,497,0,1
27676,0,497,0,1
27677,0,497,0,1
27678,0,496,0,1
27679,0,499,0,1
27680,0,494,0,1
27681,0,500,0,1
27682,0,502,0,1
27683,0,496,0,1
27684,0,498,0,1
27685,0,493,0,1
27686,0,500,0,1
27687,0,495,0,1
27688,0,499,0,1
27689,0,491,0,1
27690,0,499,0,1
27691,0,498,0,1
27692,0,495,0,1
27693,0,495,0,1
27694,0,498,0,1
27695,0,503,0,1
27696,0,502,0,1
27697,0,499,0,1
27698,0,501,0,1
27699,0,500,0,1
27700,0,499,0,1
27701,0,498,0,1
27702,0,501,0,1
27703,0,497,0,1
27704,0,500,0,1
27705,0,497,0,1
27706,0,504,0,1
27707,0,500,0,1
27708,0,502,0,1
27709,0,502,0,1
27710,0,500,0,1
27711,0,505,0,1
27712,0,500,0,1
27713,0,197,0,1
27715,0,172,0,1
27716,0,511,0,1
27717,0,505,0,1
27718,0,503,0,1
27719,0,504,0,1
27720,0,508,0,1
27721,0,508,0,1
27722,0,508,0,1
27723,0,507,0,1
27724,0,505,0,1
27725,0,508,0,1
27726,0,507,1,1
27727,0,506,0,1
27728,0,506,0,1
27729,0,508,0,1
27730,0,496,1,1
27731,0,503,0,1
27732,0,505,0,1
27733,0,244,0,1
27763,0,150,0,1
27764,0,173,0,1
27792,0,66,0,1
27793,0,248,0,1
27879,0,302,0,1
27880,0,497,0,1
27881,0,221,0,1
27963,0,0,0,1
28106,0,105,0,1
28107,0,0,0,1
28141,0,409,0,1
28142,0,493,0,1
28143,0,500,0,1
28144,0,495,0,1
28145,0,496,0,1
28146,0,502,0,1
28147,0,80,0,1
28175,0,307,0,1
28183,0,100,0,1
28203,0,285,0,1
28204,0,496,0,1
28205,0,170,0,1
28220,0,6,0,1
28232,0,290,0,1
28233,0,0,0,1
28433,0,36,0,1
28737,0,493,1,1
28738,0,502,0,1
28739,0,502,0,1
28740,0,501,0,1
28741,0,504,0,1
28742,0,500,0,1
28743,0,503,0,1
28744,0,498,0,1
28745,0,502,0,1
28746,0,497,0,1
28747,0,502,0,1
28748,0,502,0,1
28749,0,501,0,1
28750,0,498,0,1
28751,0,500,0,1
28752,0,498,0,1
28753,0,502,2,1
28754,0,381,0,1
288,0,5,0,1
28865,0,402,1,1
28866,0,497,0,1
28867,0,498,0,1
28868,0,501,0,1
28869,0,499,0,1
28870,0,496,0,1
28871,0,492,0,1
28872,0,493,0,1
28873,0,498,0,1
28874,0,500,0,1
28875,0,487,0,1
28876,0,495,0,1
28877,0,496,0,1
28878,0,498,0,1
28879,0,491,0,1
28880,0,498,0,1
28881,0,494,1,1
28882,0,387,0,1
289,0,497,0,1
28947,0,349,0,1
28948,0,492,0,1
28949,0,496,0,1
28950,0,486,0,1
28951,0,496,0,1
28952,0,492,0,1
28953,0,106,0,1
28970,0,300,0,1
28971,0,502,0,1
28972,0,498,0,1
28973,0,497,0,1
28974,0,500,0,1
28975,0,501,0,1
28976,0,501,0,1
28977,0,492,0,1
28978,0,497,0,1
28979,0,505,0,1
28980,0,502,0,1
28981,0,504,0,1
28982,0,497,0,1
28983,0,506,0,1
28984,0,503,0,1
28985,0,504,0,1
28986,0,500,0,1
28987,0,498,0,1
28988,0,4,0,1
290,0,487,0,1
291,0,492,0,1
2910,0,454,0,1
29107,0,329,0,1
29108,0,498,0,1
29109,0,494,0,1
2911,0,492,0,1
29110,0,495,0,1
29111,0,497,0,1
29112,0,490,0,1
29113,0,99,0,1
29118,0,94,0,1
292,0,495,0,1
29245,0,94,0,1
293,0,498,0,1
29301,0,245,0,1
29302,0,495,0,1
29303,0,251,0,1
29311,0,280,0,1
29355,0,100,0,1
29356,0,193,0,1
29372,0,57,0,1
29373,0,495,0,1
29374,0,389,0,1
294,0,493,0,1
295,0,0,0,1
29593,0,385,0,1
29594,0,496,0,1
29595,0,492,0,1
29596,0,497,0,1
29597,0,499,0,1
29598,0,488,0,1
29599,0,499,0,1
29600,0,489,0,1
29601,0,495,0,1
29602,0,498,0,1
29603,0,496,0,1
29604,0,499,0,1
29605,0,496,0,1
29606,0,501,0,1
29607,0,495,0,1
29608,0,497,0,1
29609,0,501,0,1
29610,0,496,0,1
29611,0,498,0,1
29612,0,501,0,1
29613,0,504,0,1
29614,0,503,0,1
29615,0,500,0,1
29616,0,505,0,1
29617,0,498,0,1
29618,0,498,0,1
29619,0,494,0,1
29620,0,497,0,1
29621,0,496,0,1
29622,0,498,0,1
29623,0,499,0,1
29624,0,491,0,1
29625,0,499,0,1
29626,0,495,0,1
29627,0,494,0,1
29628,0,493,0,1
29629,0,501,0,1
29630,0,494,0,1
29631,0,495,0,1
29632,0,497,0,1
29633,0,498,0,1
29634,0,500,0,1
29635,0,505,0,1
29636,0,497,0,1
29637,0,495,0,1
29638,0,497,0,1
29639,0,502,0,1
29640,0,501,0,1
29641,0,498,0,1
29642,0,346,0,1
29663,0,133,0,1
29664,0,502,0,1
29665,0,501,0,1
29666,0,504,0,1
29667,0,502,0,1
29668,0,501,0,1
29669,0,290,0,1
3000,0,8,0,1
30036,0,283,0,1
30037,0,497,0,1
30038,0,498,0,1
30039,0,497,0,1
30040,0,498,0,1
30041,0,500,0,1
30042,0,196,0,1
3005,0,87,0,1
30214,0,362,0,1
30215,0,499,0,1
30216,0,497,0,1
30217,0,504,0,1
30218,0,495,0,1
30219,0,496,0,1
30220,0,499,0,1
30221,0,496,0,1
30222,0,490,0,1
30223,0,498,0,1
30224,0,498,0,1
30225,0,503,0,1
30226,0,495,0,1
30227,0,500,0,1
30228,0,501,0,1
30229,0,493,0,1
30230,0,505,0,1
30231,0,360,0,1
30265,0,221,0,1
30266,0,494,0,1
30267,0,233,0,1
3035,0,313,0,1
30409,0,273,0,1
30431,0,161,0,1
30432,0,500,0,1
30433,0,500,0,1
30434,0,499,0,1
30435,0,501,0,1
30436,0,504,0,1
30437,0,501,0,1
30438,0,499,0,1
30439,0,500,0,1
30440,0,496,0,1
30441,0,498,0,1
30442,0,506,0,1
30443,0,505,0,1
30444,0,503,0,1
30445,0,501,0,1
30446,0,499,0,1
30447,0,495,0,1
30448,0,500,0,1
30449,0,261,0,1
30536,0,325,0,1
30538,0,302,0,1
30539,0,500,0,1
30540,0,500,0,1
30541,0,496,0,1
30542,0,494,0,1
30543,0,494,0,1
30544,0,234,0,1
30632,0,257,0,1
30633,0,501,0,1
30634,0,216,0,1
30637,0,1,0,1
30638,0,28,0,1
30715,0,21,0,1
30862,0,480,0,1
30863,0,469,0,1
30885,0,467,0,1
30886,0,485,0,1
30892,0,96,0,1
30893,0,498,0,1
30894,0,435,0,2
30895,0,497,0,1
30896,0,492,0,1
30897,0,494,1,1
30898,0,494,0,1
30899,0,495,0,1
30900,0,373,0,1
30921,0,29,0,1
30922,0,60,0,1
30931,0,283,0,1
30932,0,497,0,1
30933,0,154,0,1
3095,0,96,0,1
30959,0,438,0,1
30960,0,505,0,1
30961,0,302,1,2
30962,0,34,0,1
30992,0,405,0,1
30993,0,494,0,1
30994,0,492,0,1
30995,0,498,0,1
30996,0,493,0,1
30997,0,495,0,1
30998,0,23,0,1
31023,0,117,0,1
31024,0,495,0,1
31025,0,496,0,1
31026,0,497,0,1
31027,0,498,0,1
31028,0,493,0,1
31029,0,341,0,1
31165,0,26,0,1
312977,0,31091851,256,101
31332,0,497,0,1
31333,0,508,0,1
31334,0,508,0,1
31335,0,506,0,1
31336,0,501,0,1
31337,0,459,0,1
31338,0,468,0,1
31339,0,493,0,1
31482,0,108,0,1
31543,0,238,0,1
31544,0,502,0,1
31545,0,500,0,1
31546,0,500,0,1
31547,0,499,0,1
31548,0,504,0,1
31549,0,502,0,1
31550,0,502,0,1
31551,0,505,0,1
31552,0,500,0,1
31553,0,501,1,1
31554,0,504,0,1
31555,0,500,0,1
31556,0,498,0,1
31557,0,506,0,1
31558,0,504,0,1
31559,0,497,0,1
31560,0,501,0,1
31561,0,501,0,1
31562,0,505,0,1
31563,0,502,0,1
31564,0,499,0,1
31565,0,496,0,1
31566,0,502,0,1
31567,0,506,0,1
31568,0,501,0,1
31569,0,501,0,1
31570,0,502,0,1
31571,0,504,0,1
31572,0,505,0,1
31573,0,503,0,1
31574,0,502,0,1
31575,0,501,0,1
31576,0,504,0,1
31577,0,499,0,1
31578,0,501,0,1
31579,0,503,0,1
31580,0,502,0,1
31581,0,500,0,1
31582,0,501,0,1
31583,0,500,0,1
31584,0,502,0,1
31585,0,502,0,1
31586,0,504,0,1
31587,0,501,0,1
31588,0,506,0,1
31589,0,502,0,1
31590,0,503,0,1
31591,0,506,0,1
31592,0,503,0,1
31593,0,143,0,1
3162,0,189,0,1
3163,0,497,0,1
3164,0,500,0,1
3165,0,492,0,1
3166,0,495,0,1
3167,0,497,0,1
3168,0,498,0,1
3169,0,497,0,1
31695,0,40,0,1
31696,0,504,0,1
31697,0,497,0,1
31698,0,493,0,1
31699,0,493,0,1
3170,0,502,0,1
31700,0,502,0,1
31701,0,499,0,1
31702,0,497,0,1
31703,0,493,0,1
31704,0,498,0,1
31705,0,490,0,1
31706,0,500,0,1
31707,0,493,0,1
31708,0,497,0,1
31709,0,497,0,1
3171,0,498,0,1
31710,0,493,0,1
31711,0,495,0,1
31712,0,490,0,1
31713,0,304,0,1
3172,0,499,0,1
3173,0,500,0,1
3174,0,500,0,1
3175,0,494,0,1
3176,0,497,0,1
31762,0,308,0,1
3177,0,500,0,1
3178,0,500,0,1
3179,0,500,0,1
3180,0,10,0,1
31829,0,51,0,1
31830,0,500,0,1
31831,0,492,0,1
31832,0,501,0,1
31833,0,503,0,1
31834,0,501,0,1
31835,0,495,0,1
3185,0,140,0,1
3186,0,492,0,1
3187,0,270,0,1
31936,0,32,0,1
3200,0,391,0,1
3201,0,503,0,1
3202,0,502,0,1
3203,0,498,0,1
3204,0,500,0,1
32042,0,11,0,1
3205,0,499,0,1
3206,0,503,0,1
3207,0,500,0,1
3208,0,499,0,1
3209,0,503,0,1
3210,0,497,0,1
32104,0,285,0,1
3211,0,502,0,1
3212,0,500,0,1
3213,0,503,0,1
32136,0,44,0,1
32137,0,501,0,1
32138,0,338,0,1
3214,0,497,0,1
3215,0,497,0,1
3216,0,495,0,1
3217,0,501,1,1
3218,0,499,0,1
3219,0,503,0,1
3220,0,502,0,1
3221,0,501,0,1
3222,0,503,0,1
3223,0,500,0,1
32230,0,295,0,1
32231,0,91,0,2
32232,0,199,0,1
3224,0,493,0,1
32244,0,266,0,1
32245,0,44,0,1
3225,0,503,0,1
3226,0,498,0,1
3227,0,498,0,1
3228,0,498,0,1
3229,0,502,0,1
3230,0,498,0,1
32306,0,0,0,1
3231,0,500,0,1
32319,0,103,0,2
3232,0,499,0,1
32320,0,497,0,1
32321,0,500,1,1
32322,0,492,0,1
32323,0,495,0,1
32324,0,502,0,1
32325,0,495,0,1
32326,0,499,0,1
32327,0,496,0,1
32328,0,495,0,1
32329,0,498,0,1
3233,0,497,2,1
32330,0,501,0,1
32331,0,503,0,1
32332,0,503,0,1
32333,0,498,0,1
32334,0,499,0,1
32335,0,499,0,1
32336,0,500,0,1
32337,0,436,2,1
3234,0,496,0,1
3235,0,499,0,1
3236,0,501,0,1
3237,0,497,0,1
3238,0,499,0,1
3239,0,492,0,1
3240,0,501,0,1
3241,0,505,0,1
3242,0,506,0,1
3243,0,502,0,1
3244,0,500,0,1
3245,0,505,0,1
3246,0,499,0,1
3247,0,500,0,1
3248,0,498,0,1
3249,0,483,0,1
32507,0,78,0,1
32508,0,492,0,1
32509,0,493,0,1
32510,0,495,0,1
32511,0,502,0,1
32512,0,500,0,1
32513,0,492,0,1
32514,0,495,0,1
32515,0,503,0,1
32516,0,499,0,1
32517,0,502,0,1
32518,0,499,0,1
32519,0,496,0,1
32520,0,493,0,1
32521,0,496,0,1
32522,0,494,0,1
32523,0,492,0,1
32524,0,491,0,1
32525,0,198,0,1
32557,0,70,0,1
32558,0,19,0,1
32567,0,372,0,1
32568,0,498,0,1
32569,0,493,0,1
32570,0,499,0,1
32571,0,481,0,1
32572,0,494,0,1
32573,0,86,0,1
32729,0,270,0,1
32730,0,495,0,1
32731,0,496,0,1
32732,0,496,0,1
32733,0,496,0,1
32734,0,493,0,1
32735,0,81,0,1
32895,0,28,0,1
32896,0,488,0,1
32897,0,401,0,1
32957,0,61,0,1
32958,0,491,0,1
32959,0,493,0,1
32960,0,495,0,1
32961,0,489,4,1
32962,0,495,0,1
32963,0,404,0,1
32974,0,385,0,1
32975,0,503,0,1
32976,0,497,0,1
32977,0,486,2,1
32978,0,497,0,1
32979,0,493,0,1
32980,0,504,0,1
32981,0,497,0,1
32982,0,500,0,1
32983,0,503,0,1
32984,0,495,0,1
32985,0,499,0,1
32986,0,498,0,1
32987,0,498,0,1
32988,0,503,0,1
32989,0,497,0,1
32990,0,498,0,1
32991,0,499,0,1
32992,0,498,0,1
32993,0,492,4,1
32994,0,492,0,1
32995,0,496,0,1
32996,0,497,0,1
32997,0,500,0,1
32998,0,501,0,1
32999,0,496,0,1
330,0,426,0,1
33000,0,497,0,1
33001,0,497,0,1
33002,0,496,0,1
33003,0,492,0,1
33004,0,498,0,1
33005,0,505,0,1
33006,0,498,0,1
33007,0,503,0,1
33008,0,499,0,1
33009,0,487,6,1
33010,0,501,0,1
33011,0,499,0,1
33012,0,500,0,1
33013,0,496,0,1
33014,0,500,0,1
33015,0,497,0,1
33016,0,498,0,1
33017,0,493,0,1
33018,0,496,0,1
33019,0,494,0,1
33020,0,495,0,1
33021,0,498,0,1
33022,0,500,0,1
33023,0,475,0,1
33039,0,160,0,1
33040,0,501,0,1
33041,0,338,0,2
33089,0,336,0,1
33090,0,505,0,1
33091,0,497,0,1
33092,0,500,0,1
33093,0,499,0,1
33094,0,500,0,1
33095,0,501,0,1
33096,0,500,0,1
33097,0,492,0,1
33098,0,496,0,1
33099,0,499,0,1
331,0,493,0,1
33100,0,499,0,1
33101,0,502,0,1
33102,0,503,0,1
33103,0,501,0,1
33104,0,498,0,1
33105,0,498,0,1
33106,0,502,0,1
33107,0,496,0,1
33108,0,500,0,1
33109,0,496,0,1
33110,0,501,0,1
33111,0,500,0,1
33112,0,497,0,1
33113,0,498,0,1
33114,0,496,0,1
33115,0,501,0,1
33116,0,497,0,1
33117,0,499,0,1
33118,0,499,0,1
33119,0,502,0,1
33120,0,501,0,1
33121,0,495,2,1
33122,0,500,0,1
33123,0,496,0,1
33124,0,497,0,1
33125,0,500,0,1
33126,0,504,0,1
33127,0,497,0,1
33128,0,498,0,1
33129,0,500,0,1
33130,0,495,0,1
33131,0,494,0,1
33132,0,504,0,1
33133,0,496,0,1
33134,0,499,0,1
33135,0,505,0,1
33136,0,501,0,1
33137,0,494,2,1
33138,0,501,0,1
33139,0,311,0,1
33171,0,427,0,1
33172,0,493,0,1
33173,0,48,0,1
33177,0,192,0,1
33178,0,489,0,1
33179,0,496,0,1
33180,0,496,0,1
33181,0,492,0,1
33182,0,496,0,1
33183,0,500,0,1
33184,0,497,0,1
33185,0,498,0,1
33186,0,499,0,1
33187,0,498,0,1
33188,0,504,0,1
33189,0,498,0,1
33190,0,498,0,1
33191,0,495,0,1
33192,0,493,0,1
33193,0,501,0,1
33194,0,456,0,1
332,0,12,0,1
33209,0,98,0,1
33325,0,151,0,1
33326,0,489,0,1
33327,0,280,0,1
3335,0,65,0,1
3336,0,496,0,1
3337,0,393,0,1
33426,0,0,0,1
33452,0,58,0,1
33453,0,221,0,1
33469,0,188,0,1
33470,0,82,0,1
33479,0,76,0,1
33480,0,490,0,1
33481,0,490,0,1
33482,0,498,0,1
33483,0,495,0,1
33484,0,497,0,1
33485,0,347,0,1
33499,0,8,0,1
33529,0,102,0,1
33606,0,51,0,1
33607,0,496,0,1
33608,0,501,0,1
33609,0,499,0,1
33610,0,500,0,1
33611,0,492,0,1
33612,0,497,0,1
33613,0,491,0,1
33614,0,501,0,1
33615,0,502,0,1
33616,0,496,0,1
33617,0,496,0,1
33618,0,493,0,1
33619,0,496,0,1
3362,0,258,0,1
33620,0,496,0,1
33621,0,498,0,1
33622,0,493,0,1
33623,0,501,0,1
33624,0,262,0,1
3363,0,496,0,1
3364,0,205,0,1
33649,0,450,1,1
33650,0,486,0,1
33671,0,41,0,1
33672,0,498,0,1
33673,0,495,0,1
33674,0,497,0,1
33675,0,493,0,1
33676,0,495,0,1
33677,0,441,0,1
33772,0,190,0,1
33773,0,489,0,1
33774,0,500,0,1
33775,0,500,0,1
33776,0,500,0,1
33777,0,493,2,1
33778,0,502,0,1
33779,0,493,0,1
33780,0,498,0,1
33781,0,501,0,1
33782,0,500,0,1
33783,0,501,0,1
33784,0,502,0,1
33785,0,499,0,1
33786,0,501,0,1
33787,0,502,0,1
33788,0,499,0,1
33789,0,499,0,1
33790,0,69,0,1
339,0,316,0,1
33959,0,177,0,1
33960,0,117,0,1
340,0,498,0,1
34072,0,294,0,1
341,0,154,0,1
34126,0,453,0,1
34127,0,500,0,1
34128,0,500,0,1
34129,0,500,0,1
34130,0,501,0,1
34131,0,500,0,1
34132,0,503,0,1
34133,0,502,0,1
34134,0,503,0,1
34135,0,502,0,1
34136,0,502,0,1
34137,0,498,0,1
34138,0,496,0,1
34139,0,500,0,1
34140,0,497,0,1
34141,0,501,0,1
34142,0,499,0,1
34143,0,419,0,1
34152,0,29,0,1
34190,0,0,0,1
34191,0,490,0,1
34192,0,490,0,1
34193,0,495,0,1
34194,0,494,0,1
34195,0,494,0,1
34196,0,495,0,1
34197,0,492,0,1
34198,0,493,0,1
34199,0,491,0,1
34200,0,485,0,1
34201,0,496,0,1
34202,0,493,0,1
34203,0,499,0,1
34204,0,491,0,1
34205,0,498,0,1
34206,0,495,0,1
34207,0,496,0,1
34208,0,277,0,1
34216758963,225,0,0,0
34216758964,1931,0,0,0
34216758965,28089,0,0,0
34216758966,7104,0,0,0
34216758967,8778,0,0,0
34216759068,282,0,0,0
34216759153,8404421,0,0,0
34216759449,89,0,0,0
34216759450,338,0,0,0
34216759463,681,0,0,0
34216759465,501,0,0,0
34241,0,10,0,1
3425,0,3,0,1
34321,0,32,0,1
34322,0,499,0,1
34323,0,497,0,1
34324,0,486,0,1
34325,0,495,0,1
34326,0,477,0,1
34327,0,484,0,1
3436,0,92,0,1
3437,0,222,0,1
3438,0,506,0,1
3439,0,228,0,1
34422,0,32,0,1
34424,0,42,0,1
34425,0,503,0,1
34426,0,506,0,1
34427,0,497,0,1
34428,0,496,0,1
34429,0,501,0,1
34430,0,418,0,1
34439,0,0,0,1
34440,0,502,0,1
34441,0,503,0,1
34442,0,498,0,1
34443,0,502,0,1
34444,0,501,0,1
34445,0,480,0,1
34452,0,92,0,1
34479,0,14,0,1
34480,0,71,0,1
34543,0,0,0,1
34671,0,268,0,1
34672,0,500,0,1
34673,0,496,1,1
34674,0,503,0,1
34675,0,500,0,1
34676,0,505,0,1
34677,0,494,0,1
34678,0,497,0,1
34679,0,499,0,1
34680,0,498,0,1
34681,0,495,0,1
34682,0,500,0,1
34683,0,498,0,1
34684,0,500,0,1
34685,0,498,0,1
34686,0,500,0,1
34687,0,501,0,1
34688,0,499,0,1
34689,0,56,0,1
3469,0,38,0,1
34758,0,107,0,1
34770,0,22,0,1
34878,0,24,0,1
34886,0,255,0,1
34887,0,63,0,1
34893,0,219,0,1
34894,0,499,0,1
34895,0,495,0,1
34896,0,499,0,1
34897,0,500,0,1
34898,0,489,0,1
34899,0,499,0,1
34900,0,499,0,1
34901,0,500,0,1
34902,0,499,0,1
34903,0,502,0,1
34904,0,503,0,1
34905,0,496,0,1
34906,0,502,0,1
34907,0,491,0,1
34908,0,493,0,1
34909,0,502,0,1
34910,0,485,0,1
34911,0,136,0,1
35084,0,321,0,1
35091,0,93,0,1
35098,0,296,0,1
35099,0,493,0,1
35100,0,495,0,1
35101,0,495,0,1
35102,0,494,0,1
35103,0,502,0,1
35104,0,154,0,1
35233,0,172,0,1
35234,0,500,0,1
35235,0,503,0,1
35236,0,501,0,1
35237,0,501,0,1
35238,0,499,0,1
35239,0,290,0,1
3524,0,464,0,1
3525,0,492,0,1
3526,0,8,0,1
353,0,89,1,1
3530,0,98,0,1
35324,0,237,0,1
35325,0,497,0,1
35326,0,499,0,1
35327,0,492,0,1
35328,0,499,0,1
35329,0,493,0,1
35330,0,135,0,1
35345,0,108,0,1
35346,0,505,0,1
35347,0,505,0,1
35348,0,498,0,1
35349,0,503,0,1
35350,0,502,0,1
35351,0,502,0,1
35352,0,498,0,1
35353,0,493,0,1
35354,0,499,0,1
35355,0,506,0,1
35356,0,496,0,1
35357,0,496,0,1
35358,0,501,0,1
35359,0,504,0,1
35360,0,498,0,1
35361,0,495,0,1
35362,0,505,0,1
35363,0,104,0,1
35404,0,84,0,1
35467,0,343,0,1
35472,0,0,0,1
35503,0,86,0,1
35504,0,505,0,1
35505,0,402,0,1
35546,0,109,0,1
35547,0,503,0,1
35548,0,342,0,1
35616,0,97,0,1
35620,0,146,0,1
35621,0,161,0,1
35766,0,47,0,1
35767,0,502,0,1
35768,0,504,0,1
35769,0,505,0,1
35770,0,506,0,1
35771,0,502,0,1
35772,0,359,0,1
35805,0,328,0,1
35806,0,490,0,1
35807,0,99,0,1
35850,0,9,0,1
35868,0,446,0,1
35869,0,462,0,1
36027,0,71,0,1
36035,0,383,0,1
36036,0,495,0,1
36037,0,492,0,1
36038,0,492,0,1
36039,0,494,0,1
36040,0,497,0,1
36041,0,181,0,1
36106,0,124,0,1
36107,0,501,0,1
36108,0,499,0,1
36109,0,498,0,1
36110,0,497,0,1
36111,0,497,0,1
36112,0,500,0,1
36113,0,499,0,1
36114,0,499,0,1
36115,0,504,0,1
36116,0,495,0,1
36117,0,503,0,1
36118,0,498,0,1
36119,0,500,0,1
36120,0,497,0,1
36121,0,500,0,1
36122,0,504,0,1
36123,0,496,0,1
36124,0,502,0,1
36125,0,493,0,1
36126,0,497,0,1
36127,0,501,0,1
36128,0,504,0,1
36129,0,497,1,1
36130,0,502,0,1
36131,0,499,0,1
36132,0,500,0,1
36133,0,499,0,1
36134,0,499,0,1
36135,0,501,0,1
36136,0,504,0,1
36137,0,499,0,1
36138,0,501,0,1
36139,0,497,0,1
36140,0,501,0,1
36141,0,494,0,1
36142,0,502,0,1
36143,0,501,0,1
36144,0,503,0,1
36145,0,504,0,1
36146,0,503,0,1
36147,0,503,0,1
36148,0,497,0,1
36149,0,501,0,1
36150,0,503,0,1
36151,0,499,0,1
36152,0,495,0,1
36153,0,500,0,1
36154,0,504,0,1
36155,0,501,0,1
36156,0,316,0,1
36288,0,164,0,1
36289,0,502,0,1
36290,0,498,0,1
36291,0,495,0,1
36292,0,489,0,1
36293,0,498,0,1
36294,0,326,0,1
36307,0,301,0,1
36394,0,51,0,1
36395,0,32,0,1
365,0,501,0,1
3652,0,94,0,1
3658,0,116,0,1
36587,0,296,0,1
36599,0,24,0,1
366,0,500,0,1
36673,0,249,0,1
36674,0,495,0,1
36675,0,498,0,1
36676,0,498,0,1
36677,0,501,0,1
36678,0,498,0,1
36679,0,495,0,1
36680,0,496,0,1
36681,0,494,0,1
36682,0,500,0,1
36683,0,499,0,1
36684,0,501,0,1
36685,0,497,0,1
36686,0,503,0,1
36687,0,494,0,1
36688,0,498,0,1
36689,0,503,0,1
36690,0,497,0,1
36691,0,34,0,1
367,0,25,0,1
36718,0,428,0,1
36719,0,503,0,1
36720,0,502,0,1
36721,0,501,0,1
36722,0,505,0,1
36723,0,503,0,1
36724,0,501,0,1
36725,0,500,0,1
36726,0,501,0,1
36727,0,501,0,1
36728,0,501,0,1
36729,0,503,0,1
36730,0,501,0,1
36731,0,504,0,1
36732,0,500,0,1
36733,0,504,0,1
36734,0,504,0,1
36735,0,505,0,1
36736,0,505,0,1
36737,0,502,0,1
36738,0,499,0,1
36739,0,504,0,1
36740,0,503,0,1
36741,0,502,0,1
36742,0,502,0,1
36743,0,504,0,1
36744,0,504,0,1
36745,0,502,0,1
36746,0,504,0,1
36747,0,501,0,1
36748,0,503,0,1
36749,0,503,0,1
36750,0,506,0,1
36751,0,500,0,1
36752,0,505,0,1
36753,0,505,0,1
36754,0,506,0,1
36755,0,510,0,1
36756,0,503,0,1
36757,0,502,0,1
36758,0,505,0,1
36759,0,505,0,1
36760,0,501,0,1
36761,0,505,0,1
36762,0,505,0,1
36763,0,504,0,1
36764,0,506,0,1
36765,0,501,0,1
36766,0,502,0,1
36767,0,229,0,1
3679,0,342,0,1
36805,0,8,0,1
36809,0,455,0,1
36810,0,495,0,1
36811,0,499,0,1
36812,0,493,0,1
36813,0,491,0,1
36814,0,469,0,1
3684,0,466,0,1
3685,0,495,0,1
3686,0,15,0,1
36862,0,232,0,1
36863,0,493,0,1
36864,0,498,0,1
36865,0,492,0,1
36866,0,499,0,1
36867,0,495,0,1
36868,0,217,0,1
36897,0,113,0,1
36898,0,173,0,1
36959,0,109,0,1
36960,0,193,0,1
36976,0,86,0,1
36998,0,293,0,1
36999,0,496,0,1
37000,0,499,0,1
37001,0,496,0,1
37002,0,501,0,1
37003,0,495,0,1
37004,0,157,0,1
37037,0,39,0,1
37181,0,95,0,1
37182,0,494,0,1
37183,0,345,0,1
37198,0,174,0,1
37199,0,498,0,1
37200,0,491,0,1
37201,0,491,0,1
37202,0,492,0,1
37203,0,495,0,1
37204,0,285,0,1
37223,0,132,0,1
37224,0,165,0,1
37242,0,316,0,1
37320,0,103,0,1
37371,0,163,0,1
37372,0,100,0,1
37545,0,195,0,2
3761,0,190,0,1
3762,0,489,0,1
3763,0,244,0,1
37697,0,430,1,1
37698,0,508,0,1
37699,0,498,0,1
37700,0,505,0,1
37701,0,499,0,1
37702,0,496,0,1
37703,0,504,0,1
37704,0,506,0,1
37705,0,507,0,1
37706,0,506,0,1
37707,0,507,0,1
37708,0,503,0,1
37709,0,502,0,1
37710,0,508,0,1
37711,0,503,0,1
37712,0,502,0,1
37713,0,503,0,1
37714,0,504,0,1
37715,0,504,0,1
37716,0,503,0,1
37717,0,505,0,1
37718,0,505,0,1
37719,0,501,0,1
37720,0,506,0,1
37721,0,500,0,1
37722,0,504,0,1
37723,0,506,0,1
37724,0,505,0,1
37725,0,507,0,1
37726,0,505,0,1
37727,0,504,0,1
37728,0,505,0,1
37729,0,498,0,1
37730,0,502,0,1
37731,0,505,0,1
37732,0,505,0,1
37733,0,502,0,1
37734,0,500,0,1
37735,0,504,0,1
37736,0,498,0,1
37737,0,504,0,1
37738,0,504,0,1
37739,0,501,0,1
37740,0,503,0,1
37741,0,504,0,1
37742,0,507,0,1
37743,0,507,0,1
37744,0,500,0,1
37745,0,500,0,1
37746,0,416,0,1
37797,0,100,0,1
37818,0,323,0,1
37819,0,497,0,1
37820,0,489,0,1
37821,0,499,0,1
37822,0,495,0,1
37823,0,490,0,1
37824,0,165,0,1
37840,0,28,0,1
37897,0,170,0,1
37898,0,492,0,1
37899,0,319,0,1
38026,0,471,0,1
38027,0,496,0,1
38028,0,496,0,1
38029,0,491,0,1
38030,0,496,0,1
38031,0,495,0,1
38032,0,19,0,1
38116,0,207,0,1
38117,0,488,0,1
38118,0,229,0,1
38304,0,395,0,1
38305,0,496,0,1
38306,0,495,0,1
38307,0,485,0,1
38308,0,494,0,1
38309,0,491,0,1
38310,0,62,0,1
38342,0,13,0,1
38343,0,4,0,1
38413,0,227,0,1
38414,0,499,0,1
38415,0,494,0,1
38416,0,492,0,1
38417,0,496,0,1
38418,0,498,0,1
38419,0,259,0,1
38548,0,346,0,1
38549,0,500,0,1
38550,0,499,0,1
38551,0,503,0,1
38552,0,502,0,1
38553,0,499,0,1
38554,0,41,0,1
38568,0,9,0,1
38569,0,499,0,1
38570,0,406,0,1
38650,0,61,0,1
38651,0,246,0,1
38671,0,97,0,1
3869,0,72,0,1
3870,0,217,0,1
38705,0,49,0,1
38706,0,492,0,1
38707,0,498,0,1
38708,0,497,0,1
38709,0,495,0,1
38710,0,491,0,1
38711,0,412,0,1
38732,0,289,0,1
38793,0,61,0,1
38794,0,242,0,1
38808,0,346,0,1
38809,0,496,0,1
38810,0,76,0,1
38819,0,169,0,1
38820,0,494,0,1
38821,0,502,0,1
38822,0,500,0,1
38823,0,497,0,1
38824,0,495,0,1
38825,0,496,0,1
38826,0,493,0,1
38827,0,493,0,1
38828,0,501,0,1
38829,0,497,0,1
38830,0,495,0,1
38831,0,503,0,1
38832,0,499,0,1
38833,0,497,0,1
38834,0,494,0,1
38835,0,500,0,1
38836,0,502,0,1
38837,0,121,0,1
3884,0,7,0,1
38875,0,308,0,1
3888,0,17,0,1
3889,0,493,0,1
3890,0,496,0,1
3891,0,496,0,1
3892,0,494,0,1
3893,0,497,0,1
3894,0,438,0,1
39178,0,227,0,1
39179,0,492,0,1
39180,0,256,0,1
39228,0,77,0,1
39312,0,32,0,1
39407,0,102,0,1
39467,0,216,0,1
39468,0,492,0,1
39469,0,240,0,1
39480,0,267,0,1
39481,0,23,0,1
39515,0,20,0,1
3960,0,282,0,1
3961,0,14,0,1
3963,0,134,0,1
39634,0,258,0,1
39635,0,494,0,1
39636,0,240,0,1
3964,0,153,0,1
39676,0,90,0,1
39739,0,62,0,1
39740,0,498,0,1
39741,0,401,0,1
39745,0,24,0,1
39827,0,1,0,1
39891,0,34,0,1
39896,0,63,0,1
39897,0,203,0,1
39913,0,285,0,1
40035,0,111,0,1
40036,0,495,0,1
40037,0,333,0,1
40059,0,466,0,1
40060,0,493,0,1
40061,0,490,0,1
40062,0,491,0,1
40063,0,496,0,1
40064,0,496,0,1
40065,0,24,0,1
4007,0,164,0,1
4008,0,133,0,1
40263,0,195,0,1
40264,0,501,0,1
40265,0,498,0,1
40266,0,501,0,1
40267,0,495,0,1
40268,0,503,0,1
40269,0,502,0,1
40270,0,500,0,1
40271,0,499,0,1
40272,0,500,0,1
40273,0,498,0,1
40274,0,497,0,1
40275,0,501,0,1
40276,0,505,0,1
40277,0,502,0,1
40278,0,505,0,1
40279,0,500,0,1
40280,0,502,0,1
40281,0,501,0,1
40282,0,499,0,1
40283,0,495,0,1
40284,0,502,0,1
40285,0,502,0,1
40286,0,500,0,1
40287,0,500,0,1
40288,0,498,0,1
40289,0,496,0,1
40290,0,502,0,1
40291,0,495,0,1
40292,0,503,0,1
40293,0,497,0,1
40294,0,499,0,1
40295,0,499,0,1
40296,0,499,0,1
40297,0,501,0,1
40298,0,497,0,1
40299,0,506,0,1
40300,0,499,0,1
40301,0,504,0,1
40302,0,506,0,1
40303,0,499,0,1
40304,0,500,0,1
40305,0,498,0,1
40306,0,499,0,1
40307,0,500,0,1
40308,0,505,0,1
40309,0,501,0,1
40310,0,499,0,1
40311,0,503,0,1
40312,0,498,0,1
40313,0,29,0,1
40354,0,93,0,1
405,0,99,0,1
406,0,490,0,1
40607,0,18,0,1
40608,0,499,0,1
40609,0,499,0,1
40610,0,495,0,1
40611,0,490,0,1
40612,0,498,0,1
40613,0,396,0,1
407,0,345,0,1
40743,0,23,0,1
40821,0,95,0,1
40837,0,90,0,1
40911,0,375,0,1
40912,0,503,0,1
40913,0,498,0,1
40914,0,500,0,1
40915,0,505,0,1
40916,0,500,0,1
40917,0,502,0,1
40918,0,499,0,1
40919,0,504,0,1
40920,0,500,0,1
40921,0,503,0,1
40922,0,501,0,1
40923,0,501,0,1
40924,0,499,0,1
40925,0,501,0,1
40926,0,501,0,1
40927,0,506,0,1
40928,0,380,0,1
40935,0,7,0,1
40967,0,5,0,1
41021,0,116,0,1
41023,0,497,0,1
41024,0,494,0,1
41025,0,494,0,1
41026,0,495,0,1
41027,0,502,0,1
41028,0,493,0,1
41029,0,488,0,1
41030,0,498,0,1
41031,0,495,0,1
41032,0,493,0,1
41033,0,496,0,1
41034,0,495,0,1
41035,0,494,0,1
41036,0,497,0,1
41037,0,501,0,1
41038,0,493,0,1
41039,0,499,0,1
41040,0,317,0,1
41115,0,80,0,1
41120,0,56,0,1
41121,0,500,0,1
41122,0,496,0,1
41123,0,489,0,1
41124,0,495,0,1
41125,0,500,0,1
41126,0,330,0,1
41184,0,187,0,1
41185,0,498,0,1
41186,0,496,0,1
41187,0,493,0,1
41188,0,492,0,1
41189,0,489,0,1
41190,0,237,0,1
41210,0,52,0,1
41211,0,497,0,1
41212,0,503,0,1
41213,0,499,0,1
41214,0,497,0,1
41215,0,499,0,1
41216,0,497,0,1
41217,0,496,0,1
41218,0,499,0,1
41219,0,495,0,1
41220,0,498,0,1
41221,0,494,0,1
41222,0,502,0,1
41223,0,491,0,1
41224,0,498,0,1
41225,0,495,0,1
41226,0,503,0,1
41227,0,496,0,1
41228,0,497,0,1
41229,0,495,0,1
41230,0,496,0,1
41231,0,501,0,1
41232,0,494,0,1
41233,0,498,0,1
41234,0,501,0,1
41235,0,488,0,1
41236,0,497,0,1
41237,0,498,0,1
41238,0,496,0,1
41239,0,497,0,1
41240,0,497,0,1
41241,0,498,0,1
41242,0,496,0,1
41243,0,498,0,1
41244,0,497,0,1
41245,0,502,0,1
41246,0,500,0,1
41247,0,503,0,1
41248,0,490,0,1
41249,0,496,0,1
41250,0,500,0,1
41251,0,501,0,1
41252,0,496,0,1
41253,0,492,0,1
41254,0,497,0,1
41255,0,498,0,1
41256,0,501,0,1
41257,0,503,0,1
41258,0,499,0,1
41259,0,495,0,1
41260,0,498,0,1
41261,0,2,0,1
41278,0,39,0,1
41279,0,487,0,1
41280,0,438,0,1
4132,0,280,0,1
4133,0,495,0,1
41338,0,195,0,1
41339,0,504,0,1
4134,0,493,0,1
41340,0,501,0,1
41341,0,500,0,1
41342,0,502,0,1
41343,0,502,0,1
41344,0,500,0,1
41345,0,498,0,1
41346,0,497,0,1
41347,0,497,0,1
41348,0,500,0,1
41349,0,501,0,1
4135,0,491,0,1
41350,0,497,0,1
41351,0,495,0,1
41352,0,499,0,1
41353,0,497,0,1
41354,0,498,0,1
41355,0,499,0,1
41356,0,494,0,1
41357,0,503,0,1
41358,0,497,0,1
41359,0,493,0,1
4136,0,491,0,1
41360,0,498,0,1
41361,0,502,1,1
41362,0,500,0,1
41363,0,505,0,1
41364,0,497,0,1
41365,0,498,0,1
41366,0,501,0,1
41367,0,500,0,1
41368,0,496,0,1
41369,0,502,0,1
4137,0,491,0,1
41370,0,505,0,1
41371,0,503,0,1
41372,0,498,0,1
41373,0,497,0,1
41374,0,503,0,1
41375,0,499,0,1
41376,0,501,0,1
41377,0,501,0,1
41378,0,497,0,1
41379,0,498,0,1
4138,0,493,0,1
41380,0,499,0,1
41381,0,498,0,1
41382,0,503,0,1
41383,0,504,0,1
41384,0,499,0,1
41385,0,495,0,1
41386,0,504,0,1
41387,0,500,0,1
41388,0,453,0,1
4139,0,497,0,1
4140,0,490,0,1
4141,0,500,0,1
41416,0,35,0,1
41417,0,505,0,1
41418,0,401,0,1
4142,0,496,0,1
4143,0,498,0,1
4144,0,498,0,1
4145,0,490,2,1
4146,0,494,0,1
4147,0,498,0,1
4148,0,493,0,1
41482,0,286,0,1
41486,0,484,0,1
41487,0,498,0,1
41488,0,493,0,1
41489,0,493,0,1
4149,0,492,0,1
41490,0,498,0,1
41491,0,474,0,1
4150,0,51,0,1
41564,0,0,0,1
41565,0,309,0,1
41649,0,402,0,1
41650,0,497,0,1
41651,0,497,0,1
41652,0,493,0,1
41653,0,494,0,1
41654,0,494,0,1
41655,0,23,0,1
41725,0,326,0,1
41726,0,0,0,1
41882,0,196,0,1
41883,0,496,0,1
41884,0,500,0,1
41885,0,500,0,1
41886,0,506,0,1
41887,0,500,0,1
41888,0,307,0,1
41889,0,227,0,1
41890,0,497,0,1
41891,0,497,0,1
41892,0,498,0,1
41893,0,499,0,1
41894,0,499,0,1
41895,0,499,0,1
41896,0,498,0,1
41897,0,492,0,1
41898,0,502,0,1
41899,0,502,0,1
41900,0,498,0,1
41901,0,500,0,1
41902,0,497,0,1
41903,0,499,0,1
41904,0,502,0,1
41905,0,497,0,1
41906,0,493,0,1
41907,0,54,0,1
41917,0,447,0,1
41918,0,500,0,1
41919,0,59,0,1
4199,0,415,0,1
41990,0,34,0,1
4200,0,494,0,1
4201,0,489,0,1
42014,0,40,0,1
42015,0,500,0,1
42016,0,491,0,1
42017,0,492,0,1
42018,0,494,0,1
42019,0,485,0,1
4202,0,497,0,1
42020,0,414,0,1
4203,0,500,0,1
4204,0,498,0,1
4205,0,499,0,1
4206,0,501,0,1
4207,0,495,0,1
4208,0,504,0,1
4209,0,500,0,1
4210,0,501,0,1
4211,0,496,0,1
4212,0,493,0,1
42124,0,44,0,1
42125,0,270,0,1
4213,0,497,0,1
4214,0,500,0,1
4215,0,499,0,1
42159,0,89,0,1
4216,0,498,0,1
4217,0,497,0,1
4218,0,498,0,1
4219,0,497,0,1
42190,0,456,0,1
42191,0,489,0,1
42192,0,19,0,1
4220,0,500,0,1
4221,0,494,0,1
4222,0,496,0,1
4223,0,500,0,1
4224,0,495,0,1
4225,0,490,0,1
4226,0,498,0,1
4227,0,495,0,1
4228,0,497,0,1
4229,0,496,0,1
4230,0,499,0,1
42301,0,300,0,1
4231,0,500,0,1
4232,0,498,0,1
4233,0,499,0,1
4234,0,490,0,1
4235,0,496,0,1
4236,0,492,0,1
4237,0,500,0,1
4238,0,500,0,1
4239,0,498,0,1
4240,0,498,0,1
4241,0,501,0,1
4242,0,497,0,1
42425,0,3,0,1
4243,0,502,0,1
4244,0,497,0,1
4245,0,504,0,1
4246,0,503,0,1
4247,0,498,0,1
4248,0,361,0,1
42547,0,31,0,1
42577,0,102,0,1
42670,0,345,0,1
42671,0,498,0,1
42672,0,98,0,1
42696,0,25,0,1
42697,0,502,0,1
42698,0,499,0,1
42699,0,502,0,1
42700,0,507,0,1
42701,0,498,0,1
42702,0,502,0,1
42703,0,500,0,1
42704,0,504,0,1
42705,0,496,0,1
42706,0,499,0,1
42707,0,503,0,1
42708,0,499,0,1
42709,0,502,0,1
42710,0,500,0,1
42711,0,499,0,1
42712,0,496,0,1
42713,0,496,0,1
42714,0,425,0,1
42716,0,475,0,1
42717,0,501,0,1
42718,0,496,0,1
42719,0,502,0,1
42720,0,495,0,1
42721,0,498,0,1
42722,0,491,0,1
42723,0,495,0,1
42724,0,499,0,1
42725,0,495,0,1
42726,0,497,0,1
42727,0,500,0,1
42728,0,496,1,1
42729,0,500,0,1
42730,0,500,0,1
42731,0,504,0,1
42732,0,493,0,1
42733,0,500,0,1
42734,0,500,0,1
42735,0,492,0,1
42736,0,496,0,1
42737,0,504,0,1
42738,0,497,0,1
42739,0,496,0,1
42740,0,499,0,1
42741,0,505,0,1
42742,0,497,0,1
42743,0,498,0,1
42744,0,496,0,1
42745,0,499,0,1
42746,0,500,0,1
42747,0,497,0,1
42748,0,502,0,1
42749,0,497,0,1
42750,0,499,0,1
42751,0,503,0,1
42752,0,498,0,1
42753,0,497,2,1
42754,0,501,0,1
42755,0,502,0,1
42756,0,497,0,1
42757,0,502,0,1
42758,0,500,0,1
42759,0,500,0,1
42760,0,501,0,1
42761,0,494,0,1
42762,0,502,0,1
42763,0,496,0,1
42764,0,504,0,1
42765,0,497,0,1
42766,0,500,0,1
42767,0,500,0,1
42768,0,497,0,1
42769,0,503,0,1
4277,0,221,0,1
42770,0,496,0,1
42771,0,493,0,1
42772,0,498,0,1
42773,0,502,0,1
42774,0,503,0,1
42775,0,501,0,1
42776,0,502,0,1
42777,0,504,0,1
42778,0,501,0,1
42779,0,505,0,1
4278,0,501,0,1
42780,0,498,0,1
42781,0,502,0,1
42782,0,499,0,1
42783,0,498,0,1
42784,0,497,0,1
42785,0,499,0,1
42786,0,502,0,1
42787,0,499,0,1
42788,0,499,0,1
42789,0,497,0,1
4279,0,497,0,1
42790,0,502,0,1
42791,0,501,0,1
42792,0,499,0,1
42793,0,498,0,1
42794,0,493,0,1
42795,0,497,0,1
42796,0,500,0,1
42797,0,498,0,1
42798,0,497,0,1
42799,0,496,0,1
4280,0,498,0,1
42800,0,500,0,1
42801,0,497,0,1
42802,0,494,0,1
42803,0,500,0,1
42804,0,494,0,1
42805,0,499,0,1
42806,0,500,0,1
42807,0,498,0,1
42808,0,501,0,1
42809,0,499,0,1
4281,0,498,0,1
42810,0,494,0,1
42811,0,504,0,1
42812,0,497,0,1
42813,0,503,0,1
42814,0,494,0,1
42815,0,501,0,1
42816,0,499,0,1
42817,0,497,0,1
42818,0,497,0,1
42819,0,500,0,1
4282,0,498,0,1
42820,0,496,0,1
42821,0,497,0,1
42822,0,500,0,1
42823,0,501,0,1
42824,0,501,0,1
42825,0,502,0,1
42826,0,491,0,1
42827,0,499,0,1
42828,0,497,0,1
42829,0,504,0,1
4283,0,500,0,1
42830,0,494,0,1
42831,0,500,0,1
42832,0,497,0,1
42833,0,501,1,1
42834,0,502,0,1
42835,0,495,0,1
42836,0,496,0,1
42837,0,498,0,1
42838,0,497,0,1
42839,0,500,0,1
4284,0,501,0,1
42840,0,497,0,1
42841,0,500,0,1
42842,0,501,0,1
42843,0,491,0,1
42844,0,501,0,1
42845,0,499,0,1
42846,0,502,0,1
42847,0,394,0,1
4285,0,501,0,1
4286,0,496,0,1
4287,0,502,0,1
4288,0,503,0,1
4289,0,496,1,1
4290,0,497,0,1
4291,0,504,0,1
4292,0,500,0,1
42921,0,195,0,1
42922,0,491,0,1
42923,0,496,0,1
42924,0,490,0,1
42925,0,499,0,1
42926,0,493,0,1
42927,0,266,0,1
4293,0,497,0,1
4294,0,497,0,1
4295,0,498,0,1
4296,0,506,0,1
42966,0,83,0,1
4297,0,500,0,1
4298,0,497,0,1
4299,0,498,0,1
4300,0,497,0,1
4301,0,497,0,1
4302,0,498,0,1
4303,0,498,0,1
4304,0,499,0,1
43048,0,27,0,1
43049,0,492,0,1
4305,0,503,0,1
43050,0,456,0,1
4306,0,494,0,1
4307,0,501,0,1
4308,0,503,0,1
4309,0,498,0,1
4310,0,502,0,1
4311,0,501,0,1
4312,0,501,1,1
4313,0,502,0,1
43131,0,26,0,1
43132,0,500,0,1
43133,0,502,0,1
43134,0,500,0,1
43135,0,500,0,1
43136,0,498,0,1
43137,0,491,0,1
43138,0,489,0,1
43139,0,494,0,1
4314,0,497,0,1
43140,0,493,0,1
43141,0,491,0,1
43142,0,491,0,1
43143,0,497,0,1
43144,0,494,0,1
43145,0,493,0,1
43146,0,497,0,1
43147,0,496,0,1
43148,0,500,0,1
43149,0,414,0,1
4315,0,504,0,1
4316,0,499,0,1
4317,0,501,0,1
4318,0,497,0,1
4319,0,500,0,1
4320,0,500,0,1
4321,0,499,0,1
4322,0,500,0,1
43224,0,178,0,1
43225,0,496,0,1
43226,0,245,0,1
4323,0,503,0,1
4324,0,501,0,1
4325,0,504,0,1
4326,0,503,0,1
4327,0,236,0,1
4330,0,86,0,1
4331,0,503,0,1
4332,0,402,0,1
43386,0,294,0,1
43486,0,235,0,1
43487,0,499,0,1
43488,0,499,0,1
43489,0,495,0,1
43490,0,498,0,1
43491,0,495,0,1
43492,0,281,0,1
43666,0,301,0,1
43724,0,22,0,1
43765,0,88,0,1
43975,0,77,0,1
44041,0,10,0,1
44319,0,167,0,1
44320,0,483,0,1
44321,0,334,0,1
44322,0,214,0,1
44323,0,496,0,1
44324,0,499,0,1
44325,0,495,1,1
44326,0,500,0,1
44327,0,504,0,1
44328,0,302,0,1
44431,0,82,0,1
44432,0,501,0,1
44433,0,496,0,1
44434,0,499,0,1
44435,0,493,0,1
44436,0,499,0,1
44437,0,450,0,1
44508,0,472,0,1
44509,0,454,0,1
44539,0,280,0,1
44540,0,464,0,2
44541,0,499,0,1
44542,0,13,0,1
44569,0,23,0,1
44628,0,490,0,1
44629,0,496,0,1
44630,0,494,0,1
44631,0,497,0,1
44632,0,500,0,1
44633,0,418,0,1
44690,0,68,0,1
44691,0,256,0,1
44872,0,193,0,1
44873,0,491,0,1
44874,0,503,0,1
44875,0,501,0,1
44876,0,500,0,1
44877,0,501,0,1
44878,0,502,0,1
44879,0,496,0,1
44880,0,498,0,1
44881,0,502,0,1
44882,0,502,0,1
44883,0,502,0,1
44884,0,503,0,1
44885,0,507,0,1
44886,0,497,0,1
44887,0,502,0,1
44888,0,501,0,1
44889,0,498,0,1
44890,0,243,0,1
44893,0,158,0,1
44894,0,498,0,1
44895,0,337,0,1
44897,0,288,0,1
44898,0,3,0,1
4500,0,228,0,1
45000,0,321,0,1
4501,0,503,0,1
4502,0,498,0,1
4503,0,505,0,1
4504,0,502,0,1
45040,0,168,0,1
45041,0,505,0,1
45042,0,497,0,1
45043,0,500,0,1
45044,0,495,0,1
45045,0,494,0,1
45046,0,279,0,1
4505,0,499,0,1
4506,0,498,0,1
4507,0,494,0,1
45078,0,113,0,1
45079,0,505,0,1
4508,0,503,0,1
45080,0,498,0,1
45081,0,504,0,1
45082,0,502,0,1
45083,0,496,0,1
45084,0,501,0,1
45085,0,503,0,1
45086,0,500,0,1
45087,0,504,0,1
45088,0,502,0,1
45089,0,497,0,1
4509,0,501,0,1
45090,0,499,0,1
45091,0,506,0,1
45092,0,498,0,1
45093,0,498,0,1
45094,0,504,0,1
45095,0,502,0,1
45096,0,191,0,1
4510,0,492,0,1
4511,0,497,0,1
4512,0,495,0,1
4513,0,490,2,1
4514,0,497,0,1
45149,0,66,0,1
4515,0,495,0,1
45150,0,9,0,1
4516,0,494,0,1
4517,0,499,0,1
4518,0,138,0,1
45292,0,13,0,1
45293,0,502,0,1
45294,0,474,0,1
45317,0,324,0,1
45318,0,494,0,1
45319,0,497,0,1
45320,0,493,0,1
45321,0,494,0,1
45322,0,499,0,1
45323,0,148,0,1
45383,0,0,0,1
45427,0,173,0,1
45428,0,491,0,1
45429,0,485,0,1
45430,0,493,0,1
45431,0,495,0,1
45432,0,495,0,1
45433,0,331,0,1
45575,0,2,0,1
45576,0,308,0,1
45703,0,147,0,1
45704,0,155,0,1
45705,0,406,0,1
45706,0,496,0,1
45707,0,32,0,1
4572,0,0,0,1
45751,0,321,0,1
45752,0,501,0,1
45753,0,490,0,1
45754,0,497,0,1
45755,0,494,0,1
45756,0,500,0,1
45757,0,144,0,1
45838,0,99,0,1
45841,0,20,0,1
46068,0,318,0,1
46069,0,498,0,1
46070,0,141,0,1
46105,0,26,0,1
46114,0,9,0,1
46115,0,287,0,1
46261,0,129,0,1
46262,0,169,0,1
46354,0,60,0,1
46355,0,498,0,1
46356,0,351,0,1
4637,0,495,0,1
4638,0,449,0,1
46435,0,284,0,1
46586,0,376,0,1
46587,0,502,0,1
46588,0,53,0,1
46680,0,67,0,1
46681,0,243,0,1
4680,0,439,0,1
4681,0,504,0,1
4682,0,53,0,1
46867,0,107,0,1
46876,0,68,0,1
46877,0,497,0,1
46878,0,325,0,1
47000,0,35,0,1
47006,0,0,0,1
47007,0,505,0,1
47008,0,502,0,1
47009,0,499,0,1
47010,0,496,0,1
47011,0,500,0,1
47012,0,498,0,1
47013,0,499,0,1
47014,0,501,0,1
47015,0,501,0,1
47016,0,496,0,1
47017,0,501,0,1
47018,0,501,0,1
47019,0,504,0,1
47020,0,497,0,1
47021,0,499,0,1
47022,0,498,0,1
47023,0,498,0,1
47024,0,500,0,1
47025,0,500,1,1
47026,0,504,0,1
47027,0,504,0,1
47028,0,500,0,1
47029,0,496,0,1
47030,0,496,0,1
47031,0,499,0,1
47032,0,502,0,1
47033,0,503,0,1
47034,0,503,0,1
47035,0,499,0,1
47036,0,501,0,1
47037,0,505,0,1
47038,0,505,0,1
47039,0,503,0,1
47040,0,501,0,1
47041,0,502,2,1
47042,0,498,0,1
47043,0,502,0,1
47044,0,506,0,1
47045,0,497,0,1
47046,0,496,0,1
47047,0,503,0,1
47048,0,503,0,1
47049,0,505,0,1
47050,0,499,0,1
47051,0,503,0,1
47052,0,505,0,1
47053,0,499,0,1
47054,0,500,0,1
47055,0,502,0,1
47056,0,503,0,1
47057,0,0,0,1
47234,0,0,0,1
47249,0,87,0,1
47262,0,328,0,1
47263,0,502,0,1
47264,0,106,0,1
47380,0,36,0,1
47427,0,96,0,1
47435,0,486,0,1
47436,0,495,0,1
47437,0,500,0,1
47438,0,494,0,1
47439,0,502,0,1
47440,0,494,0,1
47441,0,14,0,1
47525,0,316,0,1
47526,0,499,0,1
47527,0,140,0,1
47570,0,365,0,1
47571,0,491,0,1
47572,0,490,0,1
47573,0,494,0,1
47574,0,491,0,1
47575,0,492,0,1
47576,0,37,0,1
47640,0,222,0,1
47641,0,496,0,1
47642,0,284,0,1
47695,0,475,0,1
47696,0,497,0,1
47697,0,503,0,1
47698,0,501,0,1
47699,0,502,0,1
47700,0,499,0,1
47701,0,501,0,1
47702,0,500,0,1
47703,0,504,0,1
47704,0,498,0,1
47705,0,502,0,1
47706,0,502,0,1
47707,0,502,0,1
47708,0,503,0,1
47709,0,504,0,1
47710,0,502,0,1
47711,0,502,0,1
47712,0,501,0,1
47713,0,499,0,1
47714,0,505,0,1
47715,0,502,0,1
47716,0,500,0,1
47717,0,503,0,1
47718,0,501,0,1
47719,0,503,0,1
47720,0,506,0,1
47721,0,502,0,1
47722,0,500,0,1
47723,0,501,0,1
47724,0,504,0,1
47725,0,503,0,1
47726,0,503,0,1
47727,0,503,0,1
47728,0,505,0,1
47729,0,506,0,1
47730,0,503,0,1
47731,0,500,0,1
47732,0,500,0,1
47733,0,499,0,1
47734,0,505,0,1
47735,0,505,0,1
47736,0,503,0,1
47737,0,503,0,1
47738,0,501,0,1
47739,0,505,0,1
47740,0,502,0,1
47741,0,507,0,1
47742,0,506,0,1
47743,0,506,0,1
47744,0,385,0,1
4779,0,492,0,1
47793,0,88,0,1
4780,0,404,0,1
47864,0,98,0,1
47865,0,195,0,1
47956,0,90,0,1
480,0,289,0,1
4802,0,465,0,1
4803,0,497,0,1
4804,0,500,0,1
4805,0,500,0,1
4806,0,500,0,1
4807,0,504,0,1
4808,0,499,0,1
4809,0,495,0,1
481,0,488,0,1
4810,0,493,0,1
4811,0,493,0,1
4812,0,494,0,1
4813,0,495,0,1
4814,0,499,0,1
4815,0,495,0,1
48155,0,354,0,1
48156,0,506,0,1
48157,0,507,0,1
48158,0,504,0,1
48159,0,501,0,1
4816,0,496,0,1
48160,0,504,0,1
48161,0,501,0,1
48162,0,506,0,1
48163,0,501,0,1
48164,0,506,0,1
48165,0,500,0,1
48166,0,502,0,1
48167,0,504,0,1
48168,0,505,0,1
48169,0,507,0,1
4817,0,497,0,1
48170,0,502,0,1
48171,0,505,0,1
48172,0,502,0,1
48173,0,507,0,1
48174,0,504,0,1
48175,0,499,0,1
48176,0,503,0,1
48177,0,505,0,1
48178,0,505,0,1
48179,0,501,0,1
4818,0,488,0,1
48180,0,505,0,1
48181,0,501,0,1
48182,0,501,0,1
48183,0,503,0,1
48184,0,507,0,1
48185,0,502,0,1
48186,0,503,0,1
48187,0,505,0,1
48188,0,498,0,1
48189,0,504,0,1
4819,0,272,0,1
48190,0,505,0,1
48191,0,502,0,1
48192,0,506,0,1
48193,0,503,0,1
48194,0,506,0,1
48195,0,502,0,1
48196,0,505,0,1
48197,0,500,0,1
48198,0,507,0,1
48199,0,504,0,1
482,0,137,0,1
48200,0,503,0,1
48201,0,507,0,1
48202,0,507,0,1
48203,0,504,0,1
48204,0,507,0,1
48205,0,71,0,1
48339,0,218,0,1
48340,0,498,0,1
48341,0,492,0,1
48342,0,497,0,1
48343,0,491,0,1
48344,0,489,0,1
48345,0,195,0,1
48393,0,103,0,1
48394,0,500,0,1
48395,0,500,0,1
48396,0,495,0,1
48397,0,500,0,1
48398,0,494,0,1
48399,0,331,0,1
48527,0,106,0,1
48680,0,230,0,1
48681,0,490,0,1
48682,0,212,0,1
48755,0,37,0,1
48756,0,279,0,1
48757,0,359,0,1
48758,0,489,0,1
48759,0,497,0,1
48760,0,499,0,1
48761,0,497,0,1
48762,0,493,0,1
48763,0,35,0,1
48898,0,219,0,1
48899,0,497,0,1
48900,0,501,0,1
48901,0,498,0,1
48902,0,498,0,1
48903,0,501,0,1
48904,0,499,0,1
48905,0,496,0,1
48906,0,497,0,1
48907,0,504,0,1
48908,0,500,0,1
48909,0,500,0,1
48910,0,497,0,1
48911,0,492,0,1
48912,0,495,0,1
48913,0,493,2,1
48914,0,491,0,1
48915,0,493,0,1
48916,0,188,0,1
48961,0,32,0,1
49075,0,3,0,1
49076,0,488,0,1
49077,0,468,0,1
49146,0,0,0,1
49198,0,310,0,1
49199,0,489,0,1
49200,0,158,0,1
49260,0,197,0,1
49261,0,489,0,1
49262,0,226,0,1
49271,0,198,0,1
49272,0,106,0,1
49320,0,86,0,1
49321,0,493,0,1
49322,0,496,0,1
49323,0,494,0,1
49324,0,487,0,1
49325,0,495,0,1
49326,0,222,0,1
49362,0,292,0,1
49363,0,10,0,1
49438,0,88,0,1
49663,0,89,0,1
49689,0,30,0,1
49842,0,47,0,1
49843,0,496,0,1
49844,0,490,0,1
49845,0,495,0,1
49846,0,504,0,1
49847,0,500,0,1
49848,0,499,0,1
49849,0,498,0,1
49850,0,498,0,1
49851,0,496,0,1
49852,0,494,0,1
49853,0,497,0,1
49854,0,500,0,1
49855,0,495,0,1
49856,0,497,0,1
49857,0,495,1,1
49858,0,502,0,1
49859,0,495,0,1
49860,0,215,0,1
50102,0,26,0,1
50103,0,492,0,1
50104,0,421,0,1
5027,0,442,0,1
5028,0,494,0,1
5029,0,498,0,1
5030,0,503,0,1
5031,0,501,0,1
5032,0,502,0,1
5033,0,498,0,1
5034,0,500,0,1
5035,0,492,0,1
50355,0,20,0,1
50356,0,277,0,1
5036,0,496,0,1
5037,0,502,0,1
5038,0,496,0,1
5039,0,501,0,1
5040,0,502,0,1
5041,0,491,0,1
5042,0,497,0,1
50421,0,276,0,1
50422,0,491,0,1
50423,0,495,0,1
50424,0,488,0,1
50425,0,491,0,1
50426,0,491,0,1
50427,0,490,0,1
50428,0,496,0,1
50429,0,498,0,1
5043,0,497,0,1
50430,0,497,0,1
50431,0,495,0,1
50432,0,499,0,1
50433,0,498,0,1
50434,0,496,0,1
50435,0,495,0,1
50436,0,497,0,1
50437,0,492,0,1
50438,0,491,0,1
50439,0,48,0,1
5044,0,480,0,1
50456,0,231,0,1
50457,0,495,0,1
50458,0,226,0,1
50650,0,446,0,1
50651,0,487,0,1
50652,0,492,0,1
50653,0,494,0,1
50654,0,488,0,1
50655,0,453,0,1
50736,0,320,0,1
50737,0,496,0,1
50738,0,105,0,1
50862,0,152,0,1
50863,0,493,0,1
50864,0,495,0,1
50865,0,489,1,1
50866,0,491,0,1
50867,0,497,0,1
50868,0,310,0,1
50875,0,357,0,1
50876,0,494,0,1
50877,0,498,0,1
50878,0,497,0,1
50879,0,496,0,1
50880,0,500,0,1
50881,0,195,1,1
50974,0,203,0,1
50975,0,492,0,1
50976,0,489,0,1
50977,0,498,0,1
50978,0,498,0,1
50979,0,492,0,1
50980,0,285,0,1
51059,0,286,0,1
51086,0,92,0,1
51135,0,289,0,1
51136,0,502,0,1
51137,0,498,2,1
51138,0,504,0,1
51139,0,503,0,1
51140,0,500,0,1
51141,0,503,0,1
51142,0,506,0,1
51143,0,506,0,1
51144,0,502,0,1
51145,0,496,0,1
51146,0,501,0,1
51147,0,506,0,1
51148,0,504,0,1
51149,0,502,0,1
51150,0,505,0,1
51151,0,506,0,1
51152,0,506,0,1
51153,0,35,0,1
51204,0,139,0,1
51205,0,492,0,1
51206,0,489,0,1
51207,0,493,0,1
51208,0,492,0,1
51209,0,490,0,1
51210,0,264,0,1
51266,0,323,0,1
51307,0,84,0,1
51336,0,99,0,1
51337,0,506,0,1
51338,0,501,0,1
51339,0,507,0,1
51340,0,505,0,1
51341,0,508,0,1
51342,0,507,0,1
51343,0,505,0,1
51344,0,504,0,1
51345,0,507,0,1
51346,0,506,0,1
51347,0,501,0,1
51348,0,504,0,1
51349,0,507,0,1
51350,0,503,0,1
51351,0,503,0,1
51352,0,497,0,1
51353,0,504,0,1
51354,0,222,0,1
51424,0,1,0,1
51425,0,500,0,1
51426,0,493,0,1
51427,0,496,0,1
51428,0,494,0,1
51429,0,496,0,1
51430,0,493,0,1
51467,0,48,0,1
51468,0,492,0,1
51469,0,416,0,1
51540,0,385,0,1
51541,0,498,0,1
51542,0,498,0,1
51543,0,494,0,1
51544,0,492,0,1
51545,0,505,0,1
51546,0,77,0,1
51582,0,483,0,1
51583,0,500,0,1
51584,0,495,0,1
51585,0,496,0,1
51586,0,495,0,1
51587,0,435,0,1
51597,0,105,0,1
51627,0,230,0,1
51628,0,494,0,1
51629,0,254,0,1
51648,0,360,0,1
51649,0,490,1,1
5165,0,421,0,1
51650,0,71,0,1
5166,0,489,0,1
5167,0,34,0,1
51803,0,24,0,1
51818,0,77,0,1
51819,0,498,0,1
51820,0,491,0,1
51821,0,495,0,1
51822,0,496,0,1
51823,0,497,0,1
51824,0,496,0,1
51825,0,497,0,1
51826,0,505,0,1
51827,0,491,0,1
51828,0,498,0,1
51829,0,499,0,1
51830,0,499,0,1
51831,0,495,0,1
51832,0,497,0,1
51833,0,498,0,1
51834,0,496,0,1
51835,0,498,0,1
51836,0,368,0,1
51912,0,107,0,1
51913,0,501,0,1
51914,0,500,0,1
51915,0,501,0,1
51916,0,502,0,1
51917,0,503,0,1
51918,0,501,0,1
51919,0,502,0,1
51920,0,501,0,1
51921,0,492,0,1
51922,0,502,0,1
51923,0,495,0,1
51924,0,501,0,1
51925,0,501,0,1
51926,0,500,0,1
51927,0,493,0,1
51928,0,501,0,1
51929,0,504,0,1
51930,0,506,0,1
51931,0,503,0,1
51932,0,501,0,1
51933,0,500,0,1
51934,0,502,0,1
51935,0,502,0,1
51936,0,499,0,1
51937,0,498,0,1
51938,0,500,0,1
51939,0,501,0,1
51940,0,495,0,1
51941,0,499,0,1
51942,0,492,0,1
51943,0,499,0,1
51944,0,501,0,1
51945,0,506,0,1
51946,0,500,0,1
51947,0,497,0,1
51948,0,497,0,1
51949,0,501,0,1
51950,0,502,0,1
51951,0,496,0,1
51952,0,502,0,1
51953,0,499,0,1
51954,0,496,0,1
51955,0,499,0,1
51956,0,498,0,1
51957,0,504,0,1
51958,0,500,0,1
51959,0,499,0,1
51960,0,499,0,1
51961,0,500,0,1
51962,0,236,0,1
51974,0,111,0,1
51975,0,497,0,1
51976,0,495,0,1
51977,0,497,0,1
51978,0,504,0,1
51979,0,495,0,1
51980,0,497,0,1
51981,0,494,0,1
51982,0,496,0,1
51983,0,495,0,1
51984,0,500,0,1
51985,0,500,0,1
51986,0,503,0,1
51987,0,498,0,1
51988,0,497,0,1
51989,0,489,0,1
51990,0,499,0,1
51991,0,453,0,1
52121,0,319,0,1
52150,0,431,0,1
52151,0,489,0,1
52152,0,501,0,1
52153,0,492,0,1
52154,0,490,0,1
52155,0,441,0,1
52179,0,352,0,1
52180,0,497,0,1
52181,0,495,0,1
52182,0,493,0,1
52183,0,489,0,1
52184,0,499,0,1
52185,0,16,0,1
52198,0,3,0,1
52210,0,26,0,1
52307,0,29,0,1
52345,0,201,0,1
52346,0,91,0,1
52351,0,9,0,1
52358,0,32,0,1
52391,0,125,0,1
52392,0,489,0,1
52393,0,494,0,1
52394,0,494,0,1
52395,0,490,0,1
52396,0,497,0,1
52397,0,297,0,1
52399,0,52,0,1
52400,0,498,0,1
52401,0,381,0,1
52425,0,1,0,1
52426,0,309,0,1
52462,0,226,0,1
52463,0,84,0,1
52497,0,90,0,1
52573,0,246,0,1
52574,0,500,0,1
52575,0,493,0,1
52576,0,497,0,1
52577,0,485,1,1
52578,0,494,0,1
52579,0,158,0,1
5263,0,323,0,1
5264,0,488,0,1
5265,0,484,4,1
5266,0,489,0,1
5267,0,492,0,1
5268,0,500,0,1
5269,0,179,0,1
52690,0,159,0,1
52691,0,494,0,1
52692,0,296,0,1
52693,0,5,0,1
52725,0,37,0,1
52726,0,503,0,1
52727,0,500,0,1
52728,0,504,0,1
52729,0,494,0,1
52730,0,501,0,1
52731,0,496,0,1
52732,0,493,0,1
52733,0,497,0,1
52734,0,497,0,1
52735,0,495,0,1
52736,0,498,0,1
52737,0,503,0,1
52738,0,501,0,1
52739,0,504,0,1
52740,0,499,0,1
52741,0,501,0,1
52742,0,498,0,1
52743,0,220,0,1
52756,0,20,0,1
52876,0,310,0,1
52928,0,242,0,1
52929,0,493,0,1
52930,0,216,0,1
529780,0,128,455,288
529781,0,139,523,362
529782,0,168,534,322
529783,0,103,408,200
5311,0,414,0,1
5312,0,495,0,1
5313,0,63,0,1
53185,0,159,0,1
53186,0,497,0,1
53187,0,237,0,1
53208,0,32,0,1
53331,0,301,0,1
53332,0,494,0,1
53333,0,494,0,1
53334,0,500,0,1
53335,0,492,0,1
53336,0,495,0,1
53337,0,161,0,1
5335,0,58,0,1
53351,0,452,0,1
53352,0,486,0,1
53353,0,492,0,1
53354,0,490,0,1
53355,0,500,0,1
53356,0,498,0,1
53357,0,27,0,1
5336,0,31,0,1
53389,0,106,0,1
53396,0,352,0,1
53397,0,502,0,1
53398,0,167,0,1
53402,0,320,0,1
53403,0,497,0,1
53404,0,140,0,1
53416,0,267,0,1
53417,0,498,0,1
53418,0,502,0,1
53419,0,497,0,1
53420,0,500,0,1
53421,0,505,0,1
53422,0,502,0,1
53423,0,499,0,1
53424,0,499,0,1
53425,0,500,0,1
53426,0,506,0,1
53427,0,506,0,1
53428,0,503,0,1
53429,0,499,0,1
53430,0,504,0,1
53431,0,501,0,1
53432,0,503,0,1
53433,0,501,0,1
53434,0,501,0,1
53435,0,495,0,1
53436,0,493,0,1
53437,0,502,0,1
53438,0,501,0,1
53439,0,499,0,1
53440,0,502,0,1
53441,0,498,1,1
53442,0,497,0,1
53443,0,494,0,1
53444,0,500,0,1
53445,0,502,0,1
53446,0,503,0,1
53447,0,499,0,1
53448,0,507,0,1
53449,0,497,0,1
53450,0,495,0,1
53451,0,502,0,1
53452,0,499,0,1
53453,0,494,0,1
53454,0,503,0,1
53455,0,497,0,1
53456,0,505,0,1
53457,0,504,0,1
53458,0,500,0,1
53459,0,501,0,1
53460,0,500,0,1
53461,0,506,0,1
53462,0,502,0,1
53463,0,504,0,1
53464,0,507,0,1
53465,0,498,0,1
53476,0,481,0,1
53477,0,495,0,1
53478,0,498,0,1
53479,0,495,0,1
53480,0,492,0,1
53481,0,498,0,1
53482,0,499,0,1
53483,0,496,0,1
53484,0,499,0,1
53485,0,499,0,1
53486,0,493,0,1
53487,0,499,0,1
53488,0,498,0,1
53489,0,499,1,1
53490,0,501,0,1
53491,0,497,0,1
53492,0,499,0,1
53493,0,246,0,1
53496,0,300,0,1
53549,0,45,0,1
53550,0,33,0,1
53557,0,321,0,1
53558,0,502,0,1
53559,0,503,0,1
53560,0,504,0,1
53561,0,504,0,1
53562,0,501,0,1
53563,0,504,0,1
53564,0,500,0,1
53565,0,497,0,1
53566,0,503,0,1
53567,0,496,0,1
53568,0,503,0,1
53569,0,501,1,1
53570,0,504,0,1
53571,0,504,0,1
53572,0,499,0,1
53573,0,499,0,1
53574,0,502,0,1
53575,0,509,0,1
53576,0,503,0,1
53577,0,503,0,1
53578,0,504,0,1
53579,0,501,0,1
53580,0,502,0,1
53581,0,501,0,1
53582,0,503,0,1
53583,0,496,0,1
53584,0,499,0,1
53585,0,502,0,1
53586,0,501,0,1
53587,0,502,0,1
53588,0,500,0,1
53589,0,509,0,1
53590,0,503,0,1
53591,0,501,0,1
53592,0,497,0,1
53593,0,497,0,1
53594,0,504,0,1
53595,0,508,0,1
53596,0,503,0,1
53597,0,501,0,1
53598,0,500,0,1
53599,0,501,0,1
53600,0,506,0,1
53601,0,502,1,1
53602,0,497,0,1
53603,0,505,0,1
53604,0,498,0,1
53605,0,504,0,1
53606,0,506,0,1
53607,0,298,0,1
53640,0,83,0,1
53641,0,494,0,1
53642,0,498,0,1
53643,0,491,0,1
53644,0,496,0,1
53645,0,497,0,1
53646,0,491,0,1
53647,0,488,0,1
53648,0,490,1,1
53649,0,495,0,1
53650,0,494,0,1
53651,0,493,0,1
53652,0,494,0,1
53653,0,496,0,1
53654,0,497,0,1
53655,0,495,0,1
53656,0,494,0,1
53657,0,490,0,1
53658,0,176,0,1
53661,0,109,0,1
53662,0,182,0,1
53688,0,12,0,1
53689,0,297,0,1
53720,0,87,0,1
5380,0,103,0,1
5381,0,485,0,1
5382,0,351,0,2
5383,0,494,0,1
53831,0,2,0,1
5384,0,496,0,1
5385,0,497,0,1
53857,0,123,0,1
5386,0,500,0,1
5387,0,500,0,1
53876,0,323,0,1
5388,0,499,0,1
5389,0,499,0,1
5390,0,494,0,1
5391,0,500,0,1
5392,0,501,0,1
5393,0,503,0,1
5394,0,494,0,1
5395,0,492,0,1
5396,0,496,0,1
53962,0,9,0,1
5397,0,499,0,1
5398,0,499,0,1
5399,0,495,0,1
5400,0,332,0,1
54014,0,34,0,1
54018,0,91,0,1
5410,0,187,0,1
54107,0,158,0,1
54108,0,503,0,1
54109,0,497,0,1
5411,0,499,0,1
54110,0,499,0,1
54111,0,502,0,1
54112,0,497,0,1
54113,0,499,0,1
54114,0,501,0,1
54115,0,498,0,1
54116,0,497,0,1
54117,0,501,0,1
54118,0,496,0,1
54119,0,493,0,1
5412,0,493,0,1
54120,0,498,0,1
54121,0,500,0,1
54122,0,501,0,1
54123,0,500,0,1
54124,0,497,0,1
54125,0,266,0,1
5413,0,500,0,1
5414,0,503,0,1
5415,0,504,0,1
5416,0,499,0,1
5417,0,498,0,1
5418,0,499,0,1
5419,0,496,0,1
5420,0,500,0,1
5421,0,498,0,1
5422,0,497,0,1
5423,0,498,0,1
5424,0,501,0,1
5425,0,499,0,1
5426,0,496,0,1
5427,0,496,0,1
5428,0,496,0,1
5429,0,500,0,1
5430,0,501,0,1
5431,0,497,0,1
5432,0,502,0,1
5433,0,497,0,1
5434,0,500,0,1
5435,0,504,0,1
5436,0,500,0,1
5437,0,495,0,1
5438,0,495,0,1
5439,0,498,0,1
5440,0,497,0,1
5441,0,493,0,1
5442,0,500,0,1
5443,0,499,0,1
5444,0,496,0,1
54446,0,10,0,1
5445,0,497,0,1
5446,0,499,0,1
5447,0,500,0,1
5448,0,501,0,1
5449,0,502,0,1
5450,0,501,0,1
5451,0,494,0,1
5452,0,504,0,1
54522,0,73,0,1
54523,0,499,0,1
54524,0,497,0,1
54525,0,498,0,1
54526,0,496,0,1
54527,0,490,0,1
54528,0,302,0,1
5453,0,504,0,1
54530,0,107,0,1
54531,0,501,0,1
54532,0,500,0,1
54533,0,494,0,1
54534,0,492,0,1
54535,0,497,0,1
54536,0,270,0,1
5454,0,498,0,1
5455,0,501,0,1
5456,0,504,0,1
5457,0,502,0,1
5458,0,500,0,1
5459,0,500,0,1
5460,0,281,0,1
54778,0,80,0,1
54870,0,491,0,1
54871,0,502,0,1
54872,0,501,0,1
54873,0,497,0,1
54874,0,496,0,1
54875,0,498,0,1
54876,0,503,0,1
54877,0,499,0,1
54878,0,506,0,1
54879,0,502,0,1
54880,0,502,0,1
54881,0,503,0,1
54882,0,501,0,1
54883,0,505,0,1
54884,0,500,0,1
54885,0,504,0,1
54886,0,500,0,1
54887,0,499,0,1
54888,0,499,0,1
54889,0,507,0,1
54890,0,498,0,1
54891,0,506,0,1
54892,0,505,0,1
54893,0,502,0,1
54894,0,500,0,1
54895,0,498,0,1
54896,0,505,0,1
54897,0,504,0,1
54898,0,505,0,1
54899,0,501,0,1
54900,0,501,0,1
54901,0,502,0,1
54902,0,501,0,1
54903,0,504,0,1
54904,0,504,0,1
54905,0,505,0,1
54906,0,503,0,1
54907,0,501,0,1
54908,0,501,0,1
54909,0,505,0,1
54910,0,505,0,1
54911,0,499,0,1
54912,0,503,0,1
54913,0,505,1,1
54914,0,501,0,1
54915,0,504,0,1
54916,0,508,0,1
54917,0,504,0,1
54918,0,500,0,1
54919,0,507,0,1
54920,0,1,0,1
54988,0,343,0,1
54989,0,495,0,1
54990,0,495,0,1
54991,0,495,0,1
54992,0,503,0,1
54993,0,497,0,1
54994,0,126,0,1
54995,0,298,0,1
5507,0,282,0,1
5508,0,481,0,1
55086,0,159,0,1
55087,0,495,0,1
55088,0,312,0,1
5509,0,156,0,1
55167,0,37,0,1
55225,0,116,0,1
55226,0,496,0,1
55227,0,492,0,1
55228,0,490,0,1
55229,0,494,0,1
55230,0,497,0,1
55231,0,391,0,1
55233,0,4,0,1
55243,0,0,0,1
55316,0,24,0,1
55317,0,264,1,1
55371,0,133,0,1
55372,0,495,0,1
55373,0,494,0,1
55374,0,496,0,1
55375,0,496,0,1
55376,0,489,0,1
55377,0,498,0,1
55378,0,501,0,1
55379,0,491,0,1
55380,0,495,0,1
55381,0,493,0,1
55382,0,496,0,1
55383,0,492,0,1
55384,0,496,1,1
55385,0,500,0,1
55386,0,494,0,1
55387,0,492,0,1
55388,0,498,0,1
55389,0,305,0,1
55471,0,296,0,1
55745,0,94,0,1
56032,0,157,0,1
56033,0,486,11,1
56034,0,501,0,1
56035,0,493,0,1
56036,0,493,0,1
56037,0,499,0,1
56038,0,503,0,1
56039,0,501,0,1
56040,0,499,0,1
56041,0,501,0,1
56042,0,497,0,1
56043,0,499,0,1
56044,0,501,0,1
56045,0,501,0,1
56046,0,500,0,1
56047,0,497,0,1
56048,0,497,0,1
56049,0,491,6,1
56050,0,166,0,1
56066,0,173,0,1
56067,0,507,0,1
56068,0,500,0,1
56069,0,501,0,1
56070,0,506,0,1
56071,0,504,0,1
56072,0,162,0,1
56124,0,125,0,1
56125,0,504,0,1
56126,0,502,0,1
56127,0,500,0,1
56128,0,498,0,1
56129,0,504,0,1
56130,0,501,0,1
56131,0,500,0,1
56132,0,502,0,1
56133,0,505,0,1
56134,0,506,0,1
56135,0,499,0,1
56136,0,501,0,1
56137,0,503,0,1
56138,0,503,0,1
56139,0,506,0,1
56140,0,502,0,1
56141,0,502,0,1
56142,0,502,0,1
56143,0,497,0,1
56144,0,503,0,1
56145,0,507,1,1
56146,0,505,0,1
56147,0,504,0,1
56148,0,504,0,1
56149,0,503,0,1
56150,0,504,0,1
56151,0,499,0,1
56152,0,504,0,1
56153,0,503,0,1
56154,0,503,0,1
56155,0,500,0,1
56156,0,506,0,1
56157,0,502,0,1
56158,0,499,0,1
56159,0,505,0,1
56160,0,497,0,1
56161,0,504,0,1
56162,0,501,0,1
56163,0,500,0,1
56164,0,506,0,1
56165,0,505,0,1
56166,0,504,0,1
56167,0,500,0,1
56168,0,507,0,1
56169,0,501,0,1
56170,0,504,0,1
56171,0,508,0,1
56172,0,508,0,1
56173,0,505,0,1
56174,0,507,0,1
56175,0,79,0,1
56188,0,468,0,1
56189,0,481,0,1
56249,0,284,0,1
56311,0,102,0,1
56421,0,107,0,1
56422,0,197,0,1
56504,0,308,0,1
56505,0,500,0,1
56506,0,495,0,1
56507,0,503,0,1
56508,0,503,0,1
56509,0,498,0,1
56510,0,159,0,1
56595,0,330,0,1
56596,0,494,0,1
56597,0,494,0,1
56598,0,496,0,1
56599,0,499,0,1
56600,0,502,0,1
56601,0,64,0,1
56860,0,72,0,1
56861,0,491,0,1
56862,0,493,0,1
56863,0,496,0,1
56864,0,491,0,1
56865,0,500,0,1
56866,0,378,0,1
56973,0,50,0,1
56974,0,497,0,1
56975,0,498,0,1
56976,0,494,0,1
56977,0,497,1,1
56978,0,490,0,1
56979,0,352,0,1
57037,0,162,0,1
57038,0,496,0,1
57039,0,219,0,1
57083,0,6,0,1
57084,0,505,0,1
57085,0,504,0,1
57086,0,506,0,1
57087,0,506,0,1
57088,0,505,0,1
57089,0,505,0,1
57090,0,506,0,1
57091,0,504,0,1
57092,0,502,0,1
57093,0,506,0,1
57094,0,506,0,1
57095,0,507,0,1
57096,0,506,0,1
57097,0,505,0,1
57098,0,504,0,1
57099,0,506,0,1
57100,0,505,0,1
57101,0,507,0,1
57102,0,502,0,1
57103,0,506,0,1
57104,0,502,0,1
57105,0,503,1,1
57106,0,500,0,1
57107,0,505,0,1
57108,0,503,0,1
57109,0,504,0,1
57110,0,504,0,1
57111,0,506,0,1
57112,0,507,0,1
57113,0,506,0,1
57114,0,507,0,1
57115,0,505,0,1
57116,0,505,0,1
57117,0,506,0,1
57118,0,508,0,1
57119,0,503,0,1
57120,0,505,0,1
57121,0,506,0,1
57122,0,504,0,1
57123,0,504,0,1
57124,0,503,0,1
57125,0,505,0,1
57126,0,506,0,1
57127,0,508,0,1
57128,0,507,0,1
57129,0,501,0,1
57130,0,507,0,1
57131,0,502,0,1
57132,0,506,0,1
57133,0,367,0,1
57158,0,30,0,1
57159,0,505,0,1
57160,0,429,0,1
57226,0,0,0,1
57273,0,90,0,1
57310,0,123,0,1
57311,0,501,0,1
57312,0,495,0,1
57313,0,499,1,1
57314,0,502,0,1
57315,0,502,0,1
57316,0,372,0,1
57365,0,1,0,1
57366,0,216,0,1
57367,0,495,0,1
57368,0,502,0,1
57369,0,502,0,1
57370,0,497,0,1
57371,0,497,0,1
57372,0,494,0,1
57373,0,497,0,1
57374,0,491,0,1
57375,0,501,0,1
57376,0,494,0,1
57377,0,488,0,1
57378,0,493,0,1
57379,0,496,0,1
57380,0,499,0,1
57381,0,492,0,1
57382,0,495,0,1
57383,0,492,0,1
57384,0,164,0,1
57439,0,152,0,1
57440,0,502,0,1
57441,0,331,0,1
57469,0,251,0,1
57470,0,500,0,1
57471,0,177,0,1
57503,0,67,0,1
57540,0,83,0,1
57541,0,3,0,1
57561,0,183,0,1
57562,0,141,0,1
57567,0,124,0,1
57568,0,194,0,1
57616,0,255,0,1
57617,0,499,0,1
57618,0,501,0,1
57619,0,501,0,1
57620,0,498,0,1
57621,0,496,0,1
57622,0,500,0,1
57623,0,495,0,1
57624,0,495,0,1
57625,0,497,0,1
57626,0,493,0,1
57627,0,491,0,1
57628,0,502,0,1
57629,0,499,0,1
57630,0,500,0,1
57631,0,498,0,1
57632,0,497,0,1
57633,0,498,1,1
57634,0,11,0,1
57636,0,108,0,1
57637,0,496,0,1
57638,0,491,0,1
57639,0,498,0,1
57640,0,492,0,1
57641,0,495,0,1
57642,0,405,0,1
57694,0,9,0,1
5776,0,322,0,1
57866,0,91,0,1
57872,0,10,0,1
57881,0,327,0,1
57882,0,497,0,1
57883,0,138,0,1
57964,0,391,0,1
57965,0,492,0,1
57966,0,494,0,1
57967,0,489,0,1
57968,0,486,0,1
57969,0,496,0,1
57970,0,0,0,1
57994,0,2,0,1
57999,0,150,0,1
58000,0,490,0,1
58001,0,308,0,1
58020,0,447,0,1
58021,0,501,0,1
58022,0,37,0,1
58121,0,216,0,1
58122,0,498,0,1
58123,0,494,0,1
58124,0,499,0,1
58125,0,496,0,1
58126,0,496,0,1
58127,0,499,0,1
58128,0,496,0,1
58129,0,498,0,1
58130,0,496,0,1
58131,0,495,0,1
58132,0,493,0,1
58133,0,499,0,1
58134,0,500,0,1
58135,0,499,0,1
58136,0,494,0,1
58137,0,494,0,1
58138,0,500,0,1
58139,0,497,0,1
58140,0,501,0,1
58141,0,498,0,1
58142,0,499,0,1
58143,0,498,0,1
58144,0,500,0,1
58145,0,501,0,1
58146,0,502,0,1
58147,0,495,0,1
58148,0,497,0,1
58149,0,498,0,1
58150,0,498,0,1
58151,0,495,0,1
58152,0,499,0,1
58153,0,493,0,1
58154,0,502,0,1
58155,0,501,0,1
58156,0,500,0,1
58157,0,500,0,1
58158,0,498,0,1
58159,0,502,0,1
58160,0,503,0,1
58161,0,500,0,1
58162,0,493,0,1
58163,0,497,0,1
58164,0,500,0,1
58165,0,496,0,1
58166,0,501,0,1
58167,0,498,0,1
58168,0,500,0,1
58169,0,499,0,1
58170,0,496,0,1
58171,0,155,0,1
58271,0,163,0,1
58272,0,494,0,1
58273,0,312,0,1
58291,0,376,0,1
58292,0,499,0,1
58293,0,495,0,1
58294,0,500,0,1
58295,0,494,0,1
58296,0,500,0,1
58297,0,492,0,1
58298,0,502,0,1
58299,0,499,0,1
583,0,257,0,1
58300,0,500,0,1
58301,0,502,0,1
58302,0,496,0,1
58303,0,494,0,1
58304,0,503,0,1
58305,0,494,0,1
58306,0,496,0,1
58307,0,501,0,1
58308,0,326,0,1
58397,0,100,0,1
584,0,501,0,1
585,0,500,0,1
58527,0,142,0,1
58528,0,500,0,1
58529,0,497,0,1
58530,0,500,0,1
58531,0,493,0,1
58532,0,493,0,1
58533,0,395,0,1
58543,0,318,0,1
586,0,505,0,1
58603,0,434,0,1
58604,0,494,0,1
58605,0,53,0,1
587,0,502,0,1
58795,0,229,0,1
58796,0,496,0,1
58797,0,191,0,1
588,0,501,0,1
58835,0,7,0,1
58836,0,488,0,1
58837,0,431,0,1
58843,0,141,0,1
58844,0,498,0,1
58845,0,309,0,1
589,0,237,0,1
58940,0,363,0,1
58941,0,498,0,1
58942,0,499,0,1
58943,0,499,0,1
58944,0,500,0,1
58945,0,497,0,1
58946,0,132,0,1
58979,0,482,0,1
58980,0,493,0,1
58981,0,498,0,1
58982,0,490,0,1
58983,0,491,0,1
58984,0,425,0,1
59107,0,481,0,1
59108,0,494,0,1
59109,0,498,0,1
59110,0,496,0,1
59111,0,499,0,1
59112,0,495,0,1
59113,0,500,0,1
59114,0,501,0,1
59115,0,495,0,1
59116,0,495,0,1
59117,0,498,0,1
59118,0,492,0,1
59119,0,498,0,1
59120,0,491,0,1
59121,0,502,0,1
59122,0,499,0,1
59123,0,496,0,1
59124,0,500,0,1
59125,0,498,0,1
59126,0,498,0,1
59127,0,496,0,1
59128,0,495,0,1
59129,0,495,0,1
5913,0,28,0,1
59130,0,502,0,1
59131,0,501,0,1
59132,0,501,0,1
59133,0,498,0,1
59134,0,504,0,1
59135,0,496,0,1
59136,0,497,0,1
59137,0,491,0,1
59138,0,499,0,1
59139,0,503,0,1
59140,0,500,0,1
59141,0,500,0,1
59142,0,500,0,1
59143,0,505,0,1
59144,0,499,0,1
59145,0,499,0,1
59146,0,498,0,1
59147,0,498,0,1
59148,0,495,0,1
59149,0,502,0,1
59150,0,493,0,1
59151,0,500,0,1
59152,0,500,0,1
59153,0,495,0,1
59154,0,497,0,1
59155,0,495,0,1
59156,0,385,0,1
59322,0,480,0,1
59323,0,497,0,1
59324,0,491,0,1
59325,0,500,0,1
59326,0,499,0,1
59327,0,496,0,1
59328,0,0,0,1
5940,0,5,0,1
59477,0,10,0,1
59478,0,507,0,1
59479,0,502,0,1
59480,0,500,0,1
59481,0,491,0,1
59482,0,499,0,1
59483,0,365,0,1
59486,0,217,0,1
59487,0,496,0,1
59488,0,500,0,1
59489,0,496,0,1
59490,0,498,0,1
59491,0,494,0,1
59492,0,492,0,1
59493,0,494,0,1
59494,0,492,0,1
59495,0,500,0,1
59496,0,493,0,1
59497,0,494,0,1
59498,0,497,0,1
59499,0,501,0,1
59500,0,496,0,1
59501,0,488,0,1
59502,0,490,0,1
59503,0,496,0,1
59504,0,141,0,1
59518,0,5,0,1
59818,0,27,0,1
59907,0,324,0,1
59908,0,492,0,1
59909,0,495,0,1
59910,0,495,0,1
59911,0,500,0,1
59912,0,499,0,1
59913,0,496,0,1
59914,0,493,0,1
59915,0,492,0,1
59916,0,492,0,1
59917,0,497,0,1
59918,0,498,0,1
59919,0,502,0,1
59920,0,494,0,1
59921,0,493,0,1
59922,0,496,0,1
59923,0,498,0,1
59924,0,495,0,1
59925,0,140,0,1
59974,0,24,0,1
59986,0,73,0,1
59987,0,226,0,1
6000,0,200,0,1
6001,0,493,0,1
6002,0,228,0,1
60111,0,171,0,1
60112,0,488,0,1
60113,0,235,0,1
60143,0,411,0,1
60144,0,492,0,1
60145,0,495,0,1
60146,0,493,0,1
60147,0,497,0,1
60148,0,497,0,1
60149,0,18,0,1
60293,0,97,0,1
60309,0,35,0,1
60311,0,243,0,1
60312,0,493,0,1
60313,0,184,0,1
60379,0,309,0,1
60380,0,494,0,1
60381,0,164,0,1
60386,0,189,0,1
60387,0,492,0,1
60388,0,496,0,1
60389,0,492,0,1
60390,0,496,0,1
60391,0,491,0,1
60392,0,370,0,1
60433,0,450,0,1
60434,0,502,0,1
60435,0,493,0,1
60436,0,497,0,1
60437,0,499,0,1
60438,0,458,0,1
60470,0,10,0,1
60592,0,447,0,1
60593,0,398,2,1
60664,0,61,0,1
60665,0,491,0,1
60666,0,350,0,1
607,0,209,0,1
60782,0,413,0,1
60783,0,501,0,1
60784,0,505,0,1
60785,0,502,0,1
60786,0,506,0,1
60787,0,501,0,1
60788,0,501,0,1
60789,0,504,0,1
60790,0,499,0,1
60791,0,504,0,1
60792,0,503,0,1
60793,0,505,0,1
60794,0,504,0,1
60795,0,504,0,1
60796,0,503,0,1
60797,0,504,0,1
60798,0,500,0,1
60799,0,391,0,1
608,0,93,0,1
60927,0,355,0,1
60928,0,499,0,1
60929,0,500,0,1
60930,0,498,0,1
60931,0,501,0,1
60932,0,498,0,1
60933,0,498,0,1
60934,0,501,0,1
60935,0,499,0,1
60936,0,497,0,1
60937,0,497,0,1
60938,0,497,0,1
60939,0,496,0,1
60940,0,498,0,1
60941,0,505,0,1
60942,0,499,0,1
60943,0,500,0,1
60944,0,428,0,1
60945,0,15,0,1
60946,0,501,0,1
60947,0,502,0,1
60948,0,503,0,1
60949,0,501,0,1
60950,0,505,0,1
60951,0,501,0,1
60952,0,501,0,1
60953,0,504,0,1
60954,0,504,0,1
60955,0,503,0,1
60956,0,503,0,1
60957,0,504,0,1
60958,0,505,0,1
60959,0,504,0,1
60960,0,503,0,1
60961,0,502,0,1
60962,0,500,0,1
60963,0,202,0,1
61025,0,306,0,1
61026,0,491,0,1
61027,0,126,0,1
61053,0,95,0,1
61186,0,70,0,1
61187,0,34,0,1
61193,0,156,0,1
61194,0,494,0,1
61195,0,293,0,1
6137,0,10,0,1
61425,0,308,2,1
61426,0,496,0,1
61427,0,502,0,1
61428,0,496,0,1
61429,0,498,0,1
61430,0,491,0,1
61431,0,115,0,1
61505,0,259,3,1
61506,0,41,0,1
61508,0,30,0,1
61520,0,67,0,1
61521,0,491,11,1
61522,0,504,0,1
61523,0,509,0,1
61524,0,499,0,1
61525,0,504,0,1
61526,0,509,0,1
61527,0,506,0,1
61528,0,505,0,1
61529,0,508,0,1
61530,0,498,0,1
61531,0,504,0,1
61532,0,503,0,1
61533,0,505,0,1
61534,0,504,0,1
61535,0,503,0,1
61536,0,508,0,1
61537,0,493,8,1
61538,0,505,0,1
61539,0,504,0,1
61540,0,505,0,1
61541,0,499,0,1
61542,0,503,0,1
61543,0,505,0,1
61544,0,505,0,1
61545,0,502,0,1
61546,0,507,0,1
61547,0,506,0,1
61548,0,503,0,1
61549,0,504,0,1
61550,0,504,0,1
61551,0,506,0,1
61552,0,505,0,1
61553,0,488,9,1
61554,0,502,0,1
61555,0,506,0,1
61556,0,505,0,1
61557,0,503,0,1
61558,0,506,0,1
61559,0,507,0,1
61560,0,503,0,1
61561,0,502,0,1
61562,0,503,0,1
61563,0,504,0,1
61564,0,508,0,1
61565,0,508,0,1
61566,0,504,0,1
61567,0,507,0,1
61568,0,501,0,1
61569,0,493,6,1
61570,0,507,0,1
61571,0,6,0,1
615989,0,689,96,248
61692,0,397,0,1
61693,0,491,0,1
61694,0,491,0,1
61695,0,498,0,1
61696,0,502,0,1
61697,0,498,0,1
61698,0,495,0,1
61699,0,495,0,1
61700,0,497,0,1
61701,0,499,0,1
61702,0,498,0,1
61703,0,496,0,1
61704,0,498,0,1
61705,0,498,0,1
61706,0,499,0,1
61707,0,503,0,1
61708,0,490,0,1
61709,0,499,0,1
61710,0,40,0,1
61724,0,22,0,1
61725,0,496,0,1
61726,0,491,0,1
61727,0,496,0,1
61728,0,489,0,1
61729,0,496,0,1
61730,0,407,0,1
61842,0,23,0,1
61845,0,345,0,1
61846,0,496,0,1
61847,0,493,0,1
61848,0,493,0,1
61849,0,493,0,1
61850,0,497,0,1
61851,0,498,0,1
61852,0,500,0,1
61853,0,490,0,1
61854,0,498,0,1
61855,0,499,0,1
61856,0,498,0,1
61857,0,493,0,1
61858,0,495,0,1
61859,0,499,0,1
61860,0,497,0,1
61861,0,499,0,1
61862,0,367,0,1
61897,0,360,0,1
61898,0,495,0,1
61899,0,492,0,1
61900,0,495,0,1
61901,0,498,0,1
61902,0,491,0,1
61903,0,110,0,1
61969,0,60,0,1
61970,0,486,0,1
61971,0,414,0,1
62105,0,36,0,1
62108,0,136,0,1
62109,0,495,0,1
62110,0,495,0,1
62111,0,505,0,1
62112,0,496,0,1
62113,0,497,2,1
62114,0,498,0,1
62115,0,497,0,1
62116,0,503,0,1
62117,0,501,0,1
62118,0,503,0,1
62119,0,492,0,1
62120,0,500,0,1
62121,0,506,0,1
62122,0,499,0,1
62123,0,497,0,1
62124,0,498,0,1
62125,0,499,0,1
62126,0,77,0,1
62137,0,197,0,1
62138,0,106,0,1
62190,0,109,0,1
62191,0,496,0,1
62192,0,496,0,1
62193,0,488,0,1
62194,0,491,0,1
62195,0,492,0,1
62196,0,360,0,1
62264,0,83,0,1
62265,0,11,0,1
62456,0,303,0,1
6246,0,186,0,1
6247,0,495,0,1
6248,0,500,0,1
6249,0,489,0,1
6250,0,500,0,1
6251,0,492,0,1
6252,0,242,0,1
62533,0,409,0,1
62534,0,497,0,1
62535,0,490,0,1
62536,0,488,0,1
62537,0,496,0,1
62538,0,454,0,1
62651,0,85,0,1
62652,0,497,0,1
62653,0,492,0,1
62654,0,490,0,1
62655,0,489,0,1
62656,0,499,0,1
62657,0,351,0,1
62729,0,290,0,1
62802,0,305,0,1
62809,0,91,0,1
62810,0,496,0,1
62811,0,505,0,1
62812,0,499,0,1
62813,0,491,0,1
62814,0,503,0,1
62815,0,496,0,1
62816,0,500,0,1
62817,0,498,0,1
62818,0,499,0,1
62819,0,504,0,1
62820,0,499,0,1
62821,0,493,0,1
62822,0,502,0,1
62823,0,496,0,1
62824,0,502,0,1
62825,0,497,0,1
62826,0,503,0,1
62827,0,199,0,1
62850,0,18,0,1
62878,0,249,0,1
62879,0,494,0,1
62880,0,488,0,1
62881,0,494,1,1
62882,0,493,0,1
62883,0,496,0,1
62884,0,202,0,1
63026,0,458,0,1
63027,0,480,0,1
63028,0,493,0,1
63029,0,491,0,1
63030,0,494,0,1
63031,0,476,0,1
63077,0,282,0,1
63078,0,0,0,1
63096,0,101,0,1
63097,0,495,0,1
63098,0,263,0,1
63138,0,74,0,1
63139,0,490,0,1
63140,0,403,0,1
6318,0,57,0,1
6319,0,225,0,1
63216,0,16,0,1
63217,0,493,1,1
63218,0,436,0,1
63253,0,25,0,1
63459,0,409,0,1
63460,0,490,0,1
63461,0,64,0,1
63484,0,222,0,1
63485,0,502,0,1
63486,0,501,0,1
63487,0,499,0,1
63488,0,494,0,1
63489,0,496,2,1
63490,0,499,0,1
63491,0,498,0,1
63492,0,497,0,1
63493,0,497,0,1
63494,0,499,0,1
63495,0,498,0,1
63496,0,500,0,1
63497,0,502,0,1
63498,0,497,0,1
63499,0,497,0,1
63500,0,501,0,1
63501,0,497,0,1
63502,0,494,0,1
63503,0,501,0,1
63504,0,501,0,1
63505,0,499,0,1
63506,0,500,0,1
63507,0,502,0,1
63508,0,503,0,1
63509,0,503,0,1
63510,0,502,0,1
63511,0,496,0,1
63512,0,503,0,1
63513,0,505,0,1
63514,0,493,0,1
63515,0,504,0,1
63516,0,498,0,1
63517,0,501,0,1
63518,0,504,0,1
63519,0,493,0,1
63520,0,500,0,1
63521,0,496,0,1
63522,0,500,0,1
63523,0,503,0,1
63524,0,503,0,1
63525,0,504,0,1
63526,0,498,0,1
63527,0,507,0,1
63528,0,501,0,1
63529,0,502,0,1
63530,0,503,0,1
63531,0,503,0,1
63532,0,500,0,1
63533,0,503,0,1
63534,0,249,0,1
63583,0,321,0,1
63597,0,269,0,1
63598,0,477,0,1
63599,0,498,0,1
63600,0,497,0,1
63601,0,497,0,1
63602,0,491,0,1
63603,0,497,0,1
63609,0,141,0,1
63610,0,501,0,1
63611,0,500,0,1
63612,0,497,0,1
63613,0,502,0,1
63614,0,494,0,1
63615,0,501,0,1
63616,0,507,0,1
63617,0,501,0,1
63618,0,503,0,1
63619,0,498,0,1
63620,0,508,0,1
63621,0,500,0,1
63622,0,500,0,1
63623,0,505,0,1
63624,0,503,0,1
63625,0,501,0,1
63626,0,499,0,1
63627,0,503,0,1
63628,0,505,0,1
63629,0,501,0,1
63630,0,503,0,1
63631,0,500,0,1
63632,0,506,0,1
63633,0,501,0,1
63634,0,501,1,1
63635,0,505,0,1
63636,0,502,0,1
63637,0,503,0,1
63638,0,504,0,1
63639,0,502,0,1
63640,0,502,0,1
63641,0,499,0,1
63642,0,504,0,1
63643,0,501,1,1
63644,0,504,0,1
63645,0,505,0,1
63646,0,501,0,1
63647,0,502,0,1
63648,0,501,0,1
63649,0,500,0,1
63650,0,503,0,1
63651,0,506,0,1
63652,0,503,0,1
63653,0,502,0,1
63654,0,503,0,1
63655,0,499,0,1
63656,0,506,0,1
63657,0,505,0,1
63658,0,506,0,1
63659,0,373,0,1
63715,0,93,0,1
63762,0,250,0,1
63763,0,499,0,1
63764,0,502,0,1
63765,0,504,0,1
63766,0,504,0,1
63767,0,502,0,1
63768,0,495,0,1
63769,0,501,0,1
63770,0,500,0,1
63771,0,504,0,1
63772,0,502,0,1
63773,0,497,0,1
63774,0,501,0,1
63775,0,498,0,1
63776,0,500,0,1
63777,0,494,1,1
63778,0,502,0,1
63779,0,502,0,1
63780,0,108,0,1
63797,0,479,0,1
63798,0,498,0,1
63799,0,497,0,1
63800,0,507,0,1
63801,0,499,0,1
63802,0,497,0,1
63803,0,501,0,1
63804,0,499,0,1
63805,0,501,0,1
63806,0,499,0,1
63807,0,501,0,1
63808,0,503,0,1
63809,0,495,1,1
63810,0,496,0,1
63811,0,501,0,1
63812,0,502,0,1
63813,0,505,0,1
63814,0,422,0,1
63852,0,102,0,1
63853,0,49,0,1
63854,0,498,0,1
63855,0,498,0,1
63856,0,497,0,1
63857,0,502,1,1
63858,0,502,0,1
63859,0,340,0,1
63908,0,25,0,1
63909,0,0,0,1
63910,0,0,0,1
63916,0,227,0,1
63917,0,60,0,1
63959,0,218,0,1
63960,0,502,0,1
63961,0,503,0,1
63962,0,502,0,1
63963,0,505,0,1
63964,0,499,0,1
63965,0,502,0,1
63966,0,500,0,1
63967,0,497,0,1
63968,0,497,0,1
63969,0,500,1,1
63970,0,500,0,1
63971,0,501,0,1
63972,0,497,0,1
63973,0,505,0,1
63974,0,500,0,1
63975,0,500,0,1
63976,0,500,0,1
63977,0,67,0,1
63997,0,310,0,1
63998,0,36,0,1
640,0,37,0,1
64034,0,85,0,1
641,0,117,0,1
64187,0,289,0,1
64188,0,495,0,1
64189,0,172,0,1
642,0,481,0,1
64257,0,176,0,1
64258,0,502,0,1
64259,0,266,0,1
643,0,494,0,1
64314,0,95,0,1
64381,0,414,0,1
64382,0,498,0,1
64383,0,495,0,1
64384,0,500,0,1
64385,0,502,0,1
64386,0,495,0,1
64387,0,497,0,1
64388,0,498,0,1
64389,0,498,0,1
64390,0,504,0,1
64391,0,493,0,1
64392,0,499,0,1
64393,0,497,0,1
64394,0,493,0,1
64395,0,501,0,1
64396,0,498,0,1
64397,0,494,0,1
64398,0,344,0,1
644,0,491,0,1
64404,0,0,0,1
64405,0,497,0,1
64406,0,493,0,1
64407,0,495,0,1
64408,0,488,0,1
64409,0,497,0,1
64410,0,478,0,1
645,0,496,0,1
64519,0,49,0,1
64520,0,500,0,1
64521,0,497,0,1
64522,0,501,0,1
64523,0,492,0,1
64524,0,495,0,1
64525,0,337,0,1
64531,0,88,0,1
646,0,495,0,1
64610,0,150,0,1
64611,0,490,0,1
64612,0,260,0,1
64676,0,165,0,1
64677,0,496,0,1
64678,0,495,0,1
64679,0,496,0,1
64680,0,495,0,1
64681,0,491,0,1
64682,0,361,0,1
6469,0,59,0,1
647,0,354,0,1
6470,0,490,0,1
6471,0,494,0,1
6472,0,497,0,1
6473,0,495,0,1
6474,0,497,0,1
64748,0,10,0,1
6475,0,500,0,1
6476,0,499,0,1
6477,0,495,0,1
6478,0,496,0,1
6479,0,498,0,1
6480,0,497,0,1
6481,0,497,0,1
64816,0,68,0,1
64817,0,494,0,1
64818,0,389,0,1
6482,0,497,0,1
6483,0,495,0,1
6484,0,490,0,1
6485,0,500,0,1
6486,0,496,0,1
6487,0,485,0,1
65043,0,149,0,1
65044,0,137,0,1
65168,0,0,0,1
65215,0,279,0,1
65216,0,486,0,1
65217,0,493,2,1
65218,0,491,0,1
65219,0,495,0,1
65220,0,495,0,1
65221,0,248,0,1
65451,0,161,0,1
65452,0,502,0,1
65453,0,500,0,1
65454,0,501,0,1
65455,0,496,0,1
65456,0,502,0,1
65457,0,500,0,1
65458,0,500,0,1
65459,0,504,0,1
65460,0,505,0,1
65461,0,505,0,1
65462,0,503,0,1
65463,0,498,0,1
65464,0,503,0,1
65465,0,501,0,1
65466,0,499,0,1
65467,0,500,0,1
65468,0,498,0,1
65469,0,109,0,1
65482,0,402,0,1
65483,0,493,0,1
65484,0,500,0,1
65485,0,493,0,1
65486,0,493,0,1
65487,0,467,0,1
655156,0,0,0,1
655157,0,0,0,3
655158,0,0,0,1
655160,0,0,0,1
655162,0,0,0,1
655165,0,0,0,1
655168,0,0,0,1
655171,0,0,0,1
655172,0,0,0,1
655173,0,0,0,1
655174,0,0,0,1
655179,0,0,0,1
655180,0,0,0,1
655182,0,0,0,1
655183,0,0,0,1
655184,0,0,0,1
65519,0,454,0,1
65520,0,492,0,1
655203,0,0,0,1
655206,0,0,0,1
655209,0,0,0,2
65521,0,23,0,1
655217,0,0,0,1
655219,0,0,0,1
655220,0,0,0,1
655222,0,0,0,1
655225,0,0,0,1
655230,0,0,0,1
655233,0,0,0,1
655234,0,0,0,1
655238,0,0,0,2
655239,0,0,0,2
655249,0,0,0,1
655250,0,0,0,1
655251,0,0,0,2
655252,0,0,0,2
655255,0,0,0,1
655260,0,0,0,1
655264,0,0,0,3
655265,0,0,0,1
655266,0,0,0,1
655268,0,0,0,1
655273,0,0,0,2
655280,0,0,0,1
655282,0,0,0,1
655284,0,0,0,1
655287,0,0,0,1
655289,0,0,0,1
655291,0,0,0,1
655293,0,0,0,1
655294,0,0,0,1
655298,0,0,0,1
655299,0,0,0,1
655300,0,0,0,3
655301,0,0,0,1
655303,0,0,0,2
655308,0,0,0,1
655311,0,1,0,2
655316,0,0,0,1
655327,0,0,0,1
655329,0,0,0,2
655333,0,0,0,1
655334,0,0,0,2
655335,0,0,0,1
655336,0,0,0,1
655337,0,0,0,1
655339,0,0,0,1
655341,0,0,0,1
655345,0,0,0,1
655348,0,0,0,2
655354,0,0,0,1
655355,0,0,0,1
655356,0,0,0,1
655357,0,0,0,1
655359,0,0,0,2
655361,0,0,0,2
655363,0,0,0,1
655366,0,0,0,1
655368,0,0,0,2
655369,0,0,0,1
655371,0,0,0,1
655374,0,0,0,1
655376,0,0,0,2
655379,0,0,0,1
655390,0,0,0,1
655392,0,0,0,2
655397,0,0,0,2
655406,0,0,0,2
655407,0,0,0,1
655409,0,0,0,1
655413,0,0,0,1
655418,0,0,0,1
655421,0,0,0,1
655422,0,0,0,1
655423,0,0,0,1
655424,0,0,0,1
655425,0,0,0,1
655434,0,0,0,2
655435,0,0,0,2
655436,0,0,0,1
655440,0,0,0,1
655443,0,0,0,1
655445,0,0,0,1
655452,0,0,0,1
655455,0,0,0,1
655457,0,0,0,3
655458,0,0,0,1
655463,0,0,0,1
655467,0,0,0,1
655471,0,0,0,1
655475,0,0,0,1
655476,0,0,0,1
655482,0,0,0,1
655483,0,0,0,1
655487,0,0,0,1
655489,0,0,0,1
655490,0,0,0,1
655494,0,0,0,1
655495,0,0,0,2
655502,0,0,0,1
655504,0,0,0,1
655506,0,0,0,1
655507,0,0,0,3
655513,0,0,0,2
655518,0,0,0,1
655522,0,0,0,1
655524,0,0,0,1
655525,0,0,0,1
655527,0,0,0,1
655531,0,0,0,1
655532,0,0,0,1
655533,0,0,0,1
655535,0,0,0,1
655537,0,0,0,1
655538,0,0,0,1
655539,0,0,0,2
655542,0,0,0,1
655544,0,0,0,2
655547,0,0,0,1
655550,0,0,0,1
655551,0,0,0,1
655553,0,0,0,1
655556,0,0,0,1
655557,0,0,0,1
655560,0,0,0,2
655563,0,0,0,1
655571,0,0,0,1
655573,0,0,0,1
655575,0,0,0,1
655577,0,0,0,1
655579,0,0,0,1
655580,0,0,0,1
655585,0,0,0,2
655590,0,0,0,1
655596,0,0,0,1
655597,0,0,0,1
655600,0,0,0,1
655601,0,0,0,1
655603,0,0,0,1
655607,0,0,0,1
655608,0,0,0,1
655610,0,0,0,1
655613,0,0,0,2
655616,0,0,0,1
655622,0,0,0,2
655624,0,0,0,1
655627,0,0,0,1
655631,0,0,0,2
655632,0,0,0,1
655633,0,0,0,1
655635,0,0,0,1
655636,0,0,0,1
655637,0,0,0,1
655638,0,0,0,3
655643,0,0,0,1
655650,0,0,0,1
655651,0,0,0,3
655652,0,0,0,1
655658,0,0,0,1
655659,0,0,0,1
655660,0,0,0,1
655662,0,0,0,1
655663,0,0,0,1
655664,0,0,0,2
655669,0,0,0,1
655673,0,0,0,1
655674,0,0,0,1
655675,0,0,0,1
655679,0,0,0,2
65568,0,295,0,1
655680,0,0,0,1
655681,0,0,0,1
655682,0,0,0,1
655687,0,0,0,1
655688,0,0,0,1
655692,0,0,0,1
655695,0,0,0,1
655697,0,0,0,2
655699,0,0,0,1
655701,0,0,0,1
655702,0,0,0,1
655704,0,0,0,1
655707,0,0,0,2
655709,0,0,0,1
655711,0,0,0,1
655713,0,0,0,1
655714,0,0,0,2
655715,0,0,0,2
655716,0,0,0,1
655719,0,0,0,1
655721,0,0,0,2
655725,0,0,0,1
655728,0,0,0,1
655733,0,0,0,1
655734,0,0,0,1
655739,0,0,0,1
655741,0,0,0,1
655745,0,0,0,1
655747,0,0,0,1
655748,0,0,0,1
655749,0,0,0,1
655752,0,0,0,1
655753,0,0,0,2
655757,0,0,0,1
655764,0,0,0,1
655765,0,0,0,1
655766,0,0,0,1
655767,0,0,0,2
655769,0,0,0,1
655770,0,0,0,1
655773,0,0,0,1
655776,0,0,0,1
655779,0,0,0,1
655784,0,0,0,1
655788,0,0,0,2
655791,0,0,0,1
655792,0,0,0,1
655794,0,0,0,1
655795,0,0,0,1
655796,0,0,0,1
655797,0,0,0,1
655798,0,0,0,1
655799,0,0,0,1
655800,0,0,0,1
655803,0,0,0,1
655806,0,0,0,1
655807,0,0,0,1
655810,0,0,0,1
655811,0,0,0,1
655814,0,0,0,1
655816,0,0,0,2
655817,0,0,0,1
655819,0,0,0,1
655821,0,0,0,2
655822,0,0,0,1
655825,0,0,0,1
655826,0,0,0,1
655837,0,0,0,1
655839,0,0,0,1
655840,0,0,0,1
655846,0,0,0,1
655847,0,0,0,1
655850,0,0,0,1
655853,0,0,0,1
655855,0,0,0,2
655858,0,0,0,2
655861,0,0,0,1
655868,0,0,0,1
655870,0,0,0,1
655877,0,0,0,1
655878,0,0,0,2
655879,0,0,0,1
655882,0,0,0,1
655886,0,0,0,2
655887,0,0,0,1
655893,0,0,0,1
655895,0,0,0,1
655898,0,0,0,1
655899,0,0,0,1
655901,0,0,0,1
655903,0,0,0,1
655904,0,0,0,1
655906,0,0,0,2
655912,0,0,0,1
655915,0,0,0,1
655916,0,0,0,1
655917,0,0,0,1
655918,0,0,0,1
655919,0,0,0,1
655920,0,0,0,1
655921,0,0,0,3
655922,0,0,0,2
655924,0,0,0,1
655929,0,0,0,1
655932,0,0,0,1
655935,0,0,0,1
655941,0,0,0,1
655942,0,0,0,1
655943,0,0,0,1
655945,0,0,0,1
655946,0,0,0,1
655947,0,0,0,1
655949,0,0,0,1
655951,0,0,0,1
655952,0,0,0,2
655957,0,0,0,1
655960,0,0,0,1
655962,0,0,0,1
655969,0,0,0,1
655971,0,0,0,2
655973,0,0,0,2
655974,0,0,0,2
655978,0,0,0,1
655980,0,0,0,1
655982,0,0,0,1
655984,0,0,0,1
655985,0,0,0,1
655989,0,0,0,1
655992,0,0,0,1
655993,0,0,0,1
655995,0,0,0,1
655997,0,0,0,1
656001,0,0,0,1
656002,0,0,0,1
656003,0,0,0,1
656007,0,0,0,1
656008,0,0,0,1
656010,0,0,0,1
656011,0,0,0,1
656013,0,0,0,1
656020,0,0,0,1
656023,0,0,0,2
656024,0,0,0,2
656026,0,0,0,1
656027,0,0,0,1
656028,0,0,0,1
656029,0,0,0,1
656034,0,0,0,1
656040,0,0,0,2
656050,0,0,0,2
656056,0,0,0,1
656059,0,0,0,1
656061,0,0,0,1
656062,0,0,0,1
656063,0,0,0,1
656065,0,0,0,2
656068,0,0,0,1
656072,0,1,0,2
656073,0,0,0,1
656081,0,0,0,2
656082,0,0,0,1
656085,0,0,0,1
656089,0,0,0,1
656090,0,0,0,2
656091,0,0,0,1
656092,0,0,0,1
656096,0,0,0,1
656097,0,0,0,2
656099,0,0,0,1
656100,0,0,0,1
656103,0,0,0,1
656105,0,0,0,3
656108,0,0,0,1
656112,0,0,0,1
656114,0,0,0,1
656116,0,0,0,2
656121,0,0,0,2
656123,0,0,0,1
656126,0,0,0,1
656132,0,0,0,2
656134,0,0,0,1
656141,0,0,0,1
656145,0,0,0,1
656147,0,0,0,1
656151,0,0,0,3
656159,0,0,0,2
656160,0,0,0,1
656164,0,0,0,1
656165,0,0,0,1
656167,0,0,0,2
656169,0,0,0,1
656174,0,0,0,2
656176,0,0,0,1
656177,0,0,0,2
656179,0,0,0,1
656181,0,0,0,1
656182,0,0,0,2
656183,0,0,0,1
656184,0,0,0,1
656185,0,0,0,1
656186,0,0,0,1
656187,0,0,0,2
656188,0,0,0,1
656189,0,0,0,1
656190,0,0,0,1
656200,0,0,0,1
656202,0,0,0,1
656203,0,0,0,1
656207,0,0,0,1
656208,0,0,0,1
656209,0,0,0,1
656210,0,0,0,1
656215,0,0,0,2
656216,0,0,0,1
656217,0,0,0,2
656218,0,0,0,2
656219,0,0,0,1
656220,0,0,0,1
656221,0,0,0,1
656228,0,0,0,1
656229,0,0,0,1
656234,0,0,0,4
656241,0,0,0,1
656242,0,0,0,3
656243,0,0,0,2
656248,0,0,0,1
656250,0,0,0,1
656255,0,0,0,3
656256,0,0,0,1
656257,0,0,0,1
656258,0,0,0,3
656261,0,0,0,2
656276,0,0,0,1
656278,0,0,0,1
656279,0,0,0,1
656280,0,0,0,1
656281,0,0,0,1
656289,0,0,0,1
656292,0,0,0,1
656293,0,0,0,1
656295,0,0,0,1
656297,0,0,0,2
656298,0,0,0,1
656301,0,0,0,1
656302,0,0,0,2
656304,0,0,0,1
656306,0,0,0,1
656309,0,0,0,1
656312,0,0,0,1
656313,0,0,0,1
656315,0,0,1,1
656316,0,0,0,1
656319,0,0,0,1
656322,0,0,0,1
656332,0,0,0,1
656335,0,0,0,1
656338,0,0,0,1
656339,0,0,0,1
656343,0,0,0,1
656348,0,0,0,2
656354,0,0,0,1
656358,0,0,0,1
656360,0,0,0,2
656361,0,0,0,1
656364,0,0,0,1
656366,0,0,0,1
656369,0,0,0,2
656370,0,0,0,3
656373,0,0,0,1
656375,0,0,0,1
656377,0,0,0,1
656378,0,0,0,1
656388,0,0,0,1
656392,0,0,0,2
656393,0,0,0,2
656396,0,0,0,1
656398,0,0,0,1
656399,0,0,0,1
656405,0,0,0,1
656407,0,0,0,1
656408,0,0,0,2
656409,0,0,0,1
656411,0,0,0,1
656415,0,0,0,1
656423,0,0,0,1
656424,0,0,0,1
656425,0,0,0,1
656426,0,0,0,1
656428,0,0,0,1
656429,0,0,0,1
656430,0,0,0,1
656431,0,0,0,1
656432,0,0,0,1
656433,0,0,0,2
656434,0,0,0,1
656436,0,0,0,1
656439,0,0,0,1
656445,0,0,0,1
656447,0,0,0,1
656453,0,0,0,1
656457,0,0,0,2
656460,0,0,0,1
656463,0,0,0,1
656464,0,0,0,1
656469,0,0,0,2
656475,0,0,0,1
656477,0,0,0,1
656478,0,0,0,2
656479,0,0,0,1
656481,0,0,0,2
656486,0,0,0,2
656491,0,0,0,4
656493,0,0,0,1
656495,0,0,1,2
656498,0,0,0,1
656502,0,0,0,1
656512,0,0,0,1
656517,0,0,0,1
656518,0,0,0,1
656519,0,0,0,1
656525,0,0,0,1
656528,0,0,0,1
656529,0,0,0,1
656535,0,0,0,1
656538,0,0,0,1
656539,0,0,0,2
656540,0,0,0,1
656541,0,0,0,4
656542,0,0,0,1
656545,0,0,0,2
656555,0,0,0,1
656556,0,0,0,1
656557,0,0,0,1
656558,0,0,0,1
656559,0,0,0,1
656560,0,0,0,1
656568,0,0,0,1
656570,0,0,0,1
656571,0,0,0,3
656573,0,0,0,1
656575,0,0,0,1
656576,0,0,0,1
656578,0,0,0,1
656582,0,0,0,1
656587,0,0,0,1
656590,0,0,0,2
656591,0,0,0,1
656592,0,0,0,1
656593,0,0,0,1
656594,0,0,0,1
656598,0,0,0,1
656601,0,0,0,1
656604,0,0,0,1
656605,0,0,0,1
656614,0,0,0,2
656615,0,0,0,1
656620,0,0,0,1
656625,0,0,0,1
656628,0,0,0,1
656636,0,0,0,1
656637,0,0,0,1
656639,0,0,0,1
656641,0,0,0,1
656642,0,0,0,1
656645,0,0,0,1
656648,0,0,0,1
656650,0,0,0,1
656654,0,0,0,1
656656,0,0,0,1
656657,0,0,0,3
656658,0,0,0,1
656659,0,0,0,1
656660,0,0,0,1
656665,0,0,0,1
656667,0,0,0,2
656668,0,0,0,1
656671,0,0,0,1
656673,0,0,0,1
656678,0,0,0,3
656681,0,0,0,1
656682,0,0,0,2
656687,0,0,0,1
656688,0,0,0,1
656689,0,0,0,1
656690,0,0,0,1
656691,0,0,0,1
656693,0,0,0,1
656694,0,0,0,1
656695,0,0,0,1
656696,0,0,0,2
656697,0,0,0,2
6567,0,214,0,1
656700,0,0,0,1
656702,0,0,0,1
656704,0,0,0,1
656705,0,0,0,1
656706,0,0,0,1
656710,0,0,0,1
656712,0,0,0,1
656715,0,0,0,1
656717,0,0,0,1
656719,0,0,0,1
656720,0,0,0,1
656724,0,0,0,1
656725,0,0,0,3
656731,0,0,0,1
656732,0,0,0,1
656739,0,0,0,1
656743,0,0,0,2
656745,0,0,0,1
656749,0,0,0,1
656752,0,0,0,1
656766,0,0,0,2
656768,0,0,0,3
656769,0,0,0,1
656770,0,0,0,1
656776,0,0,0,1
656779,0,0,0,1
656780,0,0,0,1
656782,0,0,0,1
656784,0,0,0,1
656786,0,0,0,2
656788,0,0,0,1
656790,0,0,0,1
656792,0,0,0,1
656795,0,0,0,1
656797,0,0,0,1
656799,0,0,0,1
6568,0,495,0,1
656800,0,0,0,2
656804,0,0,0,3
656809,0,0,0,1
65681,0,271,0,1
656812,0,0,0,1
656814,0,0,0,1
656815,0,0,0,1
656819,0,0,0,1
65682,0,491,0,1
656825,0,0,0,1
65683,0,498,0,1
656833,0,0,0,1
656835,0,0,0,2
656836,0,0,0,2
656837,0,0,0,1
65684,0,504,0,1
656841,0,0,0,1
656842,0,0,0,1
656843,0,0,0,1
656847,0,0,0,1
65685,0,500,0,1
656852,0,0,0,1
656854,0,0,0,1
656857,0,0,0,1
656859,0,0,0,2
65686,0,502,0,1
656860,0,0,0,1
65687,0,497,0,1
656877,0,0,0,1
65688,0,494,0,1
656881,0,0,0,1
656884,0,0,0,1
656886,0,0,0,2
656887,0,0,0,1
656889,0,0,0,2
65689,0,499,0,1
656897,0,0,0,1
6569,0,498,0,1
65690,0,500,0,1
656900,0,0,0,1
656902,0,0,0,3
656908,0,0,0,1
65691,0,490,0,1
656913,0,0,0,1
656914,0,0,0,1
656915,0,0,0,1
656916,0,0,0,1
656917,0,0,0,1
65692,0,496,0,1
656920,0,0,0,2
656926,0,0,0,1
65693,0,496,0,1
656931,0,0,0,1
656932,0,0,0,1
65694,0,496,0,1
656940,0,0,0,1
656945,0,0,0,2
656949,0,0,0,1
65695,0,492,0,1
656950,0,0,0,2
656952,0,0,0,2
656955,0,0,0,2
65696,0,485,0,1
656961,0,0,0,1
656962,0,0,0,1
656963,0,0,0,2
656966,0,0,0,1
656967,0,0,0,2
656968,0,0,0,2
65697,0,489,1,1
656971,0,0,0,2
656973,0,0,0,1
656976,0,0,0,1
656977,0,0,1,1
656978,0,0,0,3
65698,0,394,0,1
656980,0,0,0,1
656983,0,0,0,2
656987,0,0,0,1
656988,0,0,0,2
656989,0,0,0,2
656990,0,0,1,1
656993,0,0,0,1
6570,0,491,0,1
657006,0,0,0,1
657008,0,0,0,2
657010,0,0,0,1
657012,0,0,0,2
657017,0,0,1,1
657023,0,0,0,1
657031,0,0,0,2
657034,0,0,0,1
657038,0,0,0,1
657039,0,0,0,2
657041,0,0,0,1
657042,0,0,0,2
657043,0,0,0,1
657047,0,0,0,1
657048,0,0,0,1
657052,0,0,0,1
657054,0,0,0,1
657055,0,0,0,1
657056,0,0,0,1
657061,0,0,0,1
657062,0,0,0,1
657064,0,0,0,1
657065,0,0,0,1
657070,0,0,0,1
657072,0,0,0,1
657074,0,0,0,1
657076,0,0,0,2
657077,0,0,0,2
657079,0,0,0,1
657081,0,0,0,1
657085,0,0,0,1
657086,0,0,0,1
657087,0,0,0,2
657093,0,0,0,1
657095,0,0,0,1
657097,0,0,0,1
657099,0,0,0,1
6571,0,488,0,1
657100,0,0,0,1
657102,0,0,0,1
657103,0,0,0,1
657104,0,0,0,2
657108,0,0,0,1
657113,0,0,0,3
657115,0,0,0,2
657116,0,0,0,1
657117,0,0,0,1
657119,0,0,0,1
657125,0,0,0,1
657127,0,0,0,1
65713,0,495,0,1
657132,0,0,0,1
657136,0,0,0,2
657138,0,0,0,1
65714,0,499,0,1
657140,0,0,0,1
657144,0,0,0,2
657146,0,0,0,2
657147,0,0,0,1
65715,0,502,0,1
657150,0,0,0,1
657151,0,0,0,1
657152,0,0,0,1
657153,0,0,0,1
657155,0,0,0,1
657156,0,0,0,1
657157,0,0,0,1
657159,0,0,0,1
65716,0,503,0,1
657161,0,0,0,1
657167,0,0,0,1
657169,0,0,0,2
65717,0,500,0,1
657170,0,0,0,1
657173,0,0,0,1
657175,0,0,0,2
657176,0,0,0,1
657179,0,0,0,1
65718,0,501,0,1
657180,0,0,0,1
657182,0,0,0,3
657183,0,0,0,1
657184,0,0,0,2
657188,0,0,0,2
657189,0,0,0,2
65719,0,503,0,1
657192,0,0,0,1
657195,0,0,0,1
657196,0,0,0,2
657199,0,0,0,2
6572,0,495,0,1
65720,0,502,0,1
657201,0,0,0,1
657206,0,0,0,1
657208,0,0,0,1
657209,0,0,0,2
65721,0,501,0,1
657214,0,0,0,1
657215,0,0,0,1
657217,0,0,0,1
657219,0,0,0,1
65722,0,500,0,1
657223,0,0,0,1
657224,0,0,0,1
65723,0,503,0,1
657230,0,0,0,1
657233,0,0,0,1
657236,0,0,0,1
657237,0,0,0,1
657238,0,0,0,1
657239,0,0,0,1
65724,0,502,0,1
657241,0,0,0,2
657242,0,0,0,1
657243,0,0,0,1
65725,0,498,0,1
657252,0,0,0,1
657257,0,0,0,1
657259,0,0,0,1
65726,0,501,0,1
657261,0,0,0,1
657267,0,0,0,1
65727,0,505,0,1
657272,0,0,0,1
657274,0,0,0,1
657279,0,0,0,1
65728,0,504,0,1
657281,0,0,0,1
657282,0,0,0,1
657284,0,0,0,1
657285,0,0,0,1
657286,0,0,0,1
657289,0,0,0,1
65729,0,495,0,1
657294,0,0,0,1
657297,0,0,0,1
657299,0,0,0,1
6573,0,175,0,1
65730,0,288,0,1
657304,0,0,0,2
657311,0,0,0,1
657312,0,0,0,1
657314,0,0,0,1
657316,0,0,0,1
657317,0,0,0,1
657320,0,0,0,1
657322,0,0,0,1
657324,0,0,0,2
657326,0,0,0,2
657327,0,0,0,1
657336,0,0,0,1
657338,0,0,0,1
657339,0,0,0,1
657340,0,0,0,1
657341,0,0,0,2
657343,0,0,0,1
657349,0,0,0,1
657351,0,0,0,1
657354,0,0,0,1
657362,0,0,0,1
657363,0,0,0,1
657365,0,0,0,1
657367,0,0,0,1
657368,0,0,2,1
657370,0,0,0,1
657372,0,0,0,1
657376,0,0,0,1
657379,0,0,0,1
657381,0,0,0,1
657383,0,0,0,1
657387,0,0,0,1
657391,0,0,0,1
657392,0,0,0,2
657394,0,0,0,1
657395,0,0,0,1
657396,0,0,0,1
657402,0,0,0,1
657403,0,0,0,2
657407,0,0,0,1
657410,0,0,0,2
657411,0,0,0,1
657412,0,0,0,3
657420,0,0,0,2
657424,0,0,0,1
657426,0,0,0,1
657427,0,0,0,1
657428,0,0,0,1
657429,0,0,0,2
657432,0,0,0,1
657436,0,0,0,1
657437,0,0,0,1
657438,0,0,0,1
657444,0,0,0,1
657445,0,0,0,1
657447,0,0,0,1
657451,0,0,0,1
657453,0,0,0,1
657455,0,0,0,1
657456,0,0,0,3
657458,0,0,0,1
657463,0,0,0,1
657466,0,0,0,1
657468,0,0,0,1
657469,0,0,0,2
657478,0,0,0,2
657480,0,0,0,2
657486,0,0,0,2
657488,0,0,0,1
657492,0,0,0,1
657494,0,0,0,1
657502,0,0,0,1
657504,0,0,1,1
657505,0,0,0,2
657506,0,0,0,1
657507,0,0,0,2
657508,0,0,0,1
657510,0,0,0,1
657513,0,0,0,1
657516,0,0,0,1
657519,0,0,0,1
657526,0,0,0,2
657527,0,0,0,1
657528,0,0,0,1
657530,0,0,0,2
657531,0,0,0,1
657532,0,0,0,1
657533,0,0,0,1
657538,0,0,0,1
657540,0,0,0,2
657544,0,0,0,1
657545,0,0,0,1
657546,0,0,0,1
657547,0,0,0,1
657553,0,0,0,1
657554,0,0,0,1
657558,0,0,0,1
657563,0,0,0,1
657565,0,0,0,1
657566,0,0,0,3
657567,0,0,0,1
657569,0,0,0,1
657571,0,0,0,1
657573,0,0,0,1
657574,0,0,0,2
657580,0,0,0,1
657586,0,0,0,1
657587,0,0,0,1
657592,0,0,0,1
657594,0,0,0,2
657596,0,0,0,2
657597,0,0,0,1
657598,0,0,0,1
657600,0,0,0,1
657601,0,0,0,1
657602,0,0,0,2
657604,0,0,0,1
657605,0,0,0,1
657606,0,0,0,1
657608,0,0,0,2
657612,0,0,0,1
657616,0,0,0,1
657619,0,0,0,2
657621,0,0,0,1
657622,0,0,0,1
657624,0,0,0,2
657631,0,0,0,1
657632,0,0,0,1
657634,0,0,0,1
657636,0,0,0,1
657638,0,0,0,1
657640,0,0,0,1
657641,0,0,0,1
657652,0,0,0,1
657657,0,0,0,2
657659,0,0,0,1
657660,0,0,0,1
657663,0,0,0,1
657668,0,0,0,2
657669,0,0,0,1
657670,0,0,0,1
657671,0,0,0,1
657672,0,0,0,1
657675,0,0,0,1
657677,0,0,0,1
657679,0,0,0,1
657681,0,0,0,2
657686,0,0,0,1
657687,0,0,0,1
657688,0,0,0,1
657690,0,0,0,1
657693,0,0,0,1
657696,0,0,0,1
657697,0,0,0,1
657698,0,0,0,2
657699,0,0,0,1
657703,0,0,0,1
657707,0,0,0,1
657708,0,0,0,2
657709,0,0,0,1
657713,0,0,0,1
657716,0,0,0,1
657725,0,0,0,1
657728,0,0,0,1
657730,0,0,0,1
657733,0,0,0,1
657738,0,0,0,2
657739,0,0,0,1
657742,0,0,0,1
657744,0,0,0,1
657748,0,0,0,1
657752,0,0,0,1
657754,0,0,0,1
657757,0,0,0,1
657758,0,0,0,1
657763,0,0,0,1
657766,0,0,0,1
657768,0,0,0,1
657773,0,0,0,1
657778,0,0,0,1
657780,0,0,0,4
657781,0,0,0,1
657783,0,0,0,3
657787,0,0,0,1
657789,0,0,0,3
657790,0,0,0,1
657791,0,0,0,1
657797,0,0,0,2
657800,0,0,0,1
657802,0,0,0,1
657803,0,0,0,4
657804,0,0,0,1
657805,0,0,0,1
657807,0,0,0,4
657808,0,0,0,1
657810,0,0,0,1
657811,0,0,0,2
657813,0,0,0,1
657818,0,0,0,2
657819,0,0,0,1
657820,0,0,0,1
657821,0,0,0,2
657823,0,0,0,1
657826,0,0,0,1
657829,0,0,0,2
657830,0,0,0,1
657831,0,0,0,2
657833,0,0,0,2
657835,0,0,0,1
657836,0,0,0,1
657837,0,0,0,1
657842,0,0,0,1
657845,0,0,0,1
657849,0,0,0,1
657850,0,0,0,2
657853,0,0,0,1
657855,0,0,0,1
657864,0,0,0,2
657865,0,0,0,1
657866,0,0,0,1
657868,0,0,0,1
657871,0,0,0,1
657872,0,0,0,1
657876,0,0,0,1
657881,0,0,0,1
657886,0,0,0,2
657888,0,0,0,1
657891,0,0,0,1
657892,0,0,0,1
657897,0,0,0,1
657902,0,0,0,1
657906,0,0,0,1
657909,0,0,0,1
657914,0,0,0,1
657915,0,0,0,1
657918,0,0,0,2
657920,0,0,0,1
657926,0,0,0,3
657932,0,0,0,1
657933,0,0,0,1
657935,0,0,0,1
657939,0,0,0,1
657943,0,0,0,2
657944,0,0,0,1
657945,0,0,0,1
657946,0,0,0,1
657950,0,0,0,1
657953,0,0,0,1
657954,0,0,0,1
657958,0,0,0,1
657965,0,0,0,2
657967,0,0,0,4
657968,0,0,0,1
657969,0,0,0,1
657972,0,0,0,1
657973,0,0,0,1
657979,0,0,0,1
657980,0,0,0,1
657981,0,0,0,2
657982,0,0,0,1
657983,0,0,0,2
657989,0,0,0,1
658002,0,0,0,1
658007,0,0,0,1
658009,0,0,0,1
658010,0,0,0,1
658014,0,0,0,1
658015,0,0,0,1
658019,0,0,0,1
658021,0,0,0,2
658022,0,0,0,1
658023,0,0,0,1
658030,0,0,0,1
658031,0,0,0,1
658043,0,0,0,1
658047,0,0,0,1
658048,0,0,0,1
658054,0,0,0,1
658055,0,0,0,1
658059,0,0,0,2
658062,0,0,0,2
658064,0,0,0,1
658067,0,0,0,1
658068,0,0,0,3
658069,0,0,0,2
658070,0,0,0,2
658072,0,0,0,1
658073,0,0,0,1
658077,0,0,0,1
658080,0,0,0,2
658085,0,0,0,1
658087,0,0,0,1
658091,0,0,0,1
658093,0,0,0,1
658096,0,0,0,1
658099,0,0,0,1
658102,0,0,0,1
658105,0,0,0,1
658106,0,0,0,1
658110,0,0,0,4
658111,0,0,0,2
658117,0,0,0,1
658118,0,0,0,2
658123,0,0,0,1
658131,0,0,0,1
658132,0,0,0,1
658133,0,0,0,1
658134,0,0,0,2
658136,0,0,0,1
658137,0,0,0,1
658138,0,0,0,2
658143,0,0,0,1
658146,0,0,0,1
658147,0,0,0,2
658148,0,0,0,2
658149,0,0,0,1
658153,0,0,0,2
658154,0,0,0,1
658157,0,0,0,1
658162,0,0,0,1
658166,0,0,0,1
658168,0,0,0,1
658169,0,0,0,1
658170,0,0,0,1
658171,0,0,0,1
658174,0,0,0,1
658178,0,0,0,2
658179,0,0,0,2
658180,0,0,0,1
658183,0,0,0,1
658187,0,0,0,1
658189,0,0,0,2
658193,0,0,0,3
658197,0,0,0,3
658202,0,0,0,1
658205,0,0,0,1
658206,0,0,0,1
658208,0,0,0,1
658210,0,0,0,2
658211,0,0,0,1
658213,0,0,0,1
658215,0,0,0,2
658220,0,0,0,1
658222,0,0,0,1
658223,0,0,0,1
658224,0,0,0,1
658229,0,0,0,2
658230,0,0,0,1
658235,0,0,0,1
658236,0,0,0,1
658239,0,0,0,1
658246,0,0,0,1
658247,0,0,0,1
658251,0,0,0,2
658252,0,0,0,2
658254,0,0,0,1
658255,0,0,0,1
658258,0,0,0,1
658259,0,0,0,1
658260,0,0,0,1
658262,0,0,0,1
658265,0,0,0,1
658266,0,0,0,2
658267,0,0,0,1
658270,0,0,0,1
658272,0,0,0,1
658278,0,0,0,2
65828,0,10,0,1
658284,0,0,0,1
658286,0,0,0,2
658287,0,0,0,1
658290,0,0,0,1
658295,0,0,0,1
658298,0,0,0,1
658305,0,0,0,1
658306,0,0,0,1
658308,0,0,0,1
658314,0,0,0,2
658317,0,0,0,2
658319,0,0,0,1
658320,0,0,0,1
658322,0,0,0,1
658323,0,0,0,2
658325,0,0,0,1
658337,0,0,0,1
658339,0,0,0,1
658341,0,0,0,1
658344,0,0,0,1
658346,0,0,0,2
658348,0,0,0,1
658352,0,0,0,1
658353,0,0,0,1
658354,0,0,0,1
658355,0,0,0,1
658358,0,0,0,1
658360,0,0,0,2
658361,0,0,0,1
658365,0,0,0,1
658366,0,0,0,1
658373,0,0,0,1
658374,0,0,0,1
658382,0,0,0,1
658385,0,0,0,1
658388,0,0,0,1
658389,0,0,0,1
658390,0,0,0,2
658391,0,0,0,1
658393,0,0,0,2
658397,0,0,0,2
658399,0,0,0,1
658400,0,0,0,1
658401,0,0,0,1
658403,0,0,0,1
658404,0,0,0,1
658407,0,0,0,2
658410,0,0,0,1
658413,0,0,0,1
658415,0,0,0,1
658419,0,0,0,3
658422,0,0,0,1
658424,0,0,0,1
658427,0,0,0,1
658428,0,0,0,1
658430,0,0,0,1
658433,0,0,0,1
658437,0,0,0,1
658442,0,0,0,1
658443,0,0,0,1
658446,0,0,0,1
658447,0,0,0,1
658448,0,0,0,1
658450,0,0,0,1
658452,0,0,0,1
658455,0,0,0,1
658459,0,0,0,1
658461,0,0,0,1
658467,0,0,0,1
658471,0,0,0,1
658479,0,0,0,1
658482,0,0,0,1
658484,0,0,0,1
658492,0,0,0,1
658495,0,0,0,1
658503,0,0,0,2
658506,0,0,0,1
658509,0,0,0,1
658510,0,0,0,2
658511,0,0,0,1
658513,0,0,0,1
658516,0,0,0,1
658520,0,0,0,3
658523,0,0,0,1
658524,0,0,0,1
658525,0,0,0,1
658526,0,0,0,1
658531,0,0,0,1
658532,0,0,0,1
658533,0,0,0,1
658535,0,0,0,1
658539,0,0,0,1
658542,0,0,0,2
658543,0,0,0,1
658546,0,0,0,1
658547,0,0,0,1
658554,0,0,0,1
658555,0,0,0,1
658556,0,0,0,1
658560,0,0,0,1
658561,0,0,0,1
658564,0,0,0,1
658568,0,0,0,1
658571,0,0,0,1
658578,0,0,0,2
658583,0,0,0,2
658589,0,0,0,2
658590,0,0,0,1
658595,0,0,0,1
658596,0,0,0,1
658597,0,0,0,1
658599,0,0,0,1
658601,0,0,0,1
658602,0,0,0,1
658604,0,0,0,1
658605,0,0,0,1
658608,0,0,0,1
658611,0,0,0,1
658619,0,0,0,1
658623,0,0,0,1
658625,0,0,0,1
658630,0,0,0,1
658637,0,0,0,1
658640,0,0,0,2
658645,0,0,0,1
658647,0,0,0,1
658651,0,0,0,1
658654,0,0,0,1
658656,0,0,0,1
658659,0,0,0,2
658661,0,0,0,1
658662,0,0,0,1
658666,0,0,0,1
658674,0,0,0,2
658680,0,0,0,1
658688,0,0,0,1
658694,0,0,0,1
658697,0,0,0,1
658698,0,0,0,1
658703,0,0,0,1
658706,0,0,0,1
658710,0,0,0,2
658712,0,0,0,1
658715,0,0,0,1
658717,0,0,0,1
658719,0,0,0,1
658720,0,0,0,1
658722,0,0,0,1
658723,0,0,0,1
658724,0,0,0,1
658726,0,0,0,1
658728,0,0,0,1
658731,0,0,0,1
658732,0,0,0,1
658733,0,0,0,1
658734,0,0,0,1
658735,0,0,0,1
658741,0,0,0,1
658742,0,0,0,1
658743,0,0,0,1
658744,0,0,0,1
658749,0,0,0,1
658750,0,0,0,2
658751,0,0,0,2
658755,0,0,0,1
658758,0,0,0,3
658760,0,0,0,2
658761,0,0,0,1
658762,0,0,0,1
658763,0,0,0,1
658767,0,0,0,1
658770,0,0,0,2
658771,0,0,0,1
658772,0,0,0,1
658777,0,0,0,1
658778,0,0,0,1
658785,0,0,0,1
658786,0,0,0,1
658790,0,0,0,1
658791,0,0,0,1
658792,0,0,0,3
658793,0,0,0,2
658794,0,0,0,1
658795,0,0,0,1
658796,0,0,0,1
658798,0,0,0,3
658799,0,0,0,1
658802,0,0,0,1
658803,0,0,0,1
658804,0,0,0,1
658807,0,0,0,1
658809,0,0,0,1
658810,0,0,0,1
658813,0,0,0,1
658821,0,0,0,1
658823,0,0,0,2
658829,0,0,0,1
658832,0,0,0,1
658834,0,0,0,2
658838,0,0,0,1
658840,0,0,0,1
658842,0,0,0,1
658843,0,0,0,2
658846,0,0,0,1
658847,0,0,0,1
658850,0,0,0,1
658859,0,0,0,1
658868,0,0,0,1
658869,0,0,0,1
658872,0,0,0,1
658873,0,0,0,1
658875,0,0,0,1
658878,0,0,0,1
658881,0,0,0,1
658884,0,0,0,1
658887,0,0,0,1
658895,0,0,0,1
658900,0,0,0,1
658902,0,0,0,1
658904,0,0,0,1
658905,0,0,0,1
658906,0,0,0,1
658907,0,0,0,1
658909,0,0,0,1
658910,0,0,0,2
658913,0,0,0,1
658914,0,0,0,1
658915,0,0,0,1
658917,0,0,0,2
658918,0,0,1,1
658920,0,0,0,2
658922,0,0,0,1
658930,0,0,0,2
658931,0,0,0,1
658934,0,0,0,1
658935,0,0,0,1
658936,0,0,0,2
658939,0,0,0,1
658945,0,0,0,2
658949,0,0,0,1
658956,0,0,0,2
658957,0,0,0,1
658964,0,0,0,1
658965,0,0,0,1
658966,0,0,0,1
658971,0,0,0,1
658972,0,0,0,1
658977,0,0,0,1
658983,0,0,0,1
658989,0,0,0,2
65899,0,299,0,1
658990,0,0,0,1
658999,0,0,0,1
65900,0,507,0,1
659003,0,0,0,1
659006,0,0,0,2
65901,0,502,0,1
659010,0,0,0,1
659012,0,0,0,1
659017,0,0,0,1
659018,0,0,0,2
65902,0,503,0,1
659020,0,0,0,1
659021,0,0,0,1
659022,0,0,0,1
659024,0,0,0,1
659029,0,0,0,1
65903,0,503,0,1
659031,0,0,0,1
659034,0,0,0,1
659039,0,0,0,2
65904,0,505,0,1
659041,0,0,0,1
659042,0,0,0,1
659048,0,0,0,2
65905,0,131,1,1
659057,0,0,0,1
659061,0,0,0,3
659065,0,0,0,2
659070,0,0,0,2
659072,0,0,0,1
659074,0,0,0,1
659078,0,0,0,1
659079,0,0,0,2
65908,0,0,0,1
659081,0,0,0,1
659083,0,0,0,1
659089,0,0,0,1
659092,0,0,0,1
659096,0,0,0,1
659098,0,0,0,1
659101,0,0,0,2
659103,0,0,0,1
659104,0,0,0,1
659108,0,0,0,1
659110,0,0,0,1
659111,0,0,0,1
659113,0,0,0,1
659116,0,0,0,1
659117,0,0,0,1
659123,0,0,0,1
659124,0,0,0,1
659126,0,0,0,3
659127,0,0,0,1
659129,0,0,0,1
659131,0,0,0,2
659133,0,0,0,2
659135,0,0,0,3
659137,0,0,0,2
659138,0,0,0,1
659143,0,0,0,1
659146,0,0,0,1
659148,0,0,0,1
659150,0,0,0,1
659151,0,0,0,1
659154,0,0,0,2
659157,0,0,0,1
659159,0,0,0,1
659161,0,0,0,1
659164,0,0,0,1
659170,0,0,0,1
659174,0,0,0,1
659176,0,0,0,1
659185,0,0,0,1
659186,0,0,0,1
659187,0,0,0,1
659189,0,0,0,1
659193,0,0,0,1
659194,0,0,0,1
659198,0,0,0,1
659201,0,0,0,2
659202,0,0,0,1
659208,0,0,0,1
659215,0,0,0,1
659219,0,2,0,2
659221,0,0,0,1
659228,0,0,0,1
659229,0,0,0,1
659230,0,0,0,1
659231,0,0,0,1
659236,0,0,0,1
659241,0,0,0,1
659242,0,0,0,1
659249,0,0,0,1
659251,0,0,0,2
659254,0,0,0,1
659261,0,0,0,2
659262,0,0,0,1
659265,0,0,0,1
659267,0,0,0,2
659268,0,0,0,1
659277,0,0,0,1
65928,0,86,0,1
659283,0,0,0,1
659289,0,0,0,1
659291,0,0,0,1
659301,0,0,0,1
659302,0,0,0,1
659303,0,0,0,1
659305,0,0,0,1
659312,0,0,0,1
659315,0,0,0,1
659318,0,0,0,1
659323,0,0,0,1
659324,0,0,0,1
659326,0,0,0,1
659330,0,0,0,1
659331,0,0,0,1
659334,0,0,0,1
659341,0,0,0,2
659342,0,0,0,1
659345,0,0,0,1
659349,0,0,0,2
659351,0,0,0,2
659354,0,0,0,1
659359,0,0,0,1
659362,0,0,0,1
659364,0,0,0,1
659366,0,0,0,1
659367,0,0,0,1
659368,0,0,0,3
659375,0,0,0,1
659378,0,0,0,1
659379,0,0,0,1
659381,0,0,0,1
659387,0,0,0,1
659388,0,0,0,1
659391,0,0,0,1
659392,0,0,0,1
659393,0,0,0,2
659395,0,0,0,2
659403,0,0,0,2
659407,0,0,0,1
659411,0,0,0,1
659412,0,0,0,1
659415,0,0,0,1
659417,0,0,0,1
659419,0,0,0,1
659425,0,0,0,1
659428,0,0,0,1
659431,0,0,0,2
659432,0,0,0,1
659434,0,0,0,1
659435,0,0,0,1
659438,0,0,0,1
659440,0,0,0,1
659444,0,0,0,1
659445,0,0,0,1
659449,0,0,0,1
659452,0,0,0,1
659453,0,0,0,2
659458,0,0,0,1
659460,0,0,0,1
659464,0,0,0,1
659468,0,0,0,1
659470,0,0,0,1
659474,0,0,0,1
659475,0,0,0,1
659477,0,0,0,1
659478,0,0,0,1
659479,0,0,0,1
659482,0,0,0,1
659486,0,0,0,3
659488,0,0,0,1
659490,0,0,0,1
659491,0,0,0,1
659492,0,0,0,1
659493,0,0,0,1
659494,0,0,0,1
659495,0,0,0,1
659496,0,0,0,1
659500,0,0,0,1
659502,0,0,0,1
659509,0,0,0,1
659510,0,0,0,1
659511,0,0,0,1
659514,0,0,0,1
659515,0,0,0,2
659518,0,0,0,1
659522,0,0,0,1
659523,0,0,0,1
659525,0,0,0,1
659531,0,0,0,2
659532,0,0,0,1
659534,0,0,0,1
659535,0,0,0,1
659537,0,0,0,1
659538,0,0,0,1
659545,0,0,0,2
659550,0,0,0,1
659552,0,0,0,1
659556,0,0,1,2
659558,0,0,0,1
659559,0,0,0,1
659562,0,0,0,1
659563,0,0,0,1
659565,0,0,0,2
659569,0,0,0,1
659570,0,0,0,1
659573,0,0,0,1
659574,0,0,0,1
659581,0,0,0,1
659589,0,0,0,1
659590,0,0,0,1
659598,0,0,0,1
659603,0,0,0,1
659607,0,0,0,1
659608,0,0,0,1
659610,0,0,0,1
659611,0,0,0,1
659612,0,0,0,2
659616,0,0,0,1
659618,0,0,0,1
659619,0,0,0,1
659620,0,0,0,1
659626,0,0,0,1
659627,0,0,0,1
659628,0,0,0,1
659629,0,0,0,1
659631,0,0,0,1
659632,0,0,0,1
659633,0,0,0,1
659635,0,0,0,2
659637,0,0,0,1
659639,0,0,0,1
659642,0,0,0,1
659643,0,0,0,1
659646,0,0,0,2
659647,0,0,0,1
659654,0,0,0,1
659656,0,0,0,1
659658,0,0,0,2
659664,0,0,0,1
659667,0,0,0,1
659668,0,0,0,1
659673,0,0,0,1
659678,0,0,0,1
659682,0,0,0,1
659688,0,0,0,1
659689,0,0,0,1
659702,0,0,0,1
659704,0,0,0,2
659707,0,0,0,1
659710,0,0,0,1
659713,0,0,0,1
659715,0,0,0,2
659716,0,0,0,1
659717,0,0,0,2
659718,0,0,0,1
659719,0,0,0,1
659721,0,0,0,2
659726,0,0,0,1
659732,0,0,0,1
659733,0,0,0,2
659735,0,0,0,2
659738,0,0,0,1
659742,0,0,0,1
659743,0,0,0,1
659746,0,0,0,3
659749,0,0,0,1
659752,0,0,0,2
659753,0,0,0,1
659758,0,0,0,1
659760,0,0,0,1
659762,0,0,0,1
659763,0,0,0,1
659768,0,0,0,3
659770,0,0,0,2
659774,0,0,0,1
659776,0,0,0,1
659777,0,0,0,1
659781,0,0,0,1
659782,0,0,0,1
659783,0,0,0,1
659784,0,0,0,1
659788,0,0,0,1
659789,0,0,0,1
659792,0,0,0,1
659794,0,0,0,2
659796,0,0,0,1
659804,0,0,0,1
659806,0,0,0,1
659807,0,0,0,1
659809,0,0,0,1
659810,0,0,0,2
659811,0,0,0,1
659812,0,0,0,1
659815,0,0,0,1
659816,0,0,0,2
659818,0,0,0,1
659822,0,0,0,1
659825,0,0,0,1
659826,0,0,0,1
659828,0,0,0,1
659829,0,0,0,1
659830,0,0,0,1
659831,0,0,0,1
659834,0,0,0,1
659839,0,0,0,2
659840,0,0,0,1
659842,0,0,0,1
659845,0,0,0,1
659847,0,0,0,1
659848,0,0,0,1
659849,0,0,0,2
659850,0,0,0,1
659851,0,0,0,1
659855,0,0,0,1
659856,0,0,0,1
659858,0,0,0,2
659860,0,0,0,1
659867,0,0,0,2
659869,0,0,0,1
659870,0,0,0,1
659871,0,0,0,3
659873,0,0,0,1
659874,0,0,0,1
659876,0,0,0,1
659877,0,0,0,1
659879,0,0,0,1
659883,0,0,0,3
659885,0,0,0,2
659889,0,0,0,3
659892,0,0,0,1
659893,0,0,0,3
659898,0,0,0,1
659899,0,0,0,1
659908,0,0,0,2
659912,0,0,1,2
659915,0,0,0,1
659916,0,0,0,2
659918,0,0,0,1
659925,0,0,0,2
659926,0,0,0,1
659927,0,0,0,1
659930,0,0,0,1
659933,0,0,0,2
659934,0,0,0,1
659936,0,0,0,2
659937,0,0,0,1
659942,0,0,0,2
659948,0,0,0,1
659952,0,0,0,1
659956,0,0,0,1
659958,0,0,0,1
659960,0,0,0,1
659961,0,0,0,1
659963,0,0,0,1
659965,0,0,0,1
659972,0,0,0,1
659977,0,0,1,1
659979,0,0,0,1
659980,0,0,0,1
659982,0,0,0,1
659984,0,0,0,4
659985,0,0,0,1
659989,0,0,0,1
659990,0,0,0,1
659993,0,0,0,2
659997,0,0,0,1
659998,0,0,0,1
66,0,240,0,1
660003,0,0,0,1
660018,0,0,0,1
660020,0,0,0,1
660021,0,0,0,1
660024,0,0,0,1
660025,0,0,0,1
660028,0,0,0,1
660035,0,0,0,1
660036,0,0,0,1
660037,0,0,0,1
660040,0,0,0,1
660041,0,0,0,1
660046,0,0,0,2
660047,0,0,0,1
660052,0,0,0,2
660053,0,0,0,1
660055,0,0,0,1
660056,0,0,0,1
660057,0,0,0,1
660059,0,0,0,1
660060,0,0,0,1
660065,0,0,0,1
660074,0,0,0,2
660077,0,0,0,1
660078,0,0,0,1
660083,0,0,0,1
660084,0,0,0,1
660087,0,0,0,1
660089,0,0,0,1
660090,0,0,0,1
660091,0,0,0,2
660095,0,0,0,1
660097,0,0,0,1
660099,0,0,0,1
660101,0,0,0,3
660103,0,0,0,1
660108,0,0,0,1
660110,0,0,0,1
660113,0,0,0,2
660114,0,0,0,1
660116,0,0,0,1
660117,0,0,0,1
660118,0,0,0,2
660119,0,0,0,2
660121,0,0,0,1
660122,0,0,0,1
660125,0,0,0,2
660126,0,0,0,1
660127,0,0,0,1
660128,0,0,0,2
660136,0,0,0,1
660138,0,0,0,1
660140,0,0,0,1
660149,0,0,0,1
660150,0,0,0,1
660151,0,0,0,1
660153,0,0,0,1
660154,0,0,0,1
660159,0,0,0,1
660161,0,0,0,1
660165,0,0,0,1
660168,0,0,0,3
660170,0,0,0,1
660171,0,0,0,1
660174,0,0,0,1
660176,0,0,0,1
660180,0,0,0,1
660182,0,0,0,1
660183,0,0,0,1
660186,0,0,0,2
660187,0,0,0,1
660190,0,0,0,1
660191,0,0,0,3
660194,0,0,0,2
660203,0,0,0,1
660206,0,0,0,1
660207,0,0,0,1
660212,0,0,0,1
660213,0,0,0,1
660215,0,0,0,2
660216,0,0,0,1
660218,0,0,0,1
660223,0,0,0,1
660225,0,0,0,1
660227,0,0,0,1
660228,0,0,0,1
660232,0,0,0,1
660234,0,0,0,1
660242,0,0,0,2
660244,0,0,0,1
660245,0,0,0,1
660246,0,0,0,1
660250,0,0,0,1
660251,0,0,0,1
660254,0,0,0,1
660256,0,0,0,1
660259,0,0,0,1
660268,0,0,0,1
660271,0,0,0,2
660272,0,0,0,1
660273,0,0,0,1
660274,0,0,0,1
660275,0,0,0,1
660276,0,0,1,1
660277,0,0,0,1
660283,0,0,0,1
660286,0,0,0,2
660288,0,0,0,1
660291,0,0,0,1
660295,0,0,0,2
660296,0,0,0,1
660303,0,0,0,1
660304,0,0,0,1
660307,0,0,0,1
660309,0,0,0,2
660310,0,0,0,1
660311,0,0,0,1
660313,0,1,1,1
660323,0,0,0,1
660324,0,0,0,1
660326,0,0,0,1
660328,0,0,0,1
660332,0,0,0,2
660336,0,0,0,1
660338,0,0,0,1
660340,0,1,0,1
660345,0,0,0,1
660348,0,0,0,1
660350,0,0,0,1
660354,0,0,0,1
660361,0,0,0,1
660362,0,0,0,1
660363,0,0,0,1
660364,0,0,0,2
660369,0,0,0,1
660371,0,0,0,2
660373,0,0,0,1
660375,0,0,0,1
660377,0,0,0,1
660381,0,0,0,2
660386,0,0,0,1
660387,0,0,0,2
660390,0,0,0,1
660392,0,0,0,1
660399,0,0,0,1
660411,0,0,0,1
660414,0,0,0,1
660418,0,0,0,1
660419,0,0,0,1
660421,0,0,0,1
660422,0,0,0,1
660426,0,0,0,1
660427,0,0,0,1
660428,0,0,0,1
660430,0,0,0,2
660431,0,0,0,1
660433,0,0,0,1
660435,0,0,0,1
660436,0,0,0,1
660437,0,0,0,1
660440,0,0,0,2
660449,0,0,0,1
660451,0,0,0,2
660453,0,0,0,1
660460,0,0,0,3
660465,0,0,0,2
660466,0,0,0,1
660467,0,0,0,1
660471,0,0,0,1
660473,0,0,0,1
660478,0,0,0,1
660481,0,0,0,1
660486,0,0,0,2
660489,0,0,0,1
660491,0,0,0,1
660494,0,0,0,1
660499,0,0,0,1
660501,0,0,0,1
660507,0,0,0,1
660508,0,0,0,1
660509,0,0,0,1
660515,0,0,0,2
660521,0,0,0,1
660523,0,0,0,1
660524,0,0,0,1
660525,0,0,0,3
660530,0,0,0,1
660532,0,0,0,2
660536,0,0,0,1
660537,0,0,0,1
660538,0,0,0,1
660542,0,0,0,1
660544,0,0,0,1
660546,0,0,0,1
660553,0,0,0,1
660556,0,0,0,1
660558,0,0,0,1
660559,0,0,0,1
660561,0,0,0,1
660562,0,0,0,2
660567,0,0,0,1
660569,0,0,0,1
660571,0,0,0,1
660572,0,0,0,2
660575,0,0,0,1
660576,0,0,0,2
660577,0,0,0,1
660579,0,0,0,1
660581,0,0,0,1
660583,0,0,0,1
660587,0,0,0,1
660588,0,0,0,1
660589,0,0,0,2
660591,0,0,0,1
660593,0,0,0,1
660597,0,0,0,1
6606,0,286,0,1
660601,0,0,0,1
660606,0,0,0,1
660612,0,0,0,1
660614,0,0,0,1
660618,0,0,0,2
660619,0,0,1,2
660624,0,0,0,1
660627,0,0,0,2
660629,0,0,0,1
660633,0,0,0,2
660635,0,0,0,1
660637,0,0,0,1
660639,0,0,0,1
660640,0,0,0,1
660641,0,0,0,1
660642,0,0,0,1
660645,0,0,0,1
660647,0,0,0,1
660648,0,0,0,1
660649,0,0,0,1
660650,0,0,0,1
660655,0,0,0,2
660657,0,0,0,1
660659,0,0,0,1
660663,0,0,0,1
660665,0,0,0,2
660670,0,0,0,1
660675,0,0,0,1
660678,0,0,0,2
660679,0,0,0,3
660680,0,0,0,1
660684,0,0,0,1
660685,0,0,0,1
660687,0,0,0,1
660688,0,0,0,1
660691,0,0,0,1
660695,0,0,0,1
660696,0,0,0,1
660698,0,0,0,1
6607,0,496,0,1
660711,0,0,0,1
660714,0,0,0,1
660715,0,0,0,1
660717,0,0,0,1
660718,0,0,0,3
660723,0,0,0,1
660724,0,0,0,1
660727,0,0,0,1
660728,0,0,0,1
660734,0,0,0,1
660741,0,0,0,1
660743,0,0,0,1
660744,0,0,0,1
660745,0,0,0,1
660749,0,0,0,1
660752,0,0,0,1
660753,0,0,0,1
660755,0,0,0,1
660757,0,0,0,2
660761,0,0,0,1
660764,0,0,0,1
660769,0,0,0,1
660771,0,0,0,1
660776,0,0,0,1
660779,0,0,0,1
660789,0,0,0,1
6608,0,150,0,1
660801,0,0,0,1
660802,0,0,0,1
660806,0,0,0,1
660808,0,0,0,1
660809,0,0,0,1
660812,0,0,0,1
660814,0,0,0,1
660815,0,0,0,1
66082,0,152,0,1
660820,0,0,0,1
660821,0,0,0,1
660822,0,0,0,1
660826,0,0,0,1
660827,0,0,0,2
660828,0,0,0,2
66083,0,497,0,1
660833,0,0,0,1
660836,0,0,0,1
660837,0,0,0,1
660838,0,0,0,1
66084,0,497,0,1
660841,0,0,0,1
660848,0,0,0,1
660849,0,0,0,1
66085,0,496,0,1
660855,0,0,0,1
660858,0,0,0,1
66086,0,493,0,1
660861,0,0,0,2
660862,0,0,0,1
660863,0,0,0,1
660865,0,0,0,1
660866,0,0,0,1
660867,0,0,0,1
660869,0,0,0,1
66087,0,496,0,1
660870,0,0,0,1
660874,0,0,0,2
660875,0,0,0,2
660876,0,0,0,1
660877,0,0,0,1
660879,0,0,0,1
66088,0,297,0,1
660883,0,0,0,1
660884,0,0,0,1
660885,0,0,0,1
660894,0,0,0,1
660895,0,0,0,2
660898,0,0,0,1
660909,0,0,0,1
660915,0,0,0,1
660923,0,0,0,2
660926,0,0,0,1
660932,0,0,0,1
660933,0,0,0,1
660934,0,0,0,1
660936,0,0,0,1
660942,0,0,0,1
660943,0,0,0,2
660947,0,0,0,1
660948,0,0,0,1
660950,0,0,0,1
660952,0,0,0,2
660953,0,0,0,1
660954,0,0,0,1
660955,0,0,0,2
660959,0,0,0,2
660960,0,0,0,2
660961,0,0,0,1
660962,0,0,0,1
660964,0,0,0,1
660965,0,0,0,1
660967,0,0,0,2
660970,0,0,0,1
660971,0,0,0,1
660979,0,0,0,1
660981,0,0,0,3
660983,0,0,0,1
660987,0,0,0,1
660992,0,0,0,1
660994,0,0,0,1
660999,0,0,0,1
661005,0,0,0,3
661006,0,0,0,1
661008,0,0,0,2
661009,0,0,0,2
661011,0,0,0,1
661013,0,0,0,2
661019,0,0,0,1
661026,0,0,0,1
661029,0,0,0,1
661031,0,0,0,1
661038,0,0,0,1
661039,0,0,0,1
661040,0,0,0,1
661041,0,0,0,1
661043,0,0,0,3
661048,0,0,0,1
661049,0,0,0,1
661050,0,0,0,1
661051,0,0,0,1
661053,0,0,0,1
661054,0,0,0,1
661056,0,0,0,1
661063,0,0,0,1
661065,0,0,0,2
661078,0,0,0,1
661079,0,0,0,1
661081,0,0,0,1
661082,0,0,0,1
661091,0,0,0,1
661093,0,0,0,2
661094,0,0,0,1
661095,0,0,0,1
661097,0,0,0,3
661100,0,0,0,1
661106,0,0,0,1
661109,0,0,0,1
661114,0,0,0,1
661117,0,0,0,3
661118,0,0,0,1
661122,0,0,0,2
661126,0,0,0,1
661128,0,0,0,1
661129,0,0,0,1
661130,0,0,0,1
661131,0,0,0,2
661135,0,0,0,1
661140,0,0,0,1
661151,0,0,0,2
661153,0,0,0,1
661154,0,0,0,1
661155,0,0,0,1
661156,0,0,0,2
661160,0,0,0,1
661161,0,0,0,1
661166,0,0,0,1
661171,0,0,0,1
661174,0,0,0,1
661175,0,0,0,1
661182,0,0,0,1
661188,0,0,0,1
661189,0,0,0,1
661191,0,0,0,3
661192,0,0,0,2
661193,0,0,0,1
661194,0,0,0,1
661195,0,0,0,1
661202,0,0,0,1
661204,0,0,0,1
661208,0,0,0,2
661209,0,0,0,1
661213,0,0,0,1
661215,0,0,0,1
661218,0,0,0,1
661220,0,0,0,2
661224,0,0,0,1
661229,0,0,0,1
661230,0,0,0,2
661232,0,0,0,1
661233,0,0,0,1
661236,0,0,0,1
661240,0,0,0,2
661241,0,0,0,2
661243,0,0,0,1
661244,0,0,0,1
661246,0,0,0,3
661250,0,0,0,1
661252,0,0,0,2
661255,0,0,0,2
661260,0,0,0,1
661263,0,0,0,1
661264,0,0,0,1
661268,0,0,0,2
661272,0,0,0,1
661274,0,0,0,1
661275,0,0,0,1
661280,0,0,0,1
661282,0,0,0,1
661286,0,0,0,1
661290,0,0,0,1
661294,0,0,0,1
661296,0,0,0,1
661297,0,0,0,1
661298,0,0,0,3
661304,0,0,0,1
661314,0,0,0,1
661315,0,0,0,1
661316,0,0,0,1
661322,0,0,0,1
661324,0,0,0,1
661331,0,0,0,1
661332,0,0,0,1
661333,0,0,0,1
661334,0,0,0,1
661335,0,0,0,1
661339,0,0,0,1
661340,0,0,0,2
661342,0,0,0,1
661343,0,0,0,1
661345,0,0,0,1
661349,0,0,0,1
661351,0,0,0,1
661358,0,0,0,1
661359,0,0,0,2
661360,0,0,0,2
661361,0,0,0,1
661362,0,0,0,1
661363,0,0,0,1
661366,0,0,0,1
661367,0,0,0,1
661368,0,0,0,2
661369,0,0,0,1
661370,0,0,0,1
661372,0,0,0,1
661379,0,0,0,1
661381,0,0,0,1
661382,0,0,0,1
661384,0,0,0,1
661387,0,0,0,2
661388,0,0,0,1
661389,0,0,0,1
661390,0,0,0,1
661392,0,0,0,1
661393,0,0,0,1
661397,0,0,0,1
661399,0,0,0,1
661400,0,0,0,1
661406,0,0,0,1
661409,0,0,0,1
661410,0,0,0,1
661412,0,0,0,2
661414,0,0,0,2
661423,0,0,0,1
661424,0,0,0,1
661429,0,0,0,2
661432,0,0,0,1
661434,0,0,0,1
661438,0,0,0,1
661439,0,0,0,1
661441,0,0,0,1
661446,0,0,0,1
661448,0,0,0,1
661451,0,0,0,1
661456,0,0,0,1
661458,0,0,0,1
661461,0,0,0,1
661462,0,0,0,2
661466,0,0,0,1
661468,0,0,0,1
661473,0,0,0,2
661475,0,0,0,2
661479,0,0,0,1
661482,0,0,0,1
661486,0,0,0,1
661490,0,0,0,1
661493,0,0,0,1
661494,0,0,0,1
661498,0,0,0,1
661501,0,0,0,1
661507,0,0,0,1
661508,0,0,0,2
661509,0,0,0,1
661510,0,0,0,3
661512,0,0,0,1
661513,0,0,0,1
661514,0,0,0,2
661516,0,0,0,1
661518,0,0,0,3
661519,0,0,0,1
661520,0,0,0,1
661521,0,0,0,1
661524,0,0,0,1
661525,0,0,0,1
661532,0,0,0,2
661533,0,0,0,1
661535,0,0,0,2
661543,0,0,0,1
661544,0,0,0,1
661545,0,0,0,1
661547,0,0,0,1
661552,0,0,0,1
661555,0,0,0,1
661557,0,0,0,1
661558,0,0,0,1
661560,0,0,0,1
661561,0,0,0,1
661565,0,0,0,1
661568,0,0,0,1
661570,0,0,0,1
661572,0,0,0,1
661577,0,0,0,1
661578,0,0,0,1
661579,0,0,0,2
661581,0,0,0,1
661584,0,0,0,3
661593,0,0,0,1
661594,0,0,0,2
661595,0,0,0,1
661596,0,0,0,1
661597,0,0,0,1
661599,0,0,0,1
661600,0,0,0,1
661602,0,0,1,1
661606,0,0,0,1
661609,0,0,0,1
661618,0,0,0,1
661622,0,0,0,1
661623,0,0,0,5
661624,0,0,0,1
661625,0,0,0,1
661628,0,0,0,1
661629,0,0,0,1
661632,0,0,0,1
661637,0,0,0,1
661640,0,0,0,1
661641,0,0,0,1
661645,0,0,0,2
661656,0,0,0,1
661664,0,0,0,1
661665,0,0,0,1
661666,0,0,0,1
661667,0,0,0,1
661668,0,0,0,1
661673,0,0,0,1
661675,0,0,0,2
661679,0,0,0,1
661683,0,0,0,1
661684,0,0,0,1
661688,0,0,0,2
661689,0,0,0,1
661693,0,0,0,1
661697,0,0,0,1
661698,0,0,0,1
661699,0,0,0,2
661702,0,0,0,1
661704,0,0,0,1
661706,0,0,0,1
661710,0,0,0,2
661712,0,0,0,1
661718,0,0,0,1
661722,0,0,0,1
661725,0,0,0,1
661727,0,0,0,1
661738,0,0,0,1
661740,0,0,0,1
661744,0,0,0,1
661749,0,0,0,2
661750,0,0,0,2
661754,0,0,0,2
661756,0,0,0,2
661757,0,0,0,1
661762,0,0,0,2
661766,0,0,0,2
661767,0,0,0,1
661768,0,0,0,2
661771,0,0,0,1
661772,0,0,0,1
661777,0,0,0,1
661781,0,0,0,1
661786,0,0,0,1
661787,0,0,0,1
661788,0,0,0,1
661789,0,0,0,1
661791,0,0,0,1
661805,0,0,0,1
661810,0,0,0,2
661811,0,0,0,1
661813,0,0,0,1
661816,0,0,0,3
661817,0,0,0,1
661818,0,0,0,2
661819,0,0,0,1
661820,0,0,0,1
661821,0,0,0,1
661822,0,0,0,1
661823,0,0,0,1
661824,0,0,0,1
661825,0,0,0,1
661828,0,0,0,1
661829,0,0,0,1
661830,0,0,0,1
661831,0,0,0,2
661836,0,0,0,2
661843,0,0,0,1
661852,0,0,0,1
661854,0,0,0,2
661857,0,0,0,1
661859,0,0,0,1
661860,0,0,0,2
661868,0,0,0,1
661870,0,0,0,1
661871,0,0,0,4
661879,0,0,0,1
661887,0,0,0,3
661890,0,0,0,1
661896,0,0,0,1
661898,0,0,0,1
661903,0,0,0,1
661905,0,0,0,1
661907,0,0,0,1
661908,0,0,0,1
661924,0,0,0,2
661932,0,0,0,2
661942,0,0,0,1
661947,0,0,0,1
661948,0,0,0,1
661950,0,0,0,1
661956,0,0,0,1
661964,0,0,0,1
661965,0,0,0,1
661966,0,0,0,1
661967,0,0,0,1
661969,0,0,0,1
661984,0,0,0,2
661986,0,0,0,1
661995,0,0,0,1
662002,0,0,0,1
662006,0,0,0,1
662014,0,0,0,1
662016,0,0,0,2
662017,0,0,0,1
662018,0,0,0,2
662022,0,0,0,1
662024,0,0,0,1
662026,0,0,0,1
662027,0,0,0,1
662028,0,0,0,2
662029,0,0,0,1
662030,0,0,0,1
662031,0,0,0,1
662032,0,0,0,1
662033,0,0,0,1
662034,0,0,0,1
662035,0,0,0,1
662037,0,0,0,1
662039,0,0,0,1
662041,0,0,0,2
662044,0,0,0,1
662047,0,0,0,2
662051,0,0,0,1
662052,0,0,0,2
662057,0,0,0,1
662058,0,0,0,2
662060,0,0,0,1
662063,0,0,0,1
662070,0,0,0,1
662072,0,0,0,1
662074,0,0,0,1
662075,0,0,0,1
662077,0,0,0,3
662079,0,0,0,4
662082,0,0,0,1
662095,0,0,0,1
662100,0,0,0,1
662103,0,0,0,1
662104,0,0,0,2
662106,0,0,0,2
662107,0,0,0,1
662108,0,0,0,1
662113,0,0,0,1
662119,0,0,0,1
662121,0,0,0,1
662123,0,0,0,1
662124,0,0,0,1
662127,0,0,0,1
662130,0,0,0,1
662132,0,0,0,1
662134,0,0,0,1
662138,0,0,0,1
662142,0,0,0,1
662143,0,0,0,1
662144,0,0,0,1
662151,0,0,0,1
662152,0,0,0,1
662153,0,0,0,1
662154,0,0,0,1
662158,0,0,0,1
662159,0,0,0,1
662161,0,0,0,1
662162,0,0,0,1
662163,0,0,0,1
662164,0,0,0,1
662168,0,0,0,2
662172,0,0,0,1
662175,0,0,0,1
662178,0,0,0,1
662179,0,0,0,2
662181,0,0,0,1
662183,0,0,0,1
662186,0,0,0,1
662187,0,0,0,1
662191,0,0,0,1
662192,0,0,0,2
662195,0,0,0,1
662204,0,0,0,1
662208,0,0,0,1
662211,0,0,0,2
662213,0,0,0,1
662214,0,0,0,1
662215,0,0,0,1
662221,0,0,0,1
662225,0,0,0,3
662226,0,0,0,1
662229,0,0,0,1
662232,0,0,0,2
662236,0,0,0,1
662240,0,0,0,1
662248,0,0,0,1
662250,0,0,0,1
662254,0,0,0,1
662256,0,0,0,3
662260,0,0,0,1
662265,0,0,0,1
662269,0,0,0,1
662279,0,0,0,2
662280,0,0,0,1
662282,0,0,0,1
662284,0,0,0,1
662287,0,0,0,1
662290,0,0,0,1
662295,0,0,0,1
662296,0,0,0,1
662300,0,0,0,2
662302,0,0,0,1
662303,0,0,0,1
662314,0,0,0,1
662321,0,0,0,1
662323,0,0,0,2
662325,0,0,0,1
662326,0,0,0,1
662331,0,0,0,2
662333,0,0,0,1
662334,0,0,0,1
662335,0,0,0,1
662339,0,0,0,2
662343,0,0,0,1
662348,0,0,0,1
662349,0,0,0,1
662350,0,0,0,1
662356,0,0,0,1
662364,0,0,0,2
662365,0,0,0,2
662367,0,0,0,2
662368,0,0,0,1
662369,0,0,0,1
662370,0,0,0,2
662377,0,0,0,1
662380,0,0,0,1
662385,0,0,0,1
662388,0,0,0,1
662390,0,0,0,1
662399,0,0,0,1
662406,0,0,0,1
662408,0,0,0,1
662409,0,0,0,1
662410,0,0,0,2
662412,0,0,0,1
662416,0,0,0,1
662417,0,0,0,1
662418,0,0,0,1
662424,0,0,0,1
662426,0,0,0,1
662428,0,0,0,1
662432,0,0,0,1
662433,0,0,0,1
662434,0,0,0,1
662435,0,0,0,1
662439,0,0,0,1
662443,0,0,0,1
662444,0,0,0,2
662449,0,0,0,1
662454,0,0,0,1
662457,0,0,0,1
662459,0,0,0,1
662460,0,0,0,1
662464,0,0,0,1
662467,0,0,0,1
662469,0,0,0,2
662473,0,0,0,1
662475,0,0,0,1
662477,0,0,0,1
662483,0,0,0,1
662486,0,0,0,1
662489,0,0,0,2
662492,0,0,0,1
662496,0,0,0,2
662497,0,0,0,1
662498,0,0,0,1
662500,0,0,0,1
662502,0,0,0,1
662506,0,0,0,1
662510,0,0,0,1
662511,0,0,0,1
662515,0,0,0,1
662521,0,0,0,1
662523,0,0,0,1
662531,0,0,0,1
662532,0,0,0,1
662533,0,0,0,1
662536,0,0,0,2
662537,0,0,0,1
662538,0,0,0,1
662539,0,0,0,1
662543,0,0,0,1
662545,0,0,0,1
662546,0,0,0,1
662547,0,0,0,1
662550,0,0,0,1
662552,0,0,0,1
662557,0,0,0,2
662558,0,0,0,1
662561,0,0,0,1
662562,0,0,0,1
662563,0,0,0,1
662564,0,0,0,1
662571,0,0,0,1
662572,0,0,0,1
662573,0,0,0,1
662574,0,0,0,3
662575,0,0,0,1
662577,0,0,0,1
662591,0,0,0,1
662599,0,0,0,1
662602,0,0,0,1
662604,0,0,0,1
662608,0,0,0,2
662612,0,0,0,3
662613,0,0,0,1
662615,0,0,0,1
662620,0,0,0,2
662622,0,0,0,1
662626,0,0,0,1
662627,0,0,0,1
662631,0,0,0,2
662632,0,0,0,1
662633,0,0,0,2
662634,0,0,0,1
662644,0,0,0,1
662649,0,0,0,1
662651,0,0,0,1
662653,0,0,0,2
662654,0,0,0,3
662658,0,0,0,1
662659,0,0,0,2
662660,0,0,0,2
662665,0,0,0,1
662669,0,0,0,1
662670,0,1,0,1
662672,0,0,0,1
662673,0,0,0,2
662676,0,0,0,1
662680,0,0,0,1
662684,0,0,0,1
662693,0,0,0,1
662695,0,0,0,1
662697,0,0,0,1
66270,0,8,0,1
662703,0,0,0,1
662704,0,0,0,1
662705,0,0,0,2
662707,0,0,0,1
662708,0,0,0,2
662710,0,0,0,1
662711,0,0,0,1
662717,0,0,0,2
662718,0,0,0,1
662719,0,0,0,1
662724,0,0,0,1
662725,0,0,0,1
662730,0,0,0,1
662733,0,0,0,1
662744,0,0,0,1
662747,0,0,0,1
662757,0,0,0,1
662758,0,0,0,1
662760,0,0,0,1
662762,0,0,0,1
662764,0,0,0,2
662765,0,0,0,2
662766,0,0,0,1
662769,0,0,0,1
662771,0,0,0,1
662772,0,0,0,1
662773,0,0,0,1
662777,0,0,0,1
662778,0,0,0,1
662783,0,0,0,1
662784,0,0,0,1
662785,0,0,0,1
662786,0,0,0,1
662790,0,0,0,1
662792,0,0,0,1
662793,0,0,0,1
662794,0,0,0,1
662795,0,0,0,2
662796,0,0,0,2
662797,0,0,0,1
662798,0,0,0,1
662801,0,0,0,1
662805,0,0,0,1
662810,0,0,0,1
662816,0,0,0,3
662817,0,0,0,1
662819,0,0,0,1
662823,0,0,0,2
662828,0,0,0,1
662829,0,0,0,2
662834,0,0,0,1
662835,0,0,0,1
662836,0,0,0,1
662840,0,0,0,1
662845,0,0,0,1
662847,0,0,0,1
662849,0,0,0,1
662851,0,0,0,2
662853,0,0,0,1
662856,0,0,0,1
662857,0,0,0,1
662861,0,0,0,1
662866,0,0,0,1
662868,0,0,0,1
662874,0,0,0,1
662878,0,0,0,2
662879,0,0,0,1
662880,0,0,0,2
662881,0,0,0,1
662887,0,0,0,1
662888,0,0,0,1
662889,0,0,0,2
662890,0,0,0,1
662893,0,0,0,1
662895,0,0,0,1
662904,0,0,0,1
662906,0,0,0,1
662908,0,0,0,1
662909,0,0,0,2
662910,0,0,0,1
662921,0,0,0,1
662922,0,0,0,1
662925,0,0,0,3
662928,0,0,0,1
662930,0,0,0,1
662931,0,0,0,1
662932,0,0,0,1
662936,0,0,0,1
662938,0,0,0,1
662944,0,0,0,1
662945,0,0,0,1
662947,0,0,0,1
662948,0,0,0,1
662954,0,0,0,2
662955,0,0,0,1
662959,0,0,0,2
662965,0,0,0,1
662970,0,0,0,1
662973,0,0,0,2
662974,0,0,0,2
662975,0,0,0,1
662976,0,0,0,1
662982,0,0,0,2
662983,0,0,0,2
662985,0,0,0,1
662990,0,0,0,2
662991,0,0,0,1
662996,0,0,0,1
662997,0,0,0,1
663001,0,0,0,1
663004,0,0,0,1
663005,0,0,0,1
663006,0,0,0,1
663009,0,0,0,1
663013,0,0,0,1
663014,0,0,0,2
663016,0,0,0,3
663018,0,0,0,1
663024,0,0,0,1
663030,0,0,0,1
663033,0,0,0,1
663034,0,0,0,1
663037,0,0,0,1
663052,0,0,0,1
663053,0,0,0,1
663055,0,0,0,1
663057,0,0,0,1
663058,0,0,0,2
663062,0,0,0,2
663066,0,0,0,1
663068,0,0,0,1
663069,0,0,0,1
663070,0,0,0,1
663074,0,0,0,1
663075,0,0,0,1
663076,0,0,0,1
663077,0,0,0,1
663082,0,0,0,2
663084,0,0,0,2
663087,0,0,0,1
663089,0,0,0,1
663090,0,0,0,1
663097,0,0,0,2
663099,0,0,0,2
663100,0,0,0,2
663101,0,0,0,1
663102,0,0,0,1
663104,0,0,0,2
663105,0,0,0,1
663106,0,0,0,1
663108,0,0,0,1
663110,0,0,0,1
663115,0,0,0,1
663116,0,0,0,1
663117,0,0,0,2
663122,0,0,0,1
663123,0,0,0,2
663124,0,0,0,2
663127,0,0,0,2
663132,0,0,0,1
663134,0,0,0,1
663137,0,0,0,1
663139,0,0,0,1
663140,0,0,0,1
663142,0,0,0,1
663146,0,0,0,1
663149,0,0,0,1
663154,0,0,0,1
663156,0,0,0,1
663158,0,0,0,1
663164,0,0,0,1
663165,0,0,0,1
663169,0,0,0,1
663170,0,0,0,1
663172,0,0,0,2
663176,0,0,0,1
663179,0,0,0,1
663183,0,0,0,1
663186,0,0,0,2
663189,0,0,0,1
663191,0,0,0,1
663198,0,0,0,1
663199,0,0,0,1
663202,0,0,0,2
663203,0,0,0,1
663204,0,0,0,1
663205,0,0,0,1
663206,0,0,0,2
663208,0,0,0,1
663210,0,0,0,1
663214,0,0,0,1
663217,0,0,0,1
663220,0,0,0,1
663222,0,0,0,1
663225,0,0,0,1
663227,0,0,0,1
663234,0,0,0,1
663237,0,0,0,2
663241,0,0,0,1
663246,0,0,0,1
663249,0,0,0,1
663263,0,0,0,1
663266,0,0,0,1
663267,0,0,0,2
663287,0,0,0,1
663288,0,0,0,1
663292,0,0,0,1
663293,0,0,0,1
663298,0,0,0,1
663300,0,0,0,3
663303,0,0,0,2
663307,0,0,0,1
663310,0,0,0,1
663311,0,0,0,1
663312,0,0,0,1
663315,0,0,0,1
663316,0,0,0,1
663328,0,0,0,1
663329,0,0,0,1
663330,0,0,0,1
663339,0,0,0,1
66369,0,177,0,1
66370,0,503,0,1
66371,0,501,1,1
66372,0,503,0,1
66373,0,502,0,1
66374,0,504,0,1
66375,0,500,0,1
66376,0,508,0,1
66377,0,498,0,1
66378,0,505,0,1
66379,0,502,0,1
66380,0,497,0,1
66381,0,503,0,1
66382,0,498,0,1
66383,0,508,0,1
66384,0,502,0,1
66385,0,502,2,1
66386,0,502,0,1
66387,0,213,0,1
66388,0,8,0,1
66390,0,303,0,1
66437,0,382,0,1
66438,0,493,0,1
66439,0,495,0,1
66440,0,491,0,1
66441,0,492,0,1
66442,0,492,0,1
66443,0,8,0,1
6656,0,239,0,1
6657,0,495,0,1
6658,0,492,0,1
6659,0,495,0,1
66592,0,261,0,1
66593,0,39,0,1
6660,0,499,0,1
6661,0,494,0,1
66617,0,446,0,1
66618,0,500,0,1
66619,0,499,0,1
6662,0,178,0,1
66620,0,506,0,1
66621,0,498,0,1
66622,0,500,0,1
66623,0,504,0,1
66624,0,502,0,1
66625,0,503,0,1
66626,0,499,0,1
66627,0,504,0,1
66628,0,500,0,1
66629,0,505,0,1
66630,0,502,0,1
66631,0,493,0,1
66632,0,503,0,1
66633,0,496,0,1
66634,0,270,0,1
66671,0,96,0,1
66699,0,8,0,1
6687,0,89,0,1
66878,0,33,0,1
66879,0,55,0,1
67,0,497,0,1
67020,0,372,0,1
67021,0,496,0,1
67022,0,498,0,1
67023,0,500,0,1
67024,0,497,0,1
67025,0,501,1,1
67026,0,55,0,1
67060,0,303,0,1
67264,0,445,0,1
67265,0,500,0,1
67266,0,502,0,1
67267,0,501,0,1
67268,0,497,0,1
67269,0,498,0,1
67270,0,82,0,1
67314,0,104,0,1
67317,0,469,0,1
67318,0,499,0,1
67319,0,499,0,1
67320,0,488,0,1
67321,0,493,0,1
67322,0,466,0,1
67434,0,400,0,1
67435,0,491,0,1
67436,0,492,0,1
67437,0,495,0,1
67438,0,496,0,1
67439,0,488,0,1
67440,0,114,0,1
6745,0,92,0,1
675824,0,1457,124,251
675825,0,6311,166,247
675826,0,3425,92,252
675832,0,2092,105,253
675833,0,437,92,254
675839,0,0,0,47
676372,0,343,97,249
67729,0,21,1,1
67732,0,130,0,1
67733,0,507,0,1
67734,0,317,0,1
67756,0,157,0,1
67757,0,498,0,1
67758,0,493,0,1
67759,0,492,0,1
67760,0,500,0,1
67761,0,499,0,1
67762,0,334,0,1
677921,0,2404,197,251
67861,0,429,0,1
67862,0,499,0,1
67863,0,497,0,1
67864,0,498,0,1
67865,0,489,0,1
67866,0,491,0,1
67867,0,4,0,1
67921,0,105,0,1
67922,0,209,0,1
67923,0,502,0,1
67924,0,493,0,1
67925,0,502,0,1
67926,0,500,0,1
67927,0,501,0,1
67928,0,502,0,1
67929,0,500,0,1
67930,0,504,0,1
67931,0,501,0,1
67932,0,496,0,1
67933,0,500,0,1
67934,0,501,0,1
67935,0,499,0,1
67936,0,499,0,1
67937,0,502,0,1
67938,0,503,0,1
67939,0,500,0,1
67940,0,159,0,1
67962,0,232,0,1
67963,0,496,0,1
67964,0,223,0,1
68,0,220,0,1
68208,0,105,0,1
6823,0,453,0,1
6824,0,489,0,1
6825,0,491,0,1
6826,0,489,0,1
6827,0,489,0,1
6828,0,445,0,1
68362,0,29,0,1
68363,0,288,0,1
68540,0,68,0,1
68541,0,497,0,1
68542,0,499,0,1
68543,0,498,0,1
68544,0,500,0,1
68545,0,499,0,1
68546,0,416,0,1
68590,0,5,0,1
68591,0,82,0,1
68880,0,35,0,1
68881,0,499,2,1
68882,0,414,0,1
68910,0,89,0,1
68918,0,135,0,1
68919,0,493,0,1
68920,0,497,0,1
68921,0,496,0,1
68922,0,495,0,1
68923,0,496,0,1
68924,0,412,0,1
68986,0,172,0,1
68987,0,492,0,1
68988,0,490,0,1
68989,0,498,0,1
68990,0,496,0,1
68991,0,492,0,1
68992,0,282,0,1
69155,0,95,0,1
69225,0,1,0,1
69323,0,67,0,1
69324,0,28,0,1
69474,0,61,0,1
69475,0,510,0,1
69476,0,498,0,1
69477,0,498,0,1
69478,0,500,0,1
69479,0,493,0,1
69480,0,476,0,1
69518,0,330,0,1
69559,0,422,0,1
69560,0,493,0,1
69561,0,494,0,1
69562,0,493,0,1
69563,0,495,0,1
69564,0,499,0,1
69565,0,9,0,1
69681,0,124,0,1
69682,0,168,0,1
69733,0,371,0,1
69734,0,493,0,1
69735,0,502,0,1
69736,0,503,0,1
69737,0,503,0,1
69738,0,500,0,1
69739,0,497,0,1
69740,0,497,0,1
69741,0,494,0,1
69742,0,499,0,1
69743,0,499,0,1
69744,0,499,0,1
69745,0,502,0,1
69746,0,502,0,1
69747,0,498,0,1
69748,0,502,0,1
69749,0,503,0,1
69750,0,443,0,1
69801,0,8,0,1
6982,0,7,0,1
69980,0,0,0,1
69983,0,479,0,1
69984,0,488,0,1
69985,0,0,0,1
69986,0,241,0,1
69987,0,51,0,1
70077,0,309,0,1
70197,0,112,0,1
70223,0,200,0,1
70224,0,496,0,1
70225,0,494,1,1
70226,0,493,0,1
70227,0,494,0,1
70228,0,495,0,1
70229,0,269,0,1
70263,0,11,0,1
70264,0,266,0,1
70268,0,4,0,1
70339,0,176,0,1
70340,0,492,0,1
70341,0,483,0,1
70342,0,492,0,1
70343,0,493,0,1
70344,0,499,0,1
70345,0,323,0,1
7043,0,455,0,1
7044,0,505,0,1
7045,0,499,0,1
7046,0,500,0,1
7047,0,500,0,1
7048,0,500,0,1
7049,0,502,0,1
7050,0,505,0,1
70504,0,72,0,1
70505,0,504,0,1
70506,0,503,0,1
70507,0,503,0,1
70508,0,507,0,1
70509,0,506,0,1
7051,0,505,0,1
70510,0,500,0,1
70511,0,505,0,1
70512,0,505,0,1
70513,0,503,1,1
70514,0,507,0,1
70515,0,502,0,1
70516,0,509,0,1
70517,0,503,0,1
70518,0,507,0,1
70519,0,505,0,1
7052,0,503,0,1
70520,0,507,0,1
70521,0,507,0,1
70522,0,503,0,1
70523,0,503,0,1
70524,0,503,0,1
70525,0,508,0,1
70526,0,507,0,1
70527,0,509,0,1
70528,0,503,0,1
70529,0,503,0,1
7053,0,503,0,1
70530,0,503,0,1
70531,0,506,0,1
70532,0,504,0,1
70533,0,506,0,1
70534,0,506,0,1
70535,0,506,0,1
70536,0,503,0,1
70537,0,501,0,1
70538,0,507,0,1
70539,0,506,0,1
7054,0,502,0,1
70540,0,505,0,1
70541,0,503,0,1
70542,0,503,0,1
70543,0,510,0,1
70544,0,509,0,1
70545,0,508,0,1
70546,0,508,0,1
70547,0,506,0,1
70548,0,507,0,1
70549,0,506,0,1
7055,0,494,0,1
70550,0,505,0,1
70551,0,506,0,1
70552,0,503,0,1
70553,0,506,0,1
70554,0,284,0,1
7056,0,504,0,1
7057,0,502,1,1
7058,0,506,0,1
7059,0,502,0,1
7060,0,507,0,1
70604,0,252,0,1
70605,0,41,0,1
7061,0,507,0,1
7062,0,506,0,1
7063,0,494,0,1
7064,0,503,0,1
7065,0,503,0,1
7066,0,500,0,1
7067,0,507,0,1
70673,0,170,0,1
70674,0,499,0,1
70675,0,503,0,1
70676,0,497,0,1
70677,0,503,0,1
70678,0,498,0,1
70679,0,503,0,1
7068,0,502,0,1
70680,0,501,0,1
70681,0,502,0,1
70682,0,499,0,1
70683,0,500,0,1
70684,0,501,0,1
70685,0,502,0,1
70686,0,495,0,1
70687,0,502,0,1
70688,0,504,1,1
70689,0,499,0,1
7069,0,504,0,1
70690,0,500,0,1
70691,0,500,0,1
70692,0,500,0,1
70693,0,497,0,1
70694,0,495,0,1
70695,0,503,0,1
70696,0,501,0,1
70697,0,493,0,1
70698,0,501,0,1
70699,0,500,0,1
7070,0,506,0,1
70700,0,499,0,1
70701,0,499,0,1
70702,0,501,0,1
70703,0,501,0,1
70704,0,499,0,1
70705,0,498,2,1
70706,0,497,0,1
70707,0,501,0,1
70708,0,506,0,1
70709,0,506,0,1
7071,0,500,0,1
70710,0,501,0,1
70711,0,501,0,1
70712,0,498,0,1
70713,0,507,0,1
70714,0,501,0,1
70715,0,508,0,1
70716,0,500,0,1
70717,0,500,0,1
70718,0,501,0,1
70719,0,501,0,1
7072,0,507,0,1
70720,0,502,0,1
70721,0,498,1,1
70722,0,499,0,1
70723,0,502,0,1
70724,0,15,0,1
7073,0,503,0,1
7074,0,501,0,1
7075,0,503,0,1
7076,0,501,0,1
70761,0,192,0,1
70762,0,108,0,1
7077,0,504,0,1
7078,0,504,0,1
7079,0,508,0,1
70796,0,348,0,1
70797,0,494,0,1
70798,0,88,0,1
7080,0,505,0,1
7081,0,503,0,1
70818,0,306,0,1
7082,0,500,0,1
70827,0,364,0,1
70828,0,500,0,1
70829,0,491,0,1
7083,0,504,0,1
70830,0,497,0,1
70831,0,499,0,1
70832,0,498,0,1
70833,0,493,0,1
70834,0,499,0,1
70835,0,495,0,1
70836,0,493,0,1
70837,0,503,0,1
70838,0,504,0,1
70839,0,495,0,1
7084,0,506,0,1
70840,0,498,0,1
70841,0,494,0,1
70842,0,500,0,1
70843,0,497,0,1
70844,0,500,0,1
7085,0,500,0,1
70853,0,486,0,1
70854,0,502,0,1
70855,0,18,0,1
7086,0,503,0,1
7087,0,506,0,1
7088,0,500,0,1
7089,0,504,1,1
7090,0,501,0,1
7091,0,506,0,1
7092,0,332,0,1
70996,0,228,0,1
70997,0,491,0,1
70998,0,501,0,1
70999,0,496,0,1
71000,0,493,0,1
71001,0,489,0,1
71002,0,277,0,1
71071,0,107,0,1
71091,0,52,0,1
71092,0,487,0,1
71093,0,377,0,1
71131,0,475,0,1
71132,0,401,0,1
71319,0,87,0,1
71320,0,493,0,1
71321,0,497,0,1
71322,0,496,0,1
71323,0,500,0,1
71324,0,496,0,1
71325,0,343,0,1
71362,0,343,0,1
71363,0,482,0,1
71364,0,107,0,1
71420,0,294,0,1
71421,0,6,0,1
71428,0,89,0,1
71469,0,106,0,1
71474,0,172,0,1
71475,0,502,0,1
71476,0,502,0,1
71477,0,500,0,1
71478,0,499,0,1
71479,0,498,0,1
71480,0,506,0,1
71481,0,496,0,1
71482,0,501,0,1
71483,0,503,0,1
71484,0,500,0,1
71485,0,501,0,1
71486,0,499,0,1
71487,0,495,0,1
71488,0,500,0,1
71489,0,502,1,1
71490,0,504,0,1
71491,0,502,0,1
71492,0,136,0,1
71514,0,257,0,1
71515,0,497,0,1
71516,0,208,0,1
71537,0,248,0,1
71538,0,499,0,1
71539,0,492,0,1
71540,0,494,0,1
71541,0,497,0,1
71542,0,497,0,1
71543,0,252,0,1
7162,0,171,0,1
7163,0,498,0,1
7164,0,497,0,1
7165,0,499,0,1
7166,0,497,0,1
7167,0,494,0,1
7168,0,497,0,1
7169,0,498,0,1
7170,0,496,0,1
7171,0,495,0,1
7172,0,498,0,1
7173,0,495,0,1
7174,0,500,0,1
7175,0,492,0,1
7176,0,501,0,1
71761,0,86,0,1
71762,0,233,0,1
71765,0,113,0,1
71766,0,503,0,1
71767,0,501,0,1
71768,0,496,0,1
71769,0,493,0,1
7177,0,502,0,1
71770,0,500,0,1
71771,0,327,0,1
7178,0,496,0,1
7179,0,499,0,1
7180,0,71,0,1
71862,0,26,0,1
71938,0,316,0,1
71939,0,501,0,1
71940,0,497,0,1
71941,0,493,0,1
71942,0,499,0,1
71943,0,498,0,1
71944,0,498,0,1
71945,0,498,0,1
71946,0,497,0,1
71947,0,498,0,1
71948,0,504,0,1
71949,0,496,0,1
71950,0,492,0,1
71951,0,503,0,1
71952,0,498,0,1
71953,0,498,0,1
71954,0,496,0,1
71955,0,507,0,1
71956,0,503,0,1
71957,0,504,0,1
71958,0,503,0,1
71959,0,499,0,1
71960,0,499,0,1
71961,0,501,0,1
71962,0,499,0,1
71963,0,498,0,1
71964,0,497,0,1
71965,0,497,0,1
71966,0,501,0,1
71967,0,492,0,1
71968,0,501,0,1
71969,0,499,0,1
71970,0,496,0,1
71971,0,502,0,1
71972,0,497,0,1
71973,0,500,0,1
71974,0,501,0,1
71975,0,498,0,1
71976,0,501,0,1
71977,0,503,0,1
71978,0,497,0,1
71979,0,495,0,1
71980,0,503,0,1
71981,0,497,0,1
71982,0,503,0,1
71983,0,501,0,1
71984,0,503,0,1
71985,0,492,0,1
71986,0,505,0,1
71987,0,506,0,1
71988,0,327,0,1
72018,0,395,0,1
72019,0,491,0,1
72020,0,39,0,1
72137,0,147,0,1
72138,0,492,0,1
72139,0,306,0,1
72226,0,159,0,1
72227,0,493,0,1
72228,0,285,0,1
72292,0,273,0,1
72456,0,22,0,1
72457,0,3,0,1
72562,0,266,0,1
72563,0,504,0,1
72564,0,181,0,1
72649,0,22,0,1
72651,0,32,0,1
72677,0,30,0,1
72678,0,53,0,1
72716,0,84,0,1
72741,0,3,0,1
72742,0,87,0,1
72840,0,340,0,1
72841,0,501,0,1
72842,0,504,0,1
72843,0,496,0,1
72844,0,502,0,1
72845,0,502,0,1
72846,0,497,0,1
72847,0,503,0,1
72848,0,495,0,1
72849,0,500,0,1
72850,0,503,0,1
72851,0,500,0,1
72852,0,498,0,1
72853,0,498,0,1
72854,0,499,0,1
72855,0,504,0,1
72856,0,503,0,1
72857,0,501,0,1
72858,0,21,0,1
72909,0,243,0,1
72910,0,45,0,1
73022,0,466,0,1
73023,0,473,0,1
73049,0,28,0,1
7313,0,121,0,1
7314,0,503,0,1
7315,0,501,0,1
7316,0,499,0,1
7317,0,500,0,1
7318,0,494,0,1
7319,0,493,0,1
73198,0,331,0,1
73199,0,499,0,1
7320,0,497,0,1
73200,0,494,0,1
73201,0,499,0,1
73202,0,494,0,1
73203,0,492,0,1
73204,0,166,0,1
7321,0,493,0,1
7322,0,503,0,1
7323,0,493,0,1
7324,0,496,0,1
7325,0,499,0,1
7326,0,488,0,1
7327,0,494,0,1
7328,0,495,0,1
7329,0,495,0,1
7330,0,499,0,1
7331,0,198,0,2
73314,0,20,0,1
73315,0,488,0,1
73316,0,488,0,1
73317,0,492,0,1
73318,0,495,0,1
73319,0,496,0,1
7332,0,3,0,1
73320,0,374,0,1
73339,0,247,0,1
73340,0,486,0,1
73341,0,189,0,1
73350,0,309,0,1
73351,0,494,0,1
73352,0,162,0,1
73469,0,14,0,1
73470,0,499,0,1
73471,0,498,0,1
73472,0,497,0,1
73473,0,497,0,1
73474,0,495,0,1
73475,0,484,0,1
73537,0,317,0,1
73538,0,498,0,1
73539,0,175,0,1
73633,0,365,0,1
73634,0,495,0,1
73635,0,76,0,1
73732,0,215,0,1
73733,0,492,0,1
73734,0,489,0,1
73735,0,493,0,1
73736,0,498,0,1
73737,0,489,0,1
73738,0,210,0,1
73788,0,357,0,1
73789,0,502,0,1
73790,0,499,0,1
73791,0,495,0,1
73792,0,503,0,1
73793,0,500,2,1
73794,0,105,0,1
73917,0,300,0,1
73918,0,497,0,1
73919,0,201,0,1
73930,0,302,0,1
73992,0,395,0,1
73993,0,498,0,1
73994,0,502,0,1
73995,0,501,0,1
73996,0,498,0,1
73997,0,499,0,1
73998,0,500,0,1
73999,0,501,0,1
74000,0,498,0,1
74001,0,484,6,1
74002,0,501,0,1
74003,0,500,0,1
74004,0,504,0,1
74005,0,498,0,1
74006,0,497,0,1
74007,0,499,0,1
74008,0,496,0,1
74009,0,385,0,1
74035,0,88,0,1
74049,0,380,0,1
74050,0,486,0,1
74051,0,85,0,1
74161,0,94,0,1
74162,0,498,0,1
74163,0,488,0,1
74164,0,496,0,1
74165,0,497,0,1
74166,0,501,0,1
74167,0,499,0,1
74168,0,496,0,1
74169,0,499,0,1
74170,0,496,0,1
74171,0,502,0,1
74172,0,497,0,1
74173,0,493,0,1
74174,0,496,0,1
74175,0,499,0,1
74176,0,497,0,1
74177,0,497,0,1
74178,0,497,0,1
74179,0,234,0,1
74282,0,106,0,1
74283,0,501,0,1
74284,0,503,0,1
74285,0,499,0,1
74286,0,504,0,1
74287,0,499,0,1
74288,0,508,0,1
74289,0,500,1,1
74290,0,503,0,1
74291,0,504,0,1
74292,0,500,0,1
74293,0,504,0,1
74294,0,504,0,1
74295,0,501,0,1
74296,0,505,0,1
74297,0,505,0,1
74298,0,504,0,1
74299,0,503,0,1
74300,0,504,0,1
74301,0,506,0,1
74302,0,502,0,1
74303,0,503,0,1
74304,0,496,0,1
74305,0,501,1,1
74306,0,501,0,1
74307,0,500,0,1
74308,0,504,0,1
74309,0,504,0,1
74310,0,507,0,1
74311,0,502,0,1
74312,0,499,0,1
74313,0,505,0,1
74314,0,504,0,1
74315,0,503,0,1
74316,0,504,0,1
74317,0,501,0,1
74318,0,504,0,1
74319,0,502,0,1
74320,0,506,0,1
74321,0,501,0,1
74322,0,504,0,1
74323,0,501,0,1
74324,0,507,0,1
74325,0,502,0,1
74326,0,501,0,1
74327,0,501,0,1
74328,0,506,0,1
74329,0,506,0,1
74330,0,506,0,1
74331,0,504,0,1
74332,0,424,0,1
74342,0,8,0,1
74343,0,103,0,1
74380,0,150,0,1
74381,0,507,0,1
74382,0,326,0,1
74430,0,139,0,1
74431,0,180,0,1
74452,0,165,0,1
74453,0,497,0,1
74454,0,492,0,1
74455,0,492,0,1
74456,0,498,0,1
74457,0,495,0,1
74458,0,501,0,1
74459,0,494,0,1
74460,0,500,0,1
74461,0,493,0,1
74462,0,497,0,1
74463,0,492,0,1
74464,0,495,0,1
74465,0,497,0,1
74466,0,495,0,1
74467,0,492,0,1
74468,0,496,0,1
74469,0,499,0,1
74470,0,173,0,1
74487,0,5,0,1
74521,0,350,0,1
74522,0,494,0,1
74523,0,501,0,1
74524,0,490,0,1
74525,0,500,0,1
74526,0,499,0,1
74527,0,89,0,1
74556,0,95,0,1
74557,0,499,0,1
74558,0,490,0,1
74559,0,495,0,1
74560,0,495,0,1
74561,0,498,0,1
74562,0,253,0,1
74584,0,39,0,1
74597,0,20,0,1
74598,0,493,0,1
74599,0,492,0,1
74600,0,493,0,1
74601,0,494,0,1
74602,0,492,0,1
74603,0,363,0,1
74705,0,29,0,1
74781,0,276,0,1
74782,0,27,0,1
7489,0,454,1,1
7490,0,494,0,1
7491,0,496,0,1
7492,0,497,0,1
7493,0,497,0,1
7494,0,500,0,1
7495,0,491,0,1
7496,0,489,0,1
7497,0,497,0,1
74978,0,217,0,1
74979,0,488,0,1
7498,0,497,0,1
74980,0,229,0,1
7499,0,501,0,1
7500,0,494,0,1
75002,0,69,0,1
75003,0,206,0,1
7501,0,494,0,1
7502,0,497,0,1
7503,0,501,0,1
7504,0,499,0,1
75042,0,5,0,1
7505,0,500,1,1
7506,0,329,0,1
75151,0,68,0,1
75152,0,496,0,1
75153,0,494,1,1
75154,0,492,0,1
75155,0,494,0,1
75156,0,491,0,1
75157,0,279,0,1
75163,0,0,0,1
75177,0,80,0,1
75178,0,224,0,1
75237,0,485,0,1
75238,0,499,0,1
75239,0,496,0,1
75240,0,502,0,1
75241,0,501,0,1
75242,0,495,0,1
75243,0,498,0,1
75244,0,499,0,1
75245,0,501,0,1
75246,0,501,0,1
75247,0,497,0,1
75248,0,501,0,1
75249,0,498,2,1
75250,0,503,0,1
75251,0,503,0,1
75252,0,501,0,1
75253,0,500,0,1
75254,0,313,0,1
75398,0,223,0,1
75399,0,87,0,1
75403,0,3,0,1
75461,0,80,0,1
7563,0,434,0,1
7564,0,506,0,1
75647,0,46,0,1
75648,0,492,0,1
75649,0,498,0,1
7565,0,502,0,1
75650,0,496,0,1
75651,0,496,0,1
75652,0,493,0,1
75653,0,378,0,1
7566,0,504,0,1
75666,0,192,0,1
75667,0,114,0,1
7567,0,495,0,1
7568,0,501,0,1
75680,0,451,0,1
75681,0,497,0,1
75682,0,23,0,1
7569,0,507,0,1
7570,0,501,0,1
7571,0,500,0,1
75716,0,84,0,1
75717,0,227,0,1
7572,0,499,0,1
7573,0,499,0,1
7574,0,501,0,1
7575,0,499,0,1
75757,0,10,0,1
7576,0,501,0,1
7577,0,498,0,1
7578,0,504,0,1
7579,0,496,0,1
7580,0,505,0,1
7581,0,503,0,1
7582,0,502,0,1
75823,0,45,0,1
75824,0,502,0,1
75825,0,508,0,1
75826,0,504,0,1
75827,0,507,0,1
75828,0,505,0,1
75829,0,356,0,1
7583,0,502,0,1
7584,0,508,0,1
7585,0,498,1,1
7586,0,502,0,1
75869,0,272,0,1
7587,0,501,0,1
75870,0,502,0,1
75871,0,495,1,1
75872,0,500,0,1
75873,0,500,1,1
75874,0,503,0,1
75875,0,256,0,1
7588,0,497,0,1
7589,0,501,0,1
7590,0,496,0,1
7591,0,501,0,1
7592,0,499,0,1
7593,0,496,0,1
7594,0,505,0,1
7595,0,501,0,1
7596,0,500,0,1
7597,0,501,0,1
7598,0,500,0,1
7599,0,501,0,1
7600,0,503,0,1
7601,0,503,1,1
7602,0,504,0,1
7603,0,501,0,1
7604,0,502,0,1
7605,0,499,0,1
7606,0,499,0,1
7607,0,504,0,1
7608,0,504,0,1
7609,0,502,0,1
7610,0,499,0,1
76108,0,272,0,1
7611,0,500,0,1
7612,0,501,0,1
76122,0,260,0,1
76123,0,15,0,1
7613,0,37,0,1
76219,0,323,0,1
76220,0,488,0,1
76221,0,498,0,1
76222,0,504,0,1
76223,0,497,0,1
76224,0,495,0,1
76225,0,118,0,1
76257,0,282,0,1
76258,0,497,0,1
76259,0,186,0,1
76406,0,184,0,1
76407,0,499,0,1
76408,0,301,0,1
76411,0,77,0,1
76426,0,109,0,1
764462,0,0,0,47
76487,0,88,0,1
76488,0,75,0,1
76489,0,219,0,1
76570,0,0,0,1
76585,0,131,0,1
76586,0,147,0,1
76634,0,30,0,1
76641,0,438,0,1
76642,0,491,0,1
76643,0,494,0,1
76644,0,485,0,1
76645,0,495,0,1
76646,0,498,0,1
76647,0,4,0,1
76734,0,226,0,1
76735,0,494,0,1
76736,0,161,0,1
76762,0,87,0,1
76763,0,497,0,1
76764,0,498,0,1
76765,0,496,0,1
76766,0,504,0,1
76767,0,494,0,1
76768,0,497,0,1
76769,0,496,0,1
76770,0,500,0,1
76771,0,498,0,1
76772,0,497,0,1
76773,0,499,0,1
76774,0,505,0,1
76775,0,494,0,1
76776,0,492,0,1
76777,0,502,0,1
76778,0,495,0,1
76779,0,491,0,1
76780,0,91,0,1
76868,0,299,0,1
76890,0,269,0,1
7694,0,0,0,1
77114,0,18,0,1
7728,0,313,0,1
7729,0,2,0,1
77312,0,324,0,1
77313,0,500,0,1
77314,0,148,0,1
77328,0,83,0,1
77603,0,4,0,1
77761,0,236,0,1
77762,0,492,0,1
77763,0,201,0,1
77867,0,3,0,1
77886,0,0,0,1
77951,0,36,0,1
78004,0,0,0,1
78005,0,307,0,1
78022,0,179,0,1
78023,0,500,0,1
78024,0,288,0,1
78032,0,461,0,1
78033,0,500,0,1
7807,0,67,0,1
7808,0,497,0,1
7809,0,368,0,1
78163,0,491,0,1
78164,0,500,0,1
78165,0,501,0,1
78166,0,496,0,1
78167,0,501,0,1
78168,0,463,0,1
782,0,26,0,1
78214,0,433,0,1
78215,0,495,0,1
78216,0,499,0,1
78217,0,489,0,1
78218,0,500,0,1
78219,0,498,0,1
78220,0,496,0,1
78221,0,496,0,1
78222,0,496,0,1
78223,0,497,0,1
78224,0,499,0,1
78225,0,501,0,1
78226,0,498,0,1
78227,0,501,0,1
78228,0,493,0,1
78229,0,497,0,1
78230,0,497,0,1
78231,0,270,0,1
78255,0,111,0,1
78373,0,256,0,1
78374,0,39,0,1
78577,0,121,0,1
78578,0,497,0,1
78579,0,314,0,1
7859,0,84,0,1
78596,0,272,0,1
78597,0,497,0,1
78598,0,497,0,1
78599,0,494,0,1
7860,0,237,0,1
78600,0,499,0,1
78601,0,492,0,1
78602,0,76,0,1
78622,0,92,0,1
78662,0,272,0,1
78716,0,430,0,1
78717,0,496,0,1
78718,0,492,0,1
78719,0,500,0,1
78720,0,494,0,1
78721,0,497,0,1
78722,0,497,0,1
78723,0,495,0,1
78724,0,490,0,1
78725,0,489,0,1
78726,0,497,0,1
78727,0,498,0,1
78728,0,500,0,1
78729,0,501,0,1
78730,0,492,0,1
78731,0,499,0,1
78732,0,498,0,1
78733,0,316,0,1
78742,0,90,0,1
78777,0,328,0,1
78778,0,492,0,1
78779,0,93,0,1
78870,0,496,0,1
78871,0,456,0,1
78872,0,313,0,1
78916,0,450,0,1
78917,0,495,0,1
78918,0,493,0,1
78919,0,489,0,1
78920,0,495,0,1
78921,0,493,0,1
78922,0,0,0,1
78957,0,28,0,1
79041,0,331,0,1
79042,0,497,0,1
79043,0,490,0,1
79044,0,496,0,1
79045,0,491,0,1
79046,0,495,0,1
79047,0,169,0,1
79079,0,6,0,1
79186,0,55,0,1
79187,0,24,0,1
79191,0,290,0,1
79192,0,500,0,1
79193,0,156,0,1
79383,0,11,0,1
7939,0,316,0,1
79480,0,136,0,1
79481,0,502,0,1
79482,0,285,0,1
79505,0,203,0,1
79506,0,121,0,1
79510,0,184,0,1
79511,0,504,0,1
79512,0,504,0,1
79513,0,493,0,1
79514,0,498,0,1
79515,0,498,0,1
79516,0,205,0,1
79680,0,29,0,1
79798,0,468,0,1
79799,0,492,0,1
79800,0,4,0,1
7982,0,93,0,1
79826,0,94,0,1
7985,0,475,0,1
7986,0,490,0,1
7987,0,2,0,1
79931,0,101,0,1
80066,0,298,0,1
8020,0,8,0,1
80262,0,393,0,1
80263,0,493,0,1
80264,0,64,0,1
8039,0,208,0,1
8040,0,487,0,1
8041,0,246,0,1
80432,0,365,0,1
80433,0,503,0,1
80434,0,59,0,1
80446,0,90,0,1
8068,0,76,0,1
80857,0,495,0,1
80858,0,492,0,1
80859,0,493,0,1
80860,0,493,0,1
80861,0,501,0,1
80862,0,493,0,1
80863,0,11,0,1
80901,0,126,0,1
80902,0,165,0,1
80903,0,110,0,1
80989,0,260,0,1
80990,0,13,0,1
81065,0,113,0,1
81066,0,499,0,1
81067,0,496,0,1
81068,0,503,0,1
81069,0,498,0,1
81070,0,499,0,1
81071,0,338,0,1
81162,0,420,0,1
81163,0,496,0,1
81164,0,497,0,1
81165,0,490,0,1
81166,0,496,0,1
81167,0,497,0,1
81168,0,55,0,1
81214,0,329,0,1
81215,0,492,0,1
81216,0,494,0,1
81217,0,487,0,1
81218,0,499,0,1
81219,0,495,0,1
81220,0,310,0,2
81221,0,492,0,1
81222,0,196,0,1
81262,0,144,0,1
81263,0,485,0,1
81264,0,266,0,1
81293,0,8,0,1
81295,0,21,0,1
81324,0,135,0,1
81325,0,131,0,1
81349,0,350,0,1
81350,0,489,0,1
81351,0,47,0,1
81387,0,155,0,1
81388,0,495,0,1
81389,0,497,0,1
81390,0,496,0,1
81391,0,499,0,1
81392,0,502,0,1
81393,0,502,0,1
81394,0,498,0,1
81395,0,499,0,1
81396,0,499,0,1
81397,0,499,0,1
81398,0,500,0,1
81399,0,502,0,1
81400,0,500,0,1
81401,0,500,0,1
81402,0,504,0,1
81403,0,502,0,1
81404,0,497,0,1
81405,0,499,0,1
81406,0,498,0,1
81407,0,490,0,1
81408,0,503,0,1
81409,0,502,0,1
81410,0,501,0,1
81411,0,497,0,1
81412,0,496,0,1
81413,0,500,0,1
81414,0,500,0,1
81415,0,500,0,1
81416,0,500,0,1
81417,0,498,0,1
81418,0,502,0,1
81419,0,499,0,1
81420,0,501,0,1
81421,0,504,0,1
81422,0,503,0,1
81423,0,502,0,1
81424,0,505,0,1
81425,0,503,0,1
81426,0,504,0,1
81427,0,501,0,1
81428,0,495,0,1
81429,0,503,0,1
81430,0,502,0,1
81431,0,497,0,1
81432,0,498,0,1
81433,0,503,0,1
81434,0,504,0,1
81435,0,501,0,1
81436,0,498,0,1
81437,0,483,0,1
81445,0,89,0,1
81602,0,302,0,1
81800,0,253,0,1
81801,0,498,0,1
81802,0,499,0,1
81803,0,493,0,1
81804,0,489,0,1
81805,0,493,0,1
81806,0,159,0,1
81812,0,3,0,1
81813,0,498,0,1
81814,0,495,0,1
81815,0,489,0,1
81816,0,496,0,1
81817,0,492,0,1
81818,0,456,0,1
81823,0,284,0,1
81824,0,503,0,1
81825,0,491,8,1
81826,0,503,0,1
81827,0,496,0,1
81828,0,505,0,1
81829,0,506,0,1
81830,0,502,0,1
81831,0,504,0,1
81832,0,504,0,1
81833,0,504,0,1
81834,0,509,0,1
81835,0,503,0,1
81836,0,502,0,1
81837,0,506,0,1
81838,0,505,0,1
81839,0,506,0,1
81840,0,506,0,1
81841,0,480,15,1
81842,0,501,0,1
81843,0,506,0,1
81844,0,507,0,1
81845,0,504,0,1
81846,0,506,0,1
81847,0,506,0,1
81848,0,505,0,1
81849,0,505,0,1
81850,0,505,0,1
81851,0,504,0,1
81852,0,504,0,1
81853,0,506,0,1
81854,0,506,0,1
81855,0,503,0,1
81856,0,501,0,1
81857,0,486,11,1
81858,0,504,0,1
81859,0,507,0,1
81860,0,504,0,1
81861,0,505,0,1
81862,0,506,0,1
81863,0,506,0,1
81864,0,505,0,1
81865,0,500,0,1
81866,0,505,0,1
81867,0,505,0,1
81868,0,503,0,1
81869,0,506,0,1
81870,0,505,0,1
81871,0,502,0,1
81872,0,504,0,1
81873,0,494,7,1
81874,0,505,0,1
81875,0,504,0,1
81876,0,508,0,1
81877,0,503,0,1
81878,0,505,0,1
81879,0,506,0,1
81880,0,502,0,1
81881,0,506,0,1
81882,0,505,0,1
81883,0,502,0,1
81884,0,505,0,1
81885,0,504,0,1
81886,0,503,0,1
81887,0,505,0,1
81888,0,505,0,1
81889,0,494,9,1
81890,0,506,0,1
81891,0,506,0,1
81892,0,509,0,1
81893,0,503,0,1
81894,0,500,0,1
81895,0,506,0,1
81896,0,501,0,1
81897,0,501,0,1
81898,0,497,0,1
81899,0,500,0,1
81900,0,505,0,1
81901,0,504,0,1
81902,0,502,0,1
81903,0,503,0,1
81904,0,504,0,1
81905,0,489,10,1
81906,0,503,0,1
81907,0,506,0,1
81908,0,502,0,1
81909,0,503,0,1
81910,0,503,0,1
81911,0,501,0,1
81912,0,499,0,1
81913,0,502,1,1
81914,0,506,0,1
81915,0,505,0,1
81916,0,503,0,1
81917,0,505,0,1
81918,0,508,0,1
81919,0,504,0,1
81920,0,502,0,1
81921,0,493,7,1
81922,0,505,0,1
81923,0,501,0,1
81924,0,507,0,1
81925,0,506,0,1
81926,0,506,0,1
81927,0,504,0,1
81928,0,504,0,1
81929,0,504,0,1
81930,0,505,0,1
81931,0,500,0,1
81932,0,506,0,1
81933,0,506,0,1
81934,0,509,0,1
81935,0,504,0,1
81936,0,504,0,1
81937,0,491,7,1
81938,0,503,0,1
81939,0,501,0,1
81940,0,504,0,1
81941,0,506,0,1
81942,0,504,0,1
81943,0,503,0,1
81944,0,503,0,1
81945,0,508,0,1
81946,0,504,0,1
81947,0,501,0,1
81948,0,508,0,1
81949,0,504,0,1
81950,0,500,0,1
81951,0,499,0,1
81952,0,508,0,1
81953,0,482,17,1
81954,0,506,0,1
81955,0,72,0,1
82022,0,39,0,1
82023,0,254,0,1
82036,0,216,0,1
82037,0,491,0,1
82038,0,496,0,1
82039,0,499,0,1
82040,0,494,0,1
82041,0,493,0,1
82042,0,288,0,1
82079,0,390,0,1
82080,0,503,0,1
82081,0,41,0,1
822,0,451,0,1
82202,0,470,0,1
82203,0,497,0,1
82204,0,8,0,1
82230,0,31,0,1
823,0,498,0,1
82335,0,166,0,1
82336,0,498,0,1
82337,0,488,1,1
82338,0,492,0,1
82339,0,499,0,1
82340,0,493,0,1
82341,0,197,0,1
82355,0,93,0,1
82361,0,92,0,1
824,0,494,0,1
82437,0,160,0,1
82438,0,493,0,1
82439,0,489,0,1
82440,0,489,0,1
82441,0,496,0,1
82442,0,490,0,1
82443,0,256,0,1
825,0,500,0,1
82554,0,358,0,1
82555,0,501,0,1
82556,0,499,0,1
82557,0,500,0,1
82558,0,503,0,1
82559,0,497,0,1
82560,0,505,0,1
82561,0,499,0,1
82562,0,499,0,1
82563,0,499,0,1
82564,0,496,0,1
82565,0,500,0,1
82566,0,495,0,1
82567,0,497,0,1
82568,0,502,0,1
82569,0,496,0,1
82570,0,502,0,1
82571,0,484,0,1
82596,0,309,0,1
826,0,496,0,1
82659,0,7,0,1
827,0,453,0,1
82779,0,404,0,1
8278,0,3,0,1
82780,0,483,0,1
82781,0,84,0,1
82823,0,190,0,1
82824,0,497,0,1
82825,0,503,0,1
82826,0,498,0,1
82827,0,496,0,1
82828,0,500,0,1
82829,0,503,0,1
82830,0,497,0,1
82831,0,497,0,1
82832,0,497,0,1
82833,0,499,1,1
82834,0,498,0,1
82835,0,503,0,1
82836,0,507,0,1
82837,0,500,0,1
82838,0,497,0,1
82839,0,498,0,1
82840,0,498,0,1
82841,0,40,0,1
82902,0,271,0,1
82903,0,42,0,1
82922,0,310,0,1
82923,0,499,0,1
82924,0,495,0,1
82925,0,499,0,1
82926,0,501,0,1
82927,0,495,0,1
82928,0,496,0,1
82929,0,491,0,1
82930,0,496,0,1
82931,0,502,0,1
82932,0,492,0,1
82933,0,498,0,1
82934,0,496,0,1
82935,0,485,0,1
82936,0,498,0,1
82937,0,495,0,1
82938,0,499,0,1
82939,0,496,0,1
82940,0,57,0,1
83073,0,51,0,1
83074,0,497,0,1
83075,0,491,0,1
83076,0,491,0,1
83077,0,492,0,1
83078,0,497,0,1
83079,0,426,0,1
83080,0,35,0,1
83081,0,495,0,1
83082,0,427,0,1
83083,0,231,0,1
83084,0,498,0,1
83085,0,497,0,1
83086,0,497,0,1
83087,0,499,0,1
83088,0,493,0,1
83089,0,155,0,1
83186,0,231,0,1
83187,0,503,0,1
83188,0,234,0,1
83210,0,144,0,1
83211,0,505,0,1
83212,0,277,0,1
83304,0,294,0,1
8333,0,136,0,1
8334,0,495,0,1
8335,0,296,0,1
83405,0,0,0,1
83442,0,93,0,1
83529,0,481,0,1
83530,0,498,0,1
83531,0,499,0,1
83532,0,496,0,1
83533,0,492,0,1
83534,0,497,0,1
83535,0,492,0,1
83536,0,499,0,1
83537,0,494,0,1
83538,0,489,0,1
83539,0,497,0,1
83540,0,494,0,1
83541,0,498,0,1
83542,0,494,0,1
83543,0,503,0,1
83544,0,496,0,1
83545,0,499,0,1
83546,0,457,0,1
83551,0,288,0,1
83552,0,499,0,1
83553,0,497,1,1
83554,0,500,0,1
83555,0,495,0,1
83556,0,500,0,1
83557,0,253,0,1
83599,0,414,0,1
83600,0,494,0,1
83601,0,17,0,1
83651,0,17,0,1
83652,0,494,0,1
83653,0,494,0,1
83654,0,497,0,1
83655,0,491,0,1
83656,0,503,0,1
83657,0,441,0,1
8367,0,3,0,1
83741,0,421,0,1
83742,0,495,0,1
83743,0,50,0,1
83780,0,347,0,1
83781,0,483,0,1
83782,0,110,0,1
8382,0,70,0,1
8383,0,213,0,1
83846,0,34,0,1
83847,0,50,0,1
83898,0,95,0,1
83899,0,504,0,1
8390,0,363,0,1
83900,0,498,0,1
83901,0,497,0,1
83902,0,500,0,1
83903,0,507,0,1
83904,0,497,0,1
83905,0,500,0,1
83906,0,503,0,1
83907,0,497,0,1
83908,0,503,0,1
83909,0,507,0,1
8391,0,503,0,1
83910,0,502,0,1
83911,0,504,0,1
83912,0,494,0,1
83913,0,501,0,1
83914,0,498,0,1
83915,0,503,0,1
83916,0,289,0,1
8392,0,496,0,1
83920,0,201,0,1
83921,0,501,0,1
83922,0,495,0,1
83923,0,507,0,1
83924,0,497,0,1
83925,0,503,0,1
83926,0,302,0,1
8393,0,492,0,1
8394,0,491,0,1
8395,0,490,0,1
8396,0,56,0,1
83977,0,286,0,1
8401,0,428,0,1
8402,0,473,0,1
84177,0,357,0,1
84178,0,500,0,1
84179,0,494,0,1
84180,0,500,0,1
84181,0,501,0,1
84182,0,501,0,1
84183,0,501,0,1
84184,0,501,0,1
84185,0,499,0,1
84186,0,500,0,1
84187,0,501,0,1
84188,0,502,0,1
84189,0,500,0,1
84190,0,501,0,1
84191,0,498,0,1
84192,0,499,0,1
84193,0,501,0,1
84194,0,497,0,1
84195,0,500,0,1
84196,0,499,0,1
84197,0,495,0,1
84198,0,501,0,1
84199,0,500,0,1
84200,0,501,0,1
84201,0,499,0,1
84202,0,506,0,1
84203,0,502,0,1
84204,0,505,0,1
84205,0,499,0,1
84206,0,500,0,1
84207,0,498,0,1
84208,0,501,0,1
84209,0,501,0,1
84210,0,493,0,1
84211,0,504,0,1
84212,0,500,0,1
84213,0,503,0,1
84214,0,499,0,1
84215,0,502,0,1
84216,0,501,0,1
84217,0,504,0,1
84218,0,500,0,1
84219,0,498,0,1
84220,0,502,0,1
84221,0,503,0,1
84222,0,499,0,1
84223,0,498,0,1
84224,0,505,0,1
84225,0,501,0,1
84226,0,501,0,1
84227,0,83,0,1
84270,0,450,0,1
84271,0,497,0,1
84272,0,494,0,1
84273,0,495,0,1
84274,0,496,0,1
84275,0,495,0,1
84276,0,498,0,1
84277,0,499,0,1
84278,0,491,0,1
84279,0,487,0,1
84280,0,493,0,1
84281,0,496,0,1
84282,0,491,0,1
84283,0,496,0,1
84284,0,493,0,1
84285,0,494,0,1
84286,0,498,0,1
84287,0,329,0,1
8429,0,123,0,1
8430,0,172,0,1
84309,0,29,0,1
84310,0,497,0,1
84311,0,427,0,1
84366,0,241,0,1
84367,0,500,0,1
84368,0,497,0,1
84369,0,499,3,1
84370,0,497,0,1
84371,0,499,0,1
84372,0,158,0,1
84383,0,241,0,1
84384,0,499,0,1
84385,0,479,0,2
84386,0,501,0,1
84387,0,496,0,1
84388,0,496,0,1
84389,0,500,0,1
84390,0,496,0,1
84391,0,503,0,1
84392,0,502,0,1
84393,0,497,0,1
84394,0,501,0,1
84395,0,499,0,1
84396,0,502,0,1
84397,0,497,0,1
84398,0,492,0,1
84399,0,500,0,1
84400,0,498,0,1
84401,0,494,0,1
84402,0,496,0,1
84403,0,504,0,1
84404,0,502,0,1
84405,0,493,0,1
84406,0,499,0,1
84407,0,504,0,1
84408,0,497,0,1
84409,0,493,0,1
84410,0,499,0,1
84411,0,494,0,1
84412,0,504,0,1
84413,0,504,0,1
84414,0,500,0,1
84415,0,504,0,1
84416,0,500,0,1
84417,0,500,0,1
84418,0,500,0,1
84419,0,503,0,1
84420,0,487,0,1
84421,0,495,0,1
84422,0,501,0,1
84423,0,501,0,1
84424,0,505,0,1
84425,0,502,0,1
84426,0,495,0,1
84427,0,504,0,1
84428,0,499,0,1
84429,0,505,0,1
84430,0,500,0,1
84431,0,502,0,1
84432,0,499,0,1
84433,0,493,0,1
84434,0,499,0,1
84435,0,503,0,1
84436,0,499,0,1
84437,0,500,0,1
84438,0,497,0,1
84439,0,503,0,1
84440,0,498,0,1
84441,0,499,0,1
84442,0,502,0,1
84443,0,499,0,1
84444,0,499,0,1
84445,0,501,0,1
84446,0,500,0,1
84447,0,502,0,1
84448,0,499,0,1
84449,0,500,0,1
84450,0,503,0,1
84451,0,497,0,1
84452,0,503,0,1
84453,0,501,0,1
84454,0,501,0,1
84455,0,501,0,1
84456,0,496,0,1
84457,0,495,0,1
84458,0,496,0,1
84459,0,498,0,1
84460,0,502,0,1
84461,0,502,0,1
84462,0,503,0,1
84463,0,500,0,1
84464,0,500,0,1
84465,0,501,0,1
84466,0,498,0,1
84467,0,499,0,1
84468,0,499,0,1
84469,0,498,0,1
84470,0,501,0,1
84471,0,504,0,1
84472,0,497,0,1
84473,0,505,0,1
84474,0,496,0,1
84475,0,504,0,1
84476,0,498,0,1
84477,0,502,0,1
84478,0,499,0,1
84479,0,497,0,1
84480,0,495,0,1
84481,0,502,0,1
84482,0,504,0,1
84483,0,499,0,1
84484,0,499,0,1
84485,0,498,0,1
84486,0,501,0,1
84487,0,501,0,1
84488,0,499,0,1
84489,0,501,0,1
84490,0,504,0,1
84491,0,500,0,1
84492,0,500,0,1
84493,0,495,0,1
84494,0,502,0,1
84495,0,501,0,1
84496,0,498,0,1
84497,0,504,0,1
84498,0,502,0,1
84499,0,498,0,1
84500,0,501,0,1
84501,0,498,0,1
84502,0,507,0,1
84503,0,497,0,1
84504,0,502,0,1
84505,0,500,0,1
84506,0,500,0,1
84507,0,498,0,1
84508,0,500,0,1
84509,0,499,0,1
84510,0,499,0,1
84511,0,503,0,1
84512,0,501,0,1
84513,0,503,0,1
84514,0,502,0,1
84515,0,503,0,1
84516,0,500,0,1
84517,0,417,0,1
84558,0,179,0,1
84559,0,109,0,1
84570,0,279,0,1
84571,0,490,0,1
84572,0,177,0,1
84657,0,113,0,1
84659,0,295,0,1
84667,0,323,0,1
84668,0,494,0,1
84669,0,102,0,1
84754,0,218,0,1
84755,0,498,0,1
84756,0,498,0,1
84757,0,497,0,1
84758,0,506,0,1
84759,0,498,0,1
84760,0,503,0,1
84761,0,501,0,1
84762,0,503,0,1
84763,0,497,0,1
84764,0,502,0,1
84765,0,500,0,1
84766,0,497,0,1
84767,0,500,0,1
84768,0,497,0,1
84769,0,497,0,1
84770,0,499,0,1
84771,0,497,0,1
84772,0,40,0,1
84922,0,73,0,1
84993,0,381,1,1
84994,0,503,0,1
84995,0,501,0,1
84996,0,495,0,1
84997,0,496,0,1
84998,0,498,0,1
84999,0,7,0,1
85016,0,7,0,1
85080,0,309,0,1
85081,0,499,0,1
85082,0,175,0,1
85093,0,444,0,1
85094,0,493,0,1
85095,0,30,0,1
85132,0,65,0,1
85133,0,488,0,1
85134,0,499,0,1
85135,0,496,0,1
85136,0,494,0,1
85137,0,498,0,1
85138,0,417,0,1
85165,0,35,0,1
85166,0,51,0,1
85228,0,290,0,1
85229,0,498,0,1
85230,0,498,0,1
85231,0,497,0,1
85232,0,502,0,1
85233,0,498,0,1
85234,0,503,0,1
85235,0,498,0,1
85236,0,505,0,1
85237,0,500,0,1
85238,0,502,0,1
85239,0,499,0,1
85240,0,504,0,1
85241,0,501,0,1
85242,0,500,0,1
85243,0,501,0,1
85244,0,496,0,1
85245,0,505,0,1
85246,0,498,0,1
85247,0,498,0,1
85248,0,498,0,1
85249,0,497,0,1
85250,0,501,0,1
85251,0,493,0,1
85252,0,498,0,1
85253,0,500,0,1
85254,0,501,0,1
85255,0,502,0,1
85256,0,501,0,1
85257,0,502,0,1
85258,0,499,0,1
85259,0,491,0,1
85260,0,503,0,1
85261,0,506,0,1
85262,0,506,0,1
85263,0,499,0,1
85264,0,502,0,1
85265,0,506,0,1
85266,0,504,0,1
85267,0,504,0,1
85268,0,500,0,1
85269,0,500,0,1
85270,0,499,0,1
85271,0,499,0,1
85272,0,498,0,1
85273,0,502,0,1
85274,0,505,0,1
85275,0,502,0,1
85276,0,504,0,1
85277,0,500,0,1
85278,0,67,0,1
85402,0,86,0,1
85405,0,44,0,1
85406,0,499,0,1
85407,0,494,0,1
85408,0,498,0,1
85409,0,500,0,1
85410,0,503,0,1
85411,0,500,0,1
85412,0,491,0,1
85413,0,498,0,1
85414,0,492,0,1
85415,0,499,0,1
85416,0,502,0,1
85417,0,497,0,1
85418,0,499,0,1
85419,0,495,0,1
85420,0,497,0,1
85421,0,498,0,1
85422,0,500,0,1
85423,0,184,0,1
85460,0,202,0,1
85461,0,504,0,1
85462,0,499,0,1
85463,0,504,0,1
85464,0,501,0,1
85465,0,507,0,1
85466,0,504,0,1
85467,0,498,0,1
85468,0,493,0,1
85469,0,499,0,1
85470,0,503,0,1
85471,0,496,0,1
85472,0,499,0,1
85473,0,500,0,1
85474,0,498,0,1
85475,0,501,0,1
85476,0,498,0,1
85477,0,504,0,1
85478,0,77,0,1
85529,0,72,0,1
85614,0,491,0,1
85615,0,435,0,1
85692,0,25,0,1
85693,0,483,0,2
85694,0,93,0,1
85715,0,277,0,1
85716,0,488,0,1
85717,0,209,0,1
85730,0,139,0,1
85731,0,496,0,1
85732,0,500,0,1
85733,0,494,0,1
85734,0,487,0,1
85735,0,497,0,1
85736,0,246,0,1
85749,0,193,0,1
85750,0,110,0,1
85772,0,31,0,1
85773,0,502,0,1
85774,0,422,0,1
85904,0,63,0,1
85905,0,227,0,1
85944,0,104,0,1
85945,0,492,0,1
85946,0,500,0,1
85947,0,489,0,1
85948,0,493,0,1
85949,0,487,0,1
85950,0,331,0,1
85990,0,146,0,1
85991,0,498,0,1
85992,0,497,0,1
85993,0,496,0,1
85994,0,497,0,1
85995,0,494,0,1
85996,0,248,0,1
86011,0,105,0,1
86076,0,271,0,1
86077,0,7,0,1
8629,0,25,0,1
86333,0,375,0,1
86334,0,505,0,1
86335,0,56,0,1
86343,0,293,0,1
86344,0,4,0,1
86411,0,163,0,1
86412,0,496,0,1
86413,0,496,0,1
86414,0,495,0,1
86415,0,494,0,1
86416,0,492,0,1
86417,0,345,0,1
86562,0,300,0,1
86591,0,24,0,1
86606,0,0,0,1
86610,0,21,0,1
86648,0,55,0,1
86649,0,494,0,1
86650,0,420,0,1
86690,0,416,0,1
86691,0,499,0,1
86692,0,500,0,1
86693,0,505,0,1
86694,0,502,0,1
86695,0,500,0,1
86696,0,500,0,1
86697,0,501,0,1
86698,0,503,0,1
86699,0,501,0,1
86700,0,502,0,1
86701,0,497,0,1
86702,0,495,0,1
86703,0,501,0,1
86704,0,500,0,1
86705,0,503,0,1
86706,0,499,0,1
86707,0,356,0,1
86767,0,5,0,1
86784,0,0,0,1
86785,0,306,0,1
86839,0,29,0,1
86840,0,263,0,1
8688,0,305,0,1
869037,0,2,0,2
869038,0,78,6,286
869039,0,1544,323,1118
869040,0,3931,112,871
869041,0,7126,127,1014
869042,0,1915,81,818
869043,0,900,54,699
869044,0,4238,145,893
869045,0,2356,107,901
869046,0,1074,66,786
869047,0,1778,76,806
869048,0,3848,66,774
869049,0,2733,194,999
869050,0,25064,317,1014
869051,0,1260,119,838
869052,0,4611,168,943
869053,0,889,60,728
869054,0,2322,80,797
869055,0,4379,151,948
869056,0,1031,69,795
869057,0,1278,93,807
869058,0,1395,87,846
869059,0,1493,111,868
869060,0,1488,144,971
869061,0,1172,113,852
869062,0,1172,117,878
869063,0,1319,73,862
869064,0,1575,140,937
869065,0,1892,74,740
869066,0,1333,131,942
869067,0,1867,84,848
869068,0,1303,74,849
869069,0,1185,81,819
869070,0,1223,96,785
869071,0,1710,140,931
869072,0,2474,178,977
869073,0,893,58,713
869074,0,981,62,726
869075,0,9888,140,961
869076,0,1971,276,1119
869077,0,3839,83,816
869078,0,1170,94,798
869079,0,2075,61,755
869080,0,1202,117,903
869081,0,25067,235,1089
869082,0,4858,95,883
869083,0,970,68,750
869084,0,1071,72,799
869085,0,1010,69,768
869086,0,1200,97,828
869087,0,2184,127,894
869088,0,9555,110,832
869089,0,10108,163,990
869090,0,1070,84,755
869091,0,1198,90,801
869092,0,2117,94,872
869093,0,1232,87,836
869094,0,1155,74,769
869095,0,3520,124,877
869096,0,1751,61,717
869097,0,1046,66,784
869098,0,1366,123,958
869099,0,2025,196,989
869100,0,1099,54,805
869101,0,1215,111,808
869102,0,1243,97,824
869103,0,1679,65,696
869104,0,2011,107,837
869105,0,2442,249,1066
869106,0,25399,311,1096
869107,0,1525,91,827
869108,0,4176,139,899
869109,0,4191,137,946
869110,0,1848,138,942
869111,0,1357,101,886
869112,0,9507,104,819
869113,0,9481,166,953
869114,0,2338,139,948
869115,0,911,65,750
869116,0,2111,100,876
869117,0,1095,95,775
869118,0,10681,155,962
869119,0,1433,142,950
869120,0,24784,280,1081
869121,0,1360,98,854
869122,0,1454,127,936
869123,0,1009,54,778
869124,0,1140,107,813
869125,0,1095,93,815
869126,0,1183,42,714
869127,0,2346,141,967
869128,0,1085,100,785
869129,0,1824,70,783
869130,0,7177,132,931
869131,0,12729,157,938
869132,0,10177,217,972
869133,0,1227,126,875
869134,0,1639,179,966
869135,0,1836,176,951
869136,0,1128,73,794
869137,0,18198,271,1093
869138,0,1122,73,804
869139,0,1351,143,929
869140,0,4996,103,817
869141,0,26568,329,1113
869142,0,2365,114,852
869143,0,2180,77,825
869144,0,1233,65,772
869145,0,993,72,748
869146,0,4204,125,910
869147,0,1436,80,794
869148,0,1420,70,856
869149,0,816,36,644
869150,0,1727,166,998
869151,0,4116,159,925
869152,0,1481,148,920
869153,0,1157,88,844
869154,0,1016,65,769
869155,0,1397,166,999
869156,0,1554,153,904
869157,0,755,41,665
869158,0,2041,127,931
869159,0,4888,95,871
869160,0,1043,45,760
869161,0,13406,265,1073
869162,0,1260,125,868
869163,0,923,55,718
869164,0,1394,154,901
869165,0,1086,80,821
869166,0,5746,174,1046
869167,0,3620,69,792
869168,0,1423,131,931
869169,0,4367,129,998
869170,0,1403,104,932
869171,0,1101,73,784
869172,0,1142,86,837
869173,0,3756,77,836
869174,0,1676,115,933
869175,0,988,58,725
869176,0,991,72,699
869177,0,1326,102,855
869178,0,864,62,746
869179,0,1333,104,875
869180,0,10577,208,1030
869181,0,1432,110,915
869182,0,1424,98,810
869183,0,1468,94,908
869184,0,1329,103,877
869185,0,25185,269,1101
869186,0,1167,72,802
869187,0,1090,87,859
869188,0,1015,54,763
869189,0,1496,140,964
869190,0,2015,108,833
869191,0,2627,118,917
869192,0,4109,94,927
869193,0,1750,193,1027
869194,0,1497,63,839
869195,0,1001,55,742
869196,0,1849,116,904
869197,0,1096,72,809
869198,0,1795,89,804
869199,0,1302,112,890
869200,0,3468,152,989
869201,0,1559,560,1213
869202,0,970,76,770
869203,0,2117,87,848
869204,0,1360,65,818
869205,0,1644,133,974
869206,0,1296,85,759
869207,0,9405,131,961
869208,0,1835,72,763
869209,0,4196,140,957
869210,0,1668,108,907
869211,0,984,67,761
869212,0,1120,83,812
869213,0,9882,165,1008
869214,0,1239,100,819
869215,0,3865,79,818
869216,0,1687,116,873
869217,0,875,58,751
869218,0,1236,86,816
869219,0,4156,82,800
869220,0,1851,147,1049
869221,0,9366,129,889
869222,0,936,56,739
869223,0,1338,116,976
869224,0,4154,154,953
869225,0,6985,110,958
869226,0,1561,65,864
869227,0,1185,100,874
869228,0,1980,86,845
869229,0,1177,101,859
869230,0,1578,95,836
869231,0,10485,119,922
869232,0,4112,110,873
869233,0,1011,95,814
869234,0,3762,62,800
869235,0,26077,351,1144
869236,0,1398,114,852
869237,0,1465,140,990
869238,0,3125,238,1074
869239,0,3938,70,785
869240,0,1489,154,1006
869241,0,33517,305,1116
869242,0,9644,178,970
869243,0,1787,166,983
869244,0,25061,226,1037
869245,0,1204,90,823
869246,0,1364,99,878
869247,0,1378,113,879
869248,0,1268,73,751
869249,0,1185,54,771
869250,0,9822,121,929
869251,0,2215,87,857
869252,0,2192,116,829
869253,0,1981,80,801
869254,0,1305,112,861
869255,0,1765,93,865
869256,0,1105,78,807
869257,0,1465,137,921
869258,0,1810,61,708
869259,0,1830,219,1007
869260,0,9107,95,844
869261,0,1202,70,801
869262,0,2256,129,931
869263,0,1384,100,815
869264,0,1231,127,873
869265,0,1392,106,910
869266,0,26172,213,1095
869267,0,1586,138,1007
869268,0,1314,66,728
869269,0,4582,94,793
869270,0,1536,180,916
869271,0,1678,146,939
869272,0,1793,176,1024
869273,0,2175,95,831
869274,0,1176,92,839
869275,0,1862,73,804
869276,0,1110,97,846
869277,0,1503,146,983
869278,0,6242,154,1014
869279,0,3993,93,828
869280,0,1328,75,787
869281,0,10568,119,959
869282,0,1260,90,850
869283,0,1199,76,806
869284,0,1986,113,877
869285,0,1560,140,994
869286,0,1327,239,1083
869287,0,1245,67,798
869288,0,13286,90,931
869289,0,989,104,841
869290,0,1025,73,796
869291,0,2055,82,815
869292,0,1758,178,993
869293,0,25329,420,1158
869294,0,5673,631,1223
869295,0,1239,76,843
869296,0,949,66,840
869297,0,1247,46,821
869298,0,1348,115,965
869299,0,885,54,718
86930,0,96,0,1
869300,0,2473,163,971
869301,0,1323,100,870
869302,0,11813,224,1137
869303,0,2645,108,860
869304,0,979,41,681
869305,0,1194,83,821
869306,0,1708,192,956
869307,0,1025,78,791
869308,0,1115,81,815
869309,0,1539,108,875
86931,0,190,0,1
869310,0,1528,130,913
869311,0,1502,75,839
869312,0,1376,76,854
869313,0,9634,235,1067
869314,0,9435,79,865
869315,0,1023,65,804
869316,0,1577,119,884
869317,0,4647,165,1023
869318,0,1539,165,958
869319,0,1362,60,831
869320,0,34523,275,1130
869321,0,1100,69,796
869322,0,2094,71,865
869323,0,2254,242,1071
869324,0,1034,49,770
869325,0,2287,123,978
869326,0,997,266,1051
869327,0,2762,155,1047
869328,0,1381,197,1061
869329,0,2490,171,1017
869330,0,2179,101,855
869331,0,1311,77,840
869332,0,944,35,698
869333,0,1410,149,913
869334,0,1465,109,925
869335,0,1081,62,773
869336,0,1629,160,997
869337,0,3169,110,936
869338,0,4214,127,955
869339,0,4819,284,1140
869340,0,1702,116,952
869341,0,4143,105,918
869342,0,1239,111,872
869343,0,1416,126,939
869344,0,740,56,657
869345,0,1722,93,919
869346,0,12645,167,983
869347,0,1247,54,732
869348,0,912,39,724
869349,0,1031,60,791
869350,0,1253,83,833
869351,0,1174,109,938
869352,0,1563,105,899
869353,0,1201,64,856
869354,0,2227,235,1091
869355,0,1276,126,959
869356,0,9822,125,988
869357,0,1335,113,902
869358,0,4282,159,1013
869359,0,4073,83,750
869360,0,12135,155,957
869361,0,2189,135,917
869362,0,3908,217,1030
869363,0,951,46,752
869364,0,1161,71,764
869365,0,1455,108,949
869366,0,5075,108,932
869367,0,1525,122,930
869368,0,1952,308,1123
869369,0,1389,139,903
869370,0,3914,95,850
869371,0,10348,124,920
869372,0,928,46,692
869373,0,3221,194,1037
869374,0,1303,101,866
869375,0,1575,192,1016
869376,0,1299,143,1023
869377,0,1096,62,824
869378,0,1111,89,842
869379,0,1259,72,861
869380,0,1054,66,739
869381,0,1275,74,841
869382,0,4264,153,1015
869383,0,2093,90,879
869384,0,983,80,806
869385,0,1983,100,805
869386,0,1056,60,808
869387,0,1833,203,1026
869388,0,1221,95,781
869389,0,1280,90,856
869390,0,7279,183,972
869391,0,2446,116,934
869392,0,25276,235,1111
869393,0,1252,81,848
869394,0,1494,123,983
869395,0,1460,126,932
869396,0,871,49,686
869397,0,1312,106,901
869398,0,1333,97,768
869399,0,1367,86,929
869400,0,1221,108,894
869401,0,10465,165,1007
869402,0,1631,107,882
869403,0,1393,163,939
869404,0,4153,115,912
869405,0,3843,72,829
869406,0,10409,132,989
869407,0,931,81,750
869408,0,1283,132,907
869409,0,4086,138,979
86941,0,66,0,1
869410,0,2307,165,1013
869411,0,4306,126,983
869412,0,9422,129,885
869413,0,1398,110,906
869414,0,1811,122,923
869415,0,1121,69,866
869416,0,2425,223,1143
869417,0,1296,120,928
869418,0,1028,49,750
869419,0,1479,143,965
86942,0,497,0,1
869420,0,1763,221,1031
869421,0,10526,166,962
869422,0,2210,96,929
869423,0,5881,81,855
869424,0,1586,65,799
869425,0,1341,63,934
869426,0,1414,79,874
869427,0,1298,94,875
869428,0,1257,81,825
869429,0,2021,119,927
86943,0,487,0,1
869430,0,2380,217,1129
869431,0,1179,70,812
869432,0,1021,93,796
869433,0,4257,129,917
869434,0,2853,107,825
869435,0,1561,100,879
869436,0,4153,101,909
869437,0,1044,59,761
869438,0,1307,83,788
869439,0,2385,93,936
86944,0,498,0,1
869440,0,801,61,733
869441,0,10034,250,1114
869442,0,2610,148,993
869443,0,858,37,706
869444,0,10211,131,1012
869445,0,977,61,731
869446,0,753,34,644
869447,0,9989,166,1047
869448,0,1895,115,931
869449,0,5346,165,1002
86945,0,497,0,1
869450,0,4343,141,1008
869451,0,1624,112,908
869452,0,887,42,668
869453,0,2924,142,1083
869454,0,1201,88,888
869455,0,2275,132,943
869456,0,996,89,860
869457,0,1101,59,818
869458,0,1069,52,774
869459,0,10820,186,1055
86946,0,494,0,1
869460,0,1239,95,915
869461,0,3833,104,838
869462,0,1457,132,950
869463,0,1884,109,948
869464,0,28159,319,1164
869465,0,1393,108,899
869466,0,1568,113,931
869467,0,1064,56,772
869468,0,10775,202,1065
869469,0,1161,69,822
86947,0,496,0,1
869470,0,1224,89,889
869471,0,1056,98,879
869472,0,1244,108,874
869473,0,2553,171,1051
869474,0,12309,137,957
869475,0,28367,305,1157
869476,0,1700,100,959
869477,0,1514,52,728
869478,0,981,65,760
869479,0,2024,74,875
86948,0,499,0,1
869480,0,976,53,762
869481,0,1303,94,914
869482,0,2346,70,879
869483,0,1321,63,821
869484,0,878,28,691
869485,0,1541,145,937
869486,0,988,61,781
869487,0,1423,166,963
869488,0,2417,88,867
869489,0,1671,173,1003
86949,0,501,0,1
869490,0,2199,107,904
869491,0,1330,100,917
869492,0,1133,50,691
869493,0,4111,76,958
869494,0,2338,93,953
869495,0,9814,145,993
869496,0,1036,66,785
869497,0,907,76,817
869498,0,1087,69,800
869499,0,4503,57,731
86950,0,497,0,1
869500,0,949,51,762
869501,0,1132,69,805
869502,0,1939,205,1078
869503,0,2011,146,969
869504,0,1084,86,882
869505,0,1510,109,910
869506,0,1088,51,789
869507,0,1463,83,860
869508,0,2159,115,924
869509,0,9620,146,971
86951,0,496,0,1
869510,0,1127,79,886
869511,0,26401,265,1162
869512,0,1007,57,791
869513,0,1985,89,818
869514,0,2341,143,997
869515,0,3796,67,796
869516,0,841,51,704
869517,0,1919,41,804
869518,0,1447,89,885
869519,0,1238,127,911
86952,0,496,0,1
869520,0,1383,218,1075
869521,0,1133,75,864
869522,0,996,53,823
869523,0,27365,185,1071
869524,0,823,35,653
869525,0,2368,130,921
869526,0,1545,138,880
869527,0,1126,72,782
869528,0,9929,148,1010
869529,0,3989,102,879
86953,0,495,0,1
869530,0,1525,117,918
869531,0,1375,124,899
869532,0,1362,145,947
869533,0,3873,93,862
869534,0,1315,121,935
869535,0,1525,88,873
869536,0,1623,96,878
869537,0,1161,70,819
869538,0,28874,213,1090
869539,0,1364,102,938
86954,0,499,0,1
869540,0,805,33,686
869541,0,1124,62,798
869542,0,9648,174,1054
869543,0,9316,91,912
869544,0,1419,102,1000
869545,0,1890,85,832
869546,0,1870,59,684
869547,0,1493,85,930
869548,0,1044,62,748
869549,0,2163,102,858
86955,0,496,0,1
869550,0,25502,367,1208
869551,0,20525,156,1093
869552,0,3917,108,944
869553,0,1908,48,856
869554,0,7312,114,1013
869555,0,1453,73,862
869556,0,4507,127,993
869557,0,1722,122,937
869558,0,1667,128,1029
869559,0,1453,129,959
86956,0,497,0,1
869560,0,1102,53,813
869561,0,989,58,734
869562,0,1022,86,754
869563,0,3698,66,788
869564,0,2164,68,838
869565,0,1270,91,874
869566,0,1586,86,902
869567,0,4844,95,875
869568,0,1208,81,848
869569,0,1241,113,929
86957,0,491,0,1
869570,0,1374,98,871
869571,0,7123,145,1000
869572,0,13179,173,1115
869573,0,1267,84,847
869574,0,1210,92,917
869575,0,1178,101,933
869576,0,1064,46,767
869577,0,2249,121,913
869578,0,1266,81,879
869579,0,1131,65,848
86958,0,500,0,1
869580,0,34651,298,1184
869581,0,1265,75,925
869582,0,1510,100,919
869583,0,1866,70,792
869584,0,4496,76,841
869585,0,1338,75,873
869586,0,936,67,795
869587,0,2998,72,862
869588,0,948,53,778
869589,0,1238,80,833
86959,0,283,0,1
869590,0,2891,76,802
869591,0,5732,96,891
869592,0,2314,133,976
869593,0,3751,49,737
869594,0,1382,125,955
869595,0,1854,194,1049
869596,0,1271,74,878
869597,0,1539,143,986
869598,0,1144,60,801
869599,0,838,43,763
869600,0,1548,110,930
869601,0,1301,59,778
869602,0,3151,113,895
869603,0,67757,571,1233
869604,0,1732,145,1042
869605,0,1558,109,989
869606,0,1057,61,814
869607,0,24723,171,1080
869608,0,1093,101,895
869609,0,29108,274,1190
869610,0,2231,69,894
869611,0,9864,97,890
869612,0,1220,45,760
869613,0,9544,118,982
869614,0,3913,75,833
869615,0,959,51,779
869616,0,1388,84,907
869617,0,2011,63,841
869618,0,1444,76,836
869619,0,1440,58,810
869620,0,2177,69,791
869621,0,1179,57,892
869622,0,4708,287,1199
869623,0,1484,74,849
869624,0,1516,145,997
869625,0,1068,72,848
869626,0,1837,121,989
869627,0,1095,72,786
869628,0,9512,144,968
869629,0,1625,216,1065
869630,0,1163,47,728
869631,0,3991,145,956
869632,0,2403,116,947
869633,0,1577,122,1004
869634,0,10325,173,1081
869635,0,1187,63,877
869636,0,2328,139,963
869637,0,1443,123,955
869638,0,1510,137,1001
869639,0,3895,67,872
86964,0,112,0,1
869640,0,978,45,771
869641,0,4290,145,1018
869642,0,1269,49,795
869643,0,4245,109,899
869644,0,1118,80,827
869645,0,910,45,770
869646,0,1368,92,891
869647,0,12284,127,968
869648,0,1151,66,813
869649,0,1770,114,959
86965,0,494,0,1
869650,0,9117,65,880
869651,0,1534,88,900
869652,0,1148,66,806
869653,0,1103,76,847
869654,0,1588,162,974
869655,0,1343,93,885
869656,0,1204,88,879
869657,0,3759,97,900
869658,0,1965,62,833
869659,0,18843,267,1111
86966,0,365,0,1
869660,0,1129,76,839
869661,0,1108,91,939
869662,0,9907,95,927
869663,0,1276,100,888
869664,0,997,43,828
869665,0,1611,114,973
869666,0,1935,56,790
869667,0,14061,378,1211
869668,0,1255,74,861
869669,0,1737,171,1047
869670,0,9852,152,1057
869671,0,657,25,621
869672,0,1416,71,950
869673,0,832,34,680
869674,0,1017,74,804
869675,0,7793,141,998
869676,0,1058,44,746
869677,0,3716,67,776
869678,0,1666,92,898
869679,0,4494,110,1015
869680,0,4137,133,1024
869681,0,1151,77,950
869682,0,1789,30,733
869683,0,1256,66,828
869684,0,1123,64,819
869685,0,1144,97,936
869686,0,3816,58,870
869687,0,912,48,773
869688,0,925,62,843
869689,0,1129,53,722
869690,0,1336,98,893
869691,0,1257,91,820
869692,0,1054,68,892
869693,0,1240,61,797
869694,0,3855,82,862
869695,0,25639,241,1113
869696,0,1051,84,888
869697,0,1223,68,771
869698,0,1104,75,854
869699,0,1390,136,972
869700,0,1343,53,792
869701,0,1272,41,749
869702,0,1145,46,701
869703,0,1282,28,753
869704,0,1461,121,1022
869705,0,4315,118,958
869706,0,1379,79,915
869707,0,965,51,806
869708,0,7416,51,847
869709,0,1512,57,917
869710,0,2295,45,775
869711,0,1332,87,947
869712,0,1259,86,869
869713,0,1113,49,814
869714,0,3730,109,896
869715,0,1095,53,778
869716,0,1159,56,837
869717,0,1312,71,867
869718,0,1474,110,959
869719,0,1396,102,971
869720,0,1026,66,819
869721,0,9646,149,1051
869722,0,1563,65,848
869723,0,1117,56,828
869724,0,1365,98,953
869725,0,1500,71,930
869726,0,1292,88,894
869727,0,4764,71,876
869728,0,1178,95,865
869729,0,1173,86,844
869730,0,1214,89,869
869731,0,963,34,771
869732,0,10094,158,1123
869733,0,26306,180,1073
869734,0,3982,83,910
869735,0,33590,217,1144
869736,0,1093,107,923
869737,0,1222,77,830
869738,0,1004,55,830
869739,0,1290,112,970
869740,0,25844,231,1189
869741,0,4259,126,922
869742,0,7903,109,970
869743,0,984,79,773
869744,0,1043,62,817
869745,0,1492,129,971
869746,0,1862,181,1047
869747,0,2211,102,994
869748,0,2177,104,875
869749,0,1682,16,668
869750,0,1131,55,806
869751,0,26228,243,1159
869752,0,964,36,686
869753,0,1471,132,976
869754,0,1147,39,811
869755,0,1908,205,1098
869756,0,1481,85,827
869757,0,1838,159,1032
869758,0,2677,89,891
869759,0,4264,137,1025
869760,0,9455,111,1012
869761,0,1579,86,986
869762,0,10109,126,1027
869763,0,1151,54,853
869764,0,850,46,711
869765,0,2345,110,978
869766,0,1142,59,821
869767,0,1171,99,960
869768,0,1067,65,810
869769,0,1082,76,840
869770,0,25782,205,1100
869771,0,1200,56,843
869772,0,1129,69,819
869773,0,1217,79,917
869774,0,693,34,639
869775,0,1138,90,843
869776,0,2129,92,916
869777,0,973,39,821
869778,0,1494,75,981
869779,0,991,45,790
869780,0,1344,129,960
869781,0,6621,81,877
869782,0,1302,109,844
869783,0,978,58,808
869784,0,1439,67,849
869785,0,1900,71,788
869786,0,1311,96,890
869787,0,1015,56,780
869788,0,1101,35,694
869789,0,9246,92,950
869790,0,1494,65,851
869791,0,5229,149,975
869792,0,2108,125,998
869793,0,925,38,731
869794,0,1064,64,894
869795,0,1372,83,923
869796,0,4422,134,992
869797,0,1123,55,777
869798,0,1596,107,1017
869799,0,1387,71,921
869800,0,1201,90,998
869801,0,1136,76,850
869802,0,24847,187,1053
869803,0,25911,204,1123
869804,0,4079,127,949
869805,0,1041,65,806
869806,0,1092,46,735
869807,0,5015,86,948
869808,0,1528,57,909
869809,0,67836,492,1387
869810,0,9505,63,972
869811,0,19433,167,1087
869812,0,912,40,716
869813,0,10301,97,986
869814,0,1508,124,1033
869815,0,1884,94,938
869816,0,1439,82,920
869817,0,1207,80,871
869818,0,2110,95,910
869819,0,3856,77,841
869820,0,2228,57,901
869821,0,2207,79,899
869822,0,1508,75,861
869823,0,1673,126,1024
869824,0,1338,69,872
869825,0,4472,120,993
869826,0,1115,49,846
869827,0,967,57,754
869828,0,2396,138,1110
869829,0,2033,109,1052
869830,0,1492,121,970
869831,0,973,41,757
869832,0,3893,65,908
869833,0,1257,73,841
869834,0,9724,92,976
869835,0,1495,67,883
869836,0,1134,49,829
869837,0,3769,47,885
869838,0,1175,66,895
869839,0,1142,65,949
869840,0,869,38,765
869841,0,1285,79,901
869842,0,1474,111,955
869843,0,1392,48,914
869844,0,1056,36,796
869845,0,993,57,788
869846,0,12660,158,1036
869847,0,31787,221,1165
869848,0,1040,46,814
869849,0,1348,76,904
869850,0,67331,543,1266
869851,0,1302,93,927
869852,0,4168,56,887
869853,0,1067,45,801
869854,0,2269,78,908
869855,0,1641,55,870
869856,0,1203,85,903
869857,0,2315,82,939
869858,0,3957,64,843
869859,0,1229,70,855
869860,0,1974,49,904
869861,0,2079,165,1087
869862,0,967,31,734
869863,0,26037,186,1115
869864,0,3493,38,721
869865,0,1036,43,746
869866,0,1301,86,889
869867,0,1056,36,787
869868,0,1174,50,873
869869,0,1327,55,820
869870,0,2768,105,953
869871,0,1253,109,923
869872,0,1190,49,829
869873,0,1385,88,909
869874,0,1490,78,919
869875,0,4344,125,1031
869876,0,1126,73,837
869877,0,1072,56,849
869878,0,1089,66,854
869879,0,1334,63,869
869880,0,10427,128,1024
869881,0,4362,99,940
869882,0,1011,41,754
869883,0,1110,58,794
869884,0,12302,118,972
869885,0,1284,60,862
869886,0,2515,548,1271
869887,0,1222,83,841
869888,0,1091,62,835
869889,0,894,31,737
869890,0,3832,88,978
869891,0,1460,51,868
869892,0,6574,66,898
869893,0,5096,191,1187
869894,0,1019,44,810
869895,0,1481,105,973
869896,0,1427,98,919
869897,0,1346,80,894
869898,0,1261,83,926
869899,0,1592,122,980
869900,0,1423,139,961
869901,0,1087,37,763
869902,0,1280,91,898
869903,0,1285,100,872
869904,0,1372,97,940
869905,0,2010,59,821
869906,0,2065,62,880
869907,0,4712,47,866
869908,0,872,42,712
869909,0,1342,77,840
869910,0,978,51,757
869911,0,1282,64,894
869912,0,1046,44,788
869913,0,13645,173,1080
869914,0,9461,106,907
869915,0,1136,61,822
869916,0,1267,78,895
869917,0,25102,194,1158
869918,0,816,28,673
869919,0,989,47,759
869920,0,25144,189,1072
869921,0,1412,54,922
869922,0,1156,54,818
869923,0,10058,206,1147
869924,0,989,50,762
869925,0,1373,104,990
869926,0,2267,84,914
869927,0,1472,85,953
869928,0,10413,146,1141
869929,0,25669,230,1123
869930,0,1345,117,985
869931,0,1431,217,1101
869932,0,1629,132,954
869933,0,1679,79,901
869934,0,1722,146,1064
869935,0,2211,54,884
869936,0,903,22,710
869937,0,1009,35,800
869938,0,1369,41,887
869939,0,25572,173,1091
869940,0,3213,95,953
869941,0,745,28,659
869942,0,1051,40,782
869943,0,2028,61,836
869944,0,2114,70,881
869945,0,1546,115,959
869946,0,4788,83,869
869947,0,1186,73,847
869948,0,1425,41,803
869949,0,1595,103,955
86995,0,31,0,1
869950,0,9560,153,1046
869951,0,4768,74,899
869952,0,3894,64,856
869953,0,2011,61,873
869954,0,2458,75,899
869955,0,1609,97,963
869956,0,4029,37,835
869957,0,5256,53,888
869958,0,975,31,741
869959,0,3615,57,864
869960,0,1029,49,829
869961,0,943,38,759
869962,0,1318,114,1026
869963,0,1410,91,975
869964,0,1433,85,976
869965,0,851,17,770
869966,0,4133,66,889
869967,0,1180,45,835
869968,0,1306,91,955
869969,0,1672,74,940
869970,0,999,66,777
869971,0,25256,200,1190
869972,0,1035,41,814
869973,0,895,38,744
869974,0,1242,27,740
869975,0,1292,90,969
869976,0,1015,66,825
869977,0,1017,53,855
869978,0,5426,106,1025
869979,0,1095,44,828
869980,0,2122,81,914
869981,0,1481,56,908
869982,0,2104,41,778
869983,0,8293,125,1049
869984,0,9767,188,1009
869985,0,1311,204,1099
869986,0,1088,63,817
869987,0,9780,121,1005
869988,0,2398,167,1203
869989,0,1071,56,787
869990,0,10042,112,1001
869991,0,1477,55,880
869992,0,1266,196,1096
869993,0,1319,44,845
869994,0,2795,145,1135
869995,0,5496,143,1096
869996,0,1096,40,838
869997,0,1176,68,879
869998,0,2162,79,917
869999,0,1773,43,726
870000,0,4613,57,876
870001,0,3224,74,850
870002,0,2028,47,811
870003,0,2562,136,1072
870004,0,867,43,734
870005,0,4472,64,956
870006,0,3830,44,869
870007,0,1336,81,911
870008,0,736,32,672
870009,0,1256,81,865
870010,0,4290,98,985
870011,0,2232,75,883
870012,0,10841,151,1025
870013,0,2011,52,845
870014,0,1684,89,932
870015,0,1302,88,888
870016,0,1369,62,846
870017,0,1064,36,797
870018,0,1160,26,810
870019,0,4721,166,1185
870020,0,32804,200,1099
870021,0,24530,175,1088
870022,0,998,38,702
870023,0,965,33,734
870024,0,1014,48,781
870025,0,2450,106,962
870026,0,2589,112,1018
870027,0,1045,37,811
870028,0,1142,80,841
870029,0,1132,49,823
870030,0,4977,90,900
870031,0,1540,85,942
870032,0,1182,108,990
870033,0,2070,70,920
870034,0,2495,96,1062
870035,0,907,21,737
870036,0,1020,39,744
870037,0,1342,102,920
870038,0,4137,138,961
870039,0,882,40,695
870040,0,1947,59,843
870041,0,1412,58,806
870042,0,1609,67,913
870043,0,2083,72,956
870044,0,1223,85,926
870045,0,1095,73,914
870046,0,2080,63,961
870047,0,2023,163,1056
870048,0,1282,38,753
870049,0,1360,52,910
870050,0,34118,261,1187
870051,0,1424,75,962
870052,0,2057,57,839
870053,0,2236,101,1000
870054,0,2630,85,1013
870055,0,2287,76,945
870056,0,1735,87,1097
870057,0,2546,74,917
870058,0,2335,98,972
870059,0,1136,57,829
870060,0,1850,102,984
870061,0,3627,47,762
870062,0,1735,60,857
870063,0,1424,46,858
870064,0,1252,56,938
870065,0,9529,54,1040
870066,0,24724,148,1172
870067,0,26358,231,1149
870068,0,1326,67,907
870069,0,1486,89,969
870070,0,10445,254,1255
870071,0,1672,22,690
870072,0,1845,52,764
870073,0,1156,72,887
870074,0,2045,87,883
870075,0,9680,182,1070
870076,0,1366,70,971
870077,0,9977,145,1083
870078,0,1471,120,1008
870079,0,2323,68,933
870080,0,1112,49,813
870081,0,4422,133,1064
870082,0,1908,29,768
870083,0,34231,235,1167
870084,0,2313,99,1043
870085,0,958,24,733
870086,0,1171,70,903
870087,0,1415,81,1002
870088,0,1386,69,945
870089,0,1483,60,901
87009,0,176,0,1
870090,0,1720,99,1038
870091,0,749,15,636
870092,0,927,29,732
870093,0,2178,57,1014
870094,0,832,24,684
870095,0,1156,45,894
870096,0,979,31,776
870097,0,1116,52,873
870098,0,4046,98,884
870099,0,1161,61,958
87010,0,495,0,1
870100,0,2033,93,1026
870101,0,1193,68,904
870102,0,10264,202,1141
870103,0,3862,50,911
870104,0,5087,104,1018
870105,0,1466,81,1041
870106,0,1119,41,796
870107,0,4235,93,1042
870108,0,1393,71,923
870109,0,1181,59,877
87011,0,496,0,1
870110,0,1215,48,854
870111,0,25795,211,1143
870112,0,9432,108,964
870113,0,1131,58,838
870114,0,1613,102,961
870115,0,9341,71,906
870116,0,1277,54,930
870117,0,983,44,834
870118,0,9767,136,1066
870119,0,25352,210,1191
87012,0,499,0,1
870120,0,1590,83,963
870121,0,2864,149,1092
870122,0,1359,49,819
870123,0,1379,79,996
870124,0,1251,28,790
870125,0,2158,65,860
870126,0,2247,90,888
870127,0,1191,44,823
870128,0,1076,57,830
870129,0,1277,74,918
87013,0,500,0,1
870130,0,989,37,803
870131,0,2210,85,929
870132,0,1013,50,826
870133,0,4726,26,800
870134,0,1292,34,810
870135,0,1387,103,1011
870136,0,1435,75,942
870137,0,1457,90,954
870138,0,1290,41,770
870139,0,1101,32,801
87014,0,497,0,1
870140,0,1494,61,873
870141,0,1134,45,813
870142,0,1383,166,1148
870143,0,998,57,809
870144,0,2054,57,898
870145,0,1955,32,827
870146,0,1690,29,859
870147,0,1057,30,800
870148,0,2036,63,924
870149,0,66955,502,1288
87015,0,494,0,1
870150,0,1145,53,841
870151,0,1436,64,975
870152,0,1466,96,1003
870153,0,1218,35,696
870154,0,1645,113,1038
870155,0,1418,76,923
870156,0,9537,85,872
870157,0,1498,121,1081
870158,0,1838,126,1010
870159,0,2308,61,896
87016,0,496,0,1
870160,0,1172,40,794
870161,0,1425,91,1000
870162,0,1387,55,925
870163,0,4303,82,940
870164,0,12216,108,1007
870165,0,1647,229,1121
870166,0,3698,49,754
870167,0,918,29,767
870168,0,17833,154,1047
870169,0,1762,94,971
87017,0,497,0,1
870170,0,1270,63,889
870171,0,1264,92,961
870172,0,1106,45,820
870173,0,965,33,753
870174,0,951,35,770
870175,0,1080,70,891
870176,0,2187,93,936
870177,0,2819,207,1229
870178,0,1494,61,955
870179,0,1434,97,1031
87018,0,499,0,1
870180,0,1169,52,846
870181,0,2151,86,922
870182,0,4080,62,944
870183,0,1243,36,872
870184,0,2268,223,1274
870185,0,1853,120,1030
870186,0,1409,86,921
870187,0,1166,69,961
870188,0,1000,43,735
870189,0,2133,67,911
87019,0,497,0,1
870190,0,1793,69,884
870191,0,1461,59,887
870192,0,1215,54,889
870193,0,1150,35,928
870194,0,4264,62,993
870195,0,984,29,766
870196,0,4081,89,956
870197,0,4394,64,919
870198,0,1183,39,849
870199,0,1139,51,833
87020,0,501,0,1
870200,0,1222,54,895
870201,0,2073,64,866
870202,0,9590,118,998
870203,0,1470,135,1008
870204,0,1100,155,1126
870205,0,1330,35,808
870206,0,1128,48,800
870207,0,1168,67,970
870208,0,9651,106,1035
870209,0,4004,79,983
87021,0,497,0,1
870210,0,1563,75,975
870211,0,1397,99,978
870212,0,1056,29,795
870213,0,1118,23,783
870214,0,1507,80,926
870215,0,5133,258,1234
870216,0,4679,74,1002
870217,0,2165,62,895
870218,0,1308,66,980
870219,0,2320,87,1001
87022,0,497,0,1
870220,0,1188,49,865
870221,0,1398,56,972
870222,0,1965,49,826
870223,0,1750,167,1143
870224,0,1259,47,889
870225,0,4027,57,903
870226,0,1180,46,819
870227,0,4733,73,958
870228,0,4122,58,940
870229,0,1875,47,806
87023,0,498,0,1
870230,0,1177,59,867
870231,0,1023,42,829
870232,0,2284,49,903
870233,0,3856,66,959
870234,0,767,24,664
870235,0,5041,237,1214
870236,0,1299,25,757
870237,0,1435,81,981
870238,0,1192,64,906
870239,0,2706,46,835
87024,0,499,0,1
870240,0,1396,117,1017
870241,0,1161,49,868
870242,0,1014,37,799
870243,0,1135,56,822
870244,0,1303,439,1358
870245,0,7070,60,860
870246,0,1150,38,809
870247,0,783,19,720
870248,0,1697,83,1002
870249,0,3417,84,1076
87025,0,498,0,1
870250,0,1160,51,922
870251,0,1045,64,906
870252,0,1466,123,1094
870253,0,1387,52,899
870254,0,1138,60,876
870255,0,958,33,768
870256,0,2187,43,871
870257,0,1475,82,959
870258,0,1224,52,875
870259,0,2203,92,962
87026,0,498,0,1
870260,0,1963,105,975
870261,0,2948,134,1124
870262,0,1493,69,977
870263,0,9763,137,1089
870264,0,3995,59,944
870265,0,4691,71,918
870266,0,4099,44,809
870267,0,1042,45,749
870268,0,4089,94,934
870269,0,1062,45,863
87027,0,167,0,1
870270,0,972,35,790
870271,0,3804,38,816
870272,0,2257,55,865
870273,0,1089,26,785
870274,0,1607,130,1092
870275,0,2062,46,858
870276,0,1169,59,824
870277,0,1007,37,852
870278,0,1243,50,870
870279,0,1095,30,814
870280,0,4711,165,1093
870281,0,1853,50,875
870282,0,966,35,826
870283,0,10468,134,1022
870284,0,1131,48,862
870285,0,1315,140,1106
870286,0,1298,63,913
870287,0,1839,280,1156
870288,0,1334,65,955
870289,0,10239,114,1088
870290,0,1026,23,792
870291,0,2804,36,873
870292,0,4374,97,985
870293,0,1115,30,813
870294,0,1490,129,951
870295,0,996,32,731
870296,0,1204,44,871
870297,0,2078,46,814
870298,0,2381,65,916
870299,0,1522,106,959
870300,0,941,31,804
870301,0,1472,58,950
870302,0,9715,109,1073
870303,0,1265,46,860
870304,0,956,33,777
870305,0,1269,46,911
870306,0,2700,110,1005
870307,0,4098,83,987
870308,0,1253,71,900
870309,0,4126,80,965
870310,0,1743,135,1101
870311,0,12864,85,1054
870312,0,36808,121,1190
870313,0,985,25,763
870314,0,2641,131,1061
870315,0,897,25,771
870316,0,2589,141,1068
870317,0,7152,133,1025
870318,0,1082,37,834
870319,0,1998,34,824
870320,0,1088,26,867
870321,0,1284,33,906
870322,0,1102,27,839
870323,0,1220,71,910
870324,0,1165,51,833
870325,0,3785,35,887
870326,0,1460,70,1033
870327,0,2099,37,745
870328,0,1088,61,899
870329,0,1053,33,812
870330,0,794,37,734
870331,0,2980,45,871
870332,0,3910,61,966
870333,0,914,31,768
870334,0,1703,74,922
870335,0,1311,49,884
870336,0,970,36,810
870337,0,1810,51,810
870338,0,1562,73,965
870339,0,2242,50,976
870340,0,3994,65,942
870341,0,2043,36,907
870342,0,2130,56,862
870343,0,1096,48,940
870344,0,8944,39,878
870345,0,1068,33,833
870346,0,4122,62,960
870347,0,1162,46,828
870348,0,1333,63,974
870349,0,3956,35,948
870350,0,1026,28,773
870351,0,1428,73,968
870352,0,2402,978,1353
870353,0,19013,153,1132
870354,0,4939,136,1001
870355,0,1583,154,1184
870356,0,2212,40,952
870357,0,25391,172,1155
870358,0,2253,58,947
870359,0,922,21,741
870360,0,1143,44,846
870361,0,4178,48,980
870362,0,1430,59,983
870363,0,2136,49,838
870364,0,1710,50,963
870365,0,4170,54,890
870366,0,13305,78,1025
870367,0,1440,73,1003
870368,0,10121,105,1023
870369,0,1773,73,953
870370,0,1389,82,952
870371,0,1892,155,1118
870372,0,7111,41,959
870373,0,3143,52,950
870374,0,4545,125,1092
870375,0,1320,68,961
870376,0,2399,118,1061
870377,0,5425,62,960
870378,0,1707,80,1056
870379,0,9452,96,1017
870380,0,1486,42,864
870381,0,5042,203,1138
870382,0,1237,56,924
870383,0,2110,57,849
870384,0,894,22,729
870385,0,1907,39,834
870386,0,1000,39,806
870387,0,1622,53,975
870388,0,1583,62,896
870389,0,1707,59,932
870390,0,1603,80,1022
870391,0,1092,48,843
870392,0,1125,46,859
870393,0,1083,30,747
870394,0,2321,56,920
870395,0,1662,67,922
870396,0,1053,47,813
870397,0,1253,58,939
870398,0,1396,61,946
870399,0,1637,86,1003
870400,0,1496,130,1108
870401,0,47425,491,1386
870402,0,1291,34,909
870403,0,9788,62,956
870404,0,1279,69,880
870405,0,1199,31,908
870406,0,12331,82,1004
870407,0,1038,32,782
870408,0,1616,90,978
870409,0,1112,33,837
870410,0,1070,43,859
870411,0,2213,70,948
870412,0,1025,52,818
870413,0,1435,67,992
870414,0,9325,71,955
870415,0,1251,88,995
870416,0,9430,69,943
870417,0,2018,54,849
870418,0,1876,113,1155
870419,0,1584,61,974
870420,0,9724,107,1000
870421,0,1347,75,906
870422,0,2045,108,959
870423,0,25735,199,1194
870424,0,1489,80,966
870425,0,1223,60,939
870426,0,18835,155,1140
870427,0,933,36,758
870428,0,1607,69,913
870429,0,9700,69,944
870430,0,2409,100,1079
870431,0,1374,61,981
870432,0,1322,52,856
870433,0,964,36,774
870434,0,4170,49,828
870435,0,3856,54,887
870436,0,1313,70,903
870437,0,1810,125,1125
870438,0,1041,20,795
870439,0,1533,74,1043
870440,0,2344,106,1113
870441,0,9284,73,921
870442,0,997,39,842
870443,0,1340,50,925
870444,0,1038,40,800
870445,0,2940,124,1036
870446,0,34322,198,1276
870447,0,2065,67,1047
870448,0,1166,53,948
870449,0,2649,128,1263
870450,0,1127,43,888
870451,0,1243,49,903
870452,0,1319,60,917
870453,0,4244,52,921
870454,0,2405,36,870
870455,0,1157,43,856
870456,0,1453,204,1124
870457,0,1236,77,933
870458,0,996,42,773
870459,0,964,35,771
870460,0,1367,99,1030
870461,0,1043,61,927
870462,0,872,32,734
870463,0,1252,44,867
870464,0,9432,75,937
870465,0,1130,23,807
870466,0,9634,128,1076
870467,0,3814,44,865
870468,0,9886,83,1073
870469,0,1237,52,928
870470,0,4216,69,917
870471,0,1182,42,856
870472,0,1382,38,938
870473,0,2662,113,1060
870474,0,2494,59,887
870475,0,990,30,810
870476,0,1665,90,1128
870477,0,24774,160,1288
870478,0,3805,27,833
870479,0,922,32,742
870480,0,1481,85,993
870481,0,1633,97,1075
870482,0,1412,106,975
870483,0,1441,65,1021
870484,0,4394,93,1093
870485,0,2148,135,1137
870486,0,9446,81,968
870487,0,1915,28,809
870488,0,1370,68,952
870489,0,1238,43,892
870490,0,9760,42,891
870491,0,1054,36,837
870492,0,4509,73,943
870493,0,1449,91,1046
870494,0,2633,88,994
870495,0,2219,227,1243
870496,0,3240,75,940
870497,0,6156,77,1010
870498,0,5016,42,900
870499,0,3688,43,804
870500,0,1559,76,1085
870501,0,1730,70,1090
870502,0,1890,175,1242
870503,0,5286,53,943
870504,0,921,36,820
870505,0,1496,86,1079
870506,0,25519,100,1202
870507,0,1457,96,1026
870508,0,9379,54,898
870509,0,1648,61,890
870510,0,4288,70,967
870511,0,1302,68,860
870512,0,1571,83,1020
870513,0,1584,97,1019
870514,0,1160,49,862
870515,0,1362,36,857
870516,0,2051,54,904
870517,0,1697,37,897
870518,0,10293,175,1213
870519,0,1276,42,884
870520,0,1440,74,987
870521,0,9916,137,1122
870522,0,4051,58,926
870523,0,1151,58,951
870524,0,3906,89,946
870525,0,855,23,787
870526,0,1261,53,930
870527,0,1129,40,867
870528,0,2070,55,974
870529,0,27129,177,1151
870530,0,2076,46,884
870531,0,34460,179,1228
870532,0,1007,33,734
870533,0,1424,53,913
870534,0,2134,65,940
870535,0,1085,45,904
870536,0,4777,95,1037
870537,0,1232,63,924
870538,0,1088,46,843
870539,0,10320,69,983
870540,0,4019,83,942
870541,0,9813,137,1076
870542,0,1304,37,865
870543,0,1552,184,1175
870544,0,1514,36,918
870545,0,1174,75,980
870546,0,1273,26,795
870547,0,9838,86,1060
870548,0,9427,91,1002
870549,0,4306,104,1021
870550,0,890,33,713
870551,0,1039,40,821
870552,0,6878,60,897
870553,0,1207,37,854
870554,0,1134,39,828
870555,0,1229,167,1137
870556,0,9685,104,986
870557,0,1751,110,1065
870558,0,1141,30,854
870559,0,10340,220,1228
870560,0,1227,55,934
870561,0,4922,103,1160
870562,0,1290,85,1005
870563,0,1023,31,795
870564,0,4202,81,971
870565,0,3758,43,839
870566,0,9625,65,961
870567,0,2013,71,1029
870568,0,2117,30,897
870569,0,2012,66,863
870570,0,2067,95,1018
870571,0,1501,87,986
870572,0,1254,38,837
870573,0,5017,50,966
870574,0,2231,59,915
870575,0,1482,72,978
870576,0,1062,36,891
870577,0,4653,88,1136
870578,0,25030,140,1246
870579,0,1204,58,965
870580,0,4716,83,1019
870581,0,1281,49,948
870582,0,1449,42,984
870583,0,1151,38,813
870584,0,1194,51,878
870585,0,1211,76,921
870586,0,1242,47,713
870587,0,950,43,797
870588,0,33927,245,1217
870589,0,4106,69,982
870590,0,4017,58,889
870591,0,988,26,788
870592,0,4426,58,925
870593,0,1002,27,771
870594,0,1350,183,1138
870595,0,4947,98,989
870596,0,1691,31,878
870597,0,1318,58,955
870598,0,1295,44,881
870599,0,1612,54,926
870600,0,1323,51,935
870601,0,1434,73,959
870602,0,1732,93,1067
870603,0,1038,30,864
870604,0,25349,103,1152
870605,0,1162,54,964
870606,0,3900,37,888
870607,0,1052,22,787
870608,0,2176,55,976
870609,0,1120,25,851
870610,0,4097,90,991
870611,0,1985,29,852
870612,0,1085,26,822
870613,0,1128,43,838
870614,0,1639,90,1015
870615,0,4014,42,910
870616,0,1360,55,981
870617,0,3865,37,885
870618,0,1161,31,872
870619,0,3959,45,882
870620,0,2053,34,889
870621,0,1978,119,1093
870622,0,4166,46,880
870623,0,986,41,905
870624,0,10713,94,994
870625,0,1276,30,774
870626,0,1037,38,811
870627,0,1405,85,1021
870628,0,942,17,734
870629,0,1155,57,923
870630,0,1049,34,841
870631,0,2066,40,870
870632,0,1286,62,955
870633,0,1581,77,1059
870634,0,1685,59,1074
870635,0,1484,47,909
870636,0,2204,39,843
870637,0,1290,54,902
870638,0,2579,133,1070
870639,0,1788,127,1039
870640,0,2235,59,928
870641,0,1029,39,781
870642,0,1773,95,1016
870643,0,1357,37,837
870644,0,1368,46,919
870645,0,1982,32,892
870646,0,3822,29,872
870647,0,1389,66,1028
870648,0,1554,102,1055
870649,0,25104,179,1178
870650,0,1251,40,853
870651,0,1663,115,1063
870652,0,1459,89,946
870653,0,1572,82,985
870654,0,4003,48,877
870655,0,1524,159,1135
870656,0,1267,49,967
870657,0,1643,128,1194
870658,0,9817,82,1035
870659,0,9758,74,1066
870660,0,998,32,770
870661,0,3892,29,849
870662,0,4121,89,1038
870663,0,25699,132,1179
870664,0,25365,182,1149
870665,0,2085,57,881
870666,0,3984,29,782
870667,0,1305,82,953
870668,0,1700,94,964
870669,0,3739,39,836
870670,0,1721,56,911
870671,0,1499,89,1039
870672,0,14206,177,1203
870673,0,943,31,810
870674,0,4180,57,1025
870675,0,1133,50,858
870676,0,1746,74,998
870677,0,1111,34,745
870678,0,2447,113,988
870679,0,1662,93,1014
870680,0,1083,44,889
870681,0,1253,79,1038
870682,0,881,27,752
870683,0,1232,46,903
870684,0,1842,103,1099
870685,0,814,11,710
870686,0,74010,392,1378
870687,0,1104,44,936
870688,0,3905,47,888
870689,0,1148,30,898
870690,0,1988,43,864
870691,0,1283,42,881
870692,0,9898,110,1124
870693,0,2078,45,930
870694,0,1264,45,1003
870695,0,1309,37,890
870696,0,1293,20,811
870697,0,1166,31,824
870698,0,3918,31,835
870699,0,1009,21,766
870700,0,1174,59,903
870701,0,751,21,634
870702,0,1490,33,927
870703,0,1127,33,847
870704,0,1399,61,933
870705,0,1153,41,866
870706,0,1058,21,820
870707,0,1071,25,816
870708,0,1369,71,953
870709,0,1187,44,835
870710,0,1050,28,826
870711,0,1472,73,975
870712,0,1337,176,1143
870713,0,1207,54,870
870714,0,5170,87,964
870715,0,1581,107,1030
870716,0,4069,83,999
870717,0,3294,51,915
870718,0,1296,84,922
870719,0,3989,42,883
870720,0,1217,40,839
870721,0,1977,153,1207
870722,0,11124,143,1150
870723,0,1641,72,965
870724,0,4864,109,1134
870725,0,10127,105,1103
870726,0,1259,52,931
870727,0,1665,87,1137
870728,0,5289,95,1087
870729,0,1121,45,840
870730,0,3775,33,885
870731,0,1694,112,1107
870732,0,1363,31,868
870733,0,3060,148,1267
870734,0,4269,52,947
870735,0,1182,51,919
870736,0,1301,46,921
870737,0,1225,55,983
870738,0,1272,57,883
870739,0,1259,36,924
870740,0,2726,80,1047
870741,0,1317,62,961
870742,0,1891,115,1078
870743,0,2537,197,1227
870744,0,1357,46,932
870745,0,1475,53,938
870746,0,2355,118,1172
870747,0,1362,64,909
870748,0,1387,40,863
870749,0,1364,89,998
870750,0,1512,66,985
870751,0,1112,34,840
870752,0,1792,39,809
870753,0,1367,78,975
870754,0,25501,150,1173
870755,0,1175,46,868
870756,0,1402,51,998
870757,0,1403,47,971
870758,0,1704,26,751
870759,0,1389,57,998
870760,0,986,38,829
870761,0,4624,82,1067
870762,0,2198,47,902
870763,0,4502,134,1102
870764,0,27115,200,1249
870765,0,1779,94,1038
870766,0,1342,40,804
870767,0,1257,55,831
870768,0,1393,65,916
870769,0,1102,41,842
870770,0,1074,36,832
870771,0,1474,65,993
870772,0,25575,149,1138
870773,0,1582,74,1103
870774,0,3960,37,967
870775,0,3851,46,852
870776,0,1127,39,885
870777,0,1109,46,841
870778,0,1322,28,842
870779,0,1037,43,835
870780,0,1102,54,844
870781,0,1737,30,836
870782,0,932,22,793
870783,0,4473,67,966
870784,0,1252,83,1039
870785,0,9349,74,1051
870786,0,1257,49,918
870787,0,1127,44,929
870788,0,1763,23,716
870789,0,1127,32,841
870790,0,1406,68,940
870791,0,2154,50,930
870792,0,2151,37,826
870793,0,3792,79,974
870794,0,1276,25,793
870795,0,1140,34,803
870796,0,1250,52,830
870797,0,1350,96,1038
870798,0,1239,96,927
870799,0,1287,39,887
870800,0,1181,47,964
870801,0,1176,51,910
870802,0,1452,43,982
870803,0,10075,180,1290
870804,0,982,25,711
870805,0,1089,33,810
870806,0,1257,71,916
870807,0,2037,43,862
870808,0,1729,241,1234
870809,0,1180,44,810
870810,0,1442,83,976
870811,0,9449,37,976
870812,0,2316,68,995
870813,0,1878,77,1070
870814,0,4568,88,1103
870815,0,1250,46,908
870816,0,2049,55,924
870817,0,4487,84,1102
870818,0,4242,144,1166
870819,0,4152,79,981
870820,0,1034,16,668
870821,0,1110,38,828
870822,0,10024,88,1083
870823,0,3902,59,935
870824,0,2150,80,1103
870825,0,10593,123,1139
870826,0,3783,49,815
870827,0,1978,47,875
870828,0,4130,66,968
870829,0,4986,66,947
870830,0,2233,41,943
870831,0,934,46,895
870832,0,824,16,747
870833,0,1036,27,814
870834,0,41947,259,1414
870835,0,1115,45,883
870836,0,1383,62,920
870837,0,4028,44,889
870838,0,3813,41,995
870839,0,1045,33,795
870840,0,1177,60,895
870841,0,1264,28,764
870842,0,4792,73,905
870843,0,2014,68,971
870844,0,1112,29,805
870845,0,1187,47,889
870846,0,3981,40,912
870847,0,2463,97,1077
870848,0,9411,69,1000
870849,0,996,25,761
870850,0,1063,30,759
870851,0,1931,79,1050
870852,0,2381,51,1017
870853,0,1225,32,897
870854,0,1487,140,1165
870855,0,2070,36,905
870856,0,1562,90,1058
870857,0,991,27,739
870858,0,7009,70,1019
870859,0,35688,187,1221
870860,0,25769,129,1252
870861,0,9344,27,906
870862,0,2157,222,1216
870863,0,1124,38,891
870864,0,1562,38,894
870865,0,1162,34,839
870866,0,1077,52,807
870867,0,1339,48,966
870868,0,1212,40,886
870869,0,9609,77,1002
870870,0,1175,48,883
870871,0,2829,283,1290
870872,0,1322,74,975
870873,0,1260,55,941
870874,0,7250,133,1141
870875,0,2225,245,1257
870876,0,869,13,722
870877,0,1142,40,822
870878,0,1532,102,1070
870879,0,25477,162,1183
870880,0,3964,56,827
870881,0,1284,89,999
870882,0,2636,119,1074
870883,0,1044,25,882
870884,0,3962,38,884
870885,0,1549,53,901
870886,0,10094,119,1111
870887,0,1430,39,933
870888,0,1393,32,874
870889,0,1228,56,924
870890,0,2245,135,1191
870891,0,1050,31,835
870892,0,939,22,741
870893,0,1429,118,1033
870894,0,1063,44,846
870895,0,1296,68,899
870896,0,1503,103,1112
870897,0,12421,118,1083
870898,0,740,19,649
870899,0,26371,127,1140
870900,0,1509,51,867
870901,0,1305,25,925
870902,0,1345,50,997
870903,0,1878,101,1089
870904,0,832,21,797
870905,0,4077,51,926
870906,0,4237,75,993
870907,0,1348,79,975
870908,0,1198,71,892
870909,0,1357,62,929
870910,0,3880,131,1127
870911,0,981,27,779
870912,0,911,28,786
870913,0,3854,41,914
870914,0,2017,48,971
870915,0,27430,215,1284
870916,0,1530,113,1075
870917,0,4328,79,969
870918,0,9523,85,1028
870919,0,2020,32,819
870920,0,1964,62,886
870921,0,2165,60,952
870922,0,9377,65,962
870923,0,3984,58,918
870924,0,1264,60,890
870925,0,881,22,671
870926,0,935,30,732
870927,0,1184,40,846
870928,0,2086,37,870
870929,0,993,28,766
870930,0,5006,64,1000
870931,0,2369,48,995
870932,0,24987,206,1180
870933,0,901,19,763
870934,0,894,36,688
870935,0,9984,51,913
870936,0,1043,54,937
870937,0,1069,33,824
870938,0,1193,48,891
870939,0,849,11,689
870940,0,3829,25,777
870941,0,3189,113,1156
870942,0,1325,31,954
870943,0,1329,49,907
870944,0,1906,48,864
870945,0,2813,46,882
870946,0,966,26,784
870947,0,846,20,771
870948,0,3841,52,847
870949,0,3995,51,951
870950,0,1325,57,968
870951,0,24578,115,1157
870952,0,1293,55,1003
870953,0,1137,48,841
870954,0,4012,66,894
870955,0,1396,51,947
870956,0,968,44,819
870957,0,11947,64,968
870958,0,1462,35,960
870959,0,1105,37,840
870960,0,1356,82,1083
870961,0,1457,61,1055
870962,0,1200,47,955
870963,0,1226,45,878
870964,0,9243,50,885
870965,0,971,31,829
870966,0,1814,73,1084
870967,0,1300,57,877
870968,0,4497,42,839
870969,0,1087,72,870
870970,0,1210,49,844
870971,0,1327,62,884
870972,0,2129,54,901
870973,0,5248,87,1011
870974,0,3907,39,901
870975,0,1209,33,863
870976,0,1065,44,877
870977,0,2267,78,1016
870978,0,2012,43,876
870979,0,1523,109,1070
870980,0,9816,48,994
870981,0,1418,52,1017
870982,0,18232,116,1101
870983,0,2017,30,869
870984,0,1420,47,962
870985,0,1211,56,893
870986,0,1087,16,779
870987,0,1927,32,835
870988,0,1162,47,927
870989,0,1366,51,1046
870990,0,894,30,783
870991,0,4066,35,923
870992,0,800,19,708
870993,0,26310,169,1186
870994,0,1742,128,1049
870995,0,12531,77,1090
870996,0,1020,16,843
870997,0,9639,115,1069
870998,0,757,15,669
870999,0,4128,51,981
871000,0,2221,63,991
871001,0,1270,37,958
871002,0,9885,93,1063
871003,0,4236,170,1190
871004,0,993,17,712
871005,0,1416,56,955
871006,0,1754,116,1070
871007,0,1773,65,999
871008,0,3841,56,884
871009,0,1037,43,883
871010,0,4112,100,1069
871011,0,1065,29,797
871012,0,1530,44,964
871013,0,9623,52,929
871014,0,4007,44,911
871015,0,1006,31,823
871016,0,1496,103,1028
871017,0,3972,48,943
871018,0,2207,28,864
871019,0,1823,37,768
871020,0,1405,46,974
871021,0,2262,88,1012
871022,0,1388,62,909
871023,0,1501,86,1018
871024,0,26402,215,1221
871025,0,1521,56,897
871026,0,28875,154,1180
871027,0,1144,29,808
871028,0,18563,113,1081
871029,0,4153,57,1018
871030,0,1254,26,796
871031,0,10209,107,1095
871032,0,1480,67,943
871033,0,1285,50,950
871034,0,2397,66,990
871035,0,2190,60,938
871036,0,1449,75,900
871037,0,1125,49,931
871038,0,11948,56,909
871039,0,1250,146,1151
871040,0,3973,34,910
871041,0,2251,74,1008
871042,0,4178,58,950
871043,0,1435,56,1018
871044,0,1975,44,832
871045,0,1379,51,943
871046,0,1627,76,1040
871047,0,1635,90,1120
871048,0,1429,62,942
871049,0,1536,101,1053
871050,0,4093,61,934
871051,0,1291,46,893
871052,0,938,28,775
871053,0,1291,86,1025
871054,0,1009,24,759
871055,0,12278,96,1009
871056,0,2098,42,916
871057,0,1413,35,836
871058,0,1160,38,989
871059,0,9335,54,1018
871060,0,9740,72,1020
871061,0,1180,40,828
871062,0,1045,41,778
871063,0,4063,60,960
871064,0,1360,68,911
871065,0,1073,24,806
871066,0,1323,61,946
871067,0,4057,73,983
871068,0,1292,44,926
871069,0,1123,50,845
871070,0,1274,52,953
871071,0,1013,41,832
871072,0,9986,76,997
871073,0,3775,43,929
871074,0,1269,49,878
871075,0,956,21,762
871076,0,827,30,706
871077,0,10154,82,1076
871078,0,1362,40,865
871079,0,1488,69,1043
871080,0,1738,76,1148
871081,0,1266,52,897
871082,0,1317,61,969
871083,0,4045,58,948
871084,0,1564,52,886
871085,0,836,18,803
871086,0,1862,89,1115
871087,0,4195,63,985
871088,0,4018,69,952
871089,0,4132,110,1255
871090,0,1495,50,1047
871091,0,1357,133,1167
871092,0,1182,64,1012
871093,0,5629,97,1100
871094,0,1416,50,997
871095,0,4126,66,914
871096,0,10907,79,1045
871097,0,1171,34,840
871098,0,956,33,751
871099,0,1385,84,967
871100,0,1738,87,1063
871101,0,1087,29,804
871102,0,730,14,635
871103,0,1087,39,860
871104,0,1688,72,1033
871105,0,979,28,767
871106,0,1670,106,1112
871107,0,4477,95,1035
871108,0,1580,74,1050
871109,0,1379,86,1054
871110,0,1167,59,931
871111,0,1168,34,928
871112,0,861,24,730
871113,0,1885,37,819
871114,0,3904,27,859
871115,0,3986,50,905
871116,0,1150,22,859
871117,0,1356,37,997
871118,0,1167,38,852
871119,0,1149,36,922
871120,0,968,47,880
871121,0,1459,63,1016
871122,0,1283,96,978
871123,0,1401,46,985
871124,0,4447,82,1043
871125,0,3739,29,821
871126,0,1453,65,1010
871127,0,1530,53,910
871128,0,9558,67,1007
871129,0,1169,27,884
871130,0,885,33,829
871131,0,1286,61,998
871132,0,1022,23,795
871133,0,1981,12,672
871134,0,1177,42,863
871135,0,1512,44,846
871136,0,1654,133,1130
871137,0,4211,75,977
871138,0,1412,48,861
871139,0,1097,31,838
871140,0,4123,50,994
871141,0,1539,79,989
871142,0,26076,161,1189
871143,0,1220,23,776
871144,0,1234,68,916
871145,0,25693,133,1185
871146,0,2608,40,995
871147,0,10113,49,915
871148,0,1272,53,897
871149,0,1011,17,717
871150,0,4180,74,979
871151,0,939,32,721
871152,0,1890,32,839
871153,0,1917,39,824
871154,0,1466,98,1022
871155,0,1326,68,968
871156,0,4229,64,970
871157,0,1636,15,694
871158,0,1403,34,869
871159,0,9809,74,1037
871160,0,4827,73,949
871161,0,1408,82,947
871162,0,1659,77,1019
871163,0,872,29,766
871164,0,4200,55,880
871165,0,989,46,839
871166,0,1177,34,828
871167,0,1202,43,878
871168,0,24796,127,1117
871169,0,2583,82,1088
871170,0,2820,102,1098
871171,0,2235,64,1045
871172,0,1684,127,1044
871173,0,936,24,784
871174,0,1397,60,992
871175,0,1143,25,897
871176,0,1197,95,1007
871177,0,1903,64,957
871178,0,1241,53,909
871179,0,1269,41,887
871180,0,1013,20,759
871181,0,1341,54,935
871182,0,10336,124,1094
871183,0,1362,45,910
871184,0,2175,85,1023
871185,0,1376,45,932
871186,0,1533,59,1055
871187,0,4189,45,1026
871188,0,1674,105,1011
871189,0,5827,68,934
871190,0,1147,71,877
871191,0,1081,27,769
871192,0,4407,90,1051
871193,0,2073,76,964
871194,0,1831,30,794
871195,0,983,36,820
871196,0,1103,43,862
871197,0,7113,72,1039
871198,0,1079,26,850
871199,0,1351,55,949
871200,0,2452,43,900
871201,0,9883,110,1111
871202,0,1806,24,750
871203,0,1885,85,1105
871204,0,9833,97,1047
871205,0,25990,178,1204
871206,0,1112,21,741
871207,0,2164,34,913
871208,0,9807,55,1041
871209,0,6881,60,1008
871210,0,829,16,683
871211,0,3850,43,943
871212,0,1122,53,934
871213,0,1326,64,974
871214,0,1588,43,955
871215,0,1148,30,851
871216,0,1280,50,987
871217,0,2833,52,1039
871218,0,1425,73,1063
871219,0,1337,48,929
871220,0,3919,43,885
871221,0,9732,104,1057
871222,0,1046,31,867
871223,0,1542,75,965
871224,0,1307,45,856
871225,0,1565,110,1027
871226,0,1356,55,860
871227,0,1279,71,964
871228,0,4190,38,872
871229,0,2325,51,852
871230,0,1298,54,904
871231,0,4530,127,1099
871232,0,4057,46,956
871233,0,1624,77,1070
871234,0,1458,111,1069
871235,0,1781,42,857
871236,0,1093,33,868
871237,0,3911,32,843
871238,0,1788,34,759
871239,0,1586,91,1098
87124,0,241,0,1
871240,0,2074,62,1005
871241,0,1649,63,917
871242,0,1663,44,954
871243,0,778,23,730
871244,0,1242,24,801
871245,0,3891,39,958
871246,0,1015,25,751
871247,0,10574,127,1121
871248,0,1284,55,912
871249,0,1764,34,897
87125,0,495,0,1
871250,0,1351,75,924
871251,0,1457,99,1081
871252,0,1407,53,987
871253,0,946,19,705
871254,0,1203,69,962
871255,0,1030,29,816
871256,0,971,40,828
871257,0,1971,22,844
871258,0,1147,35,851
871259,0,1583,85,1053
87126,0,497,0,1
871260,0,1788,83,1118
871261,0,1425,47,978
871262,0,1447,36,938
871263,0,1519,85,1034
871264,0,1819,51,838
871265,0,1236,62,981
871266,0,1191,49,891
871267,0,1090,41,868
871268,0,1647,77,1091
871269,0,3324,40,967
87127,0,490,0,1
871270,0,1304,44,924
871271,0,4059,70,1007
871272,0,10350,337,1278
871273,0,1537,46,948
871274,0,1648,73,1065
871275,0,1541,92,1038
871276,0,4646,34,911
871277,0,1817,86,991
871278,0,9323,54,968
871279,0,2673,137,1074
87128,0,496,0,1
871280,0,2413,50,962
871281,0,3665,26,751
871282,0,1226,47,897
871283,0,4487,87,1040
871284,0,1340,44,930
871285,0,1524,63,995
871286,0,2602,56,998
871287,0,945,32,809
871288,0,857,22,725
871289,0,1037,21,752
87129,0,497,0,1
871290,0,1525,108,1081
871291,0,5350,71,998
871292,0,1149,43,819
871293,0,961,33,762
871294,0,1544,89,1048
871295,0,1014,50,907
871296,0,2448,79,1035
871297,0,1510,51,928
871298,0,1043,26,813
871299,0,1191,63,975
87130,0,111,0,1
871300,0,1149,52,829
871301,0,861,25,708
871302,0,1491,46,877
871303,0,2394,239,1359
871304,0,2133,72,948
871305,0,1326,54,894
871306,0,2574,85,1009
871307,0,1166,44,823
871308,0,1320,68,913
871309,0,1172,33,862
871310,0,1166,52,870
871311,0,1578,174,1170
871312,0,1000,41,857
871313,0,1256,39,884
871314,0,4576,57,997
871315,0,1357,53,998
871316,0,1147,32,728
871317,0,1194,63,906
871318,0,4133,72,914
871319,0,4014,53,929
871320,0,4806,72,944
871321,0,2281,120,1098
871322,0,2075,30,760
871323,0,25547,176,1177
871324,0,1154,45,911
871325,0,1514,75,1020
871326,0,1558,45,971
871327,0,1082,39,886
871328,0,1732,131,1102
871329,0,71982,445,1399
871330,0,4595,86,1025
871331,0,1758,21,785
871332,0,943,27,780
871333,0,1496,79,994
871334,0,2721,106,1136
871335,0,4166,72,1005
871336,0,1166,30,861
871337,0,4469,123,1129
871338,0,10078,129,1105
871339,0,1565,145,1128
871340,0,1182,47,861
871341,0,2438,63,1004
871342,0,9591,66,989
871343,0,1033,38,847
871344,0,9616,42,935
871345,0,1083,34,869
871346,0,8164,81,1184
871347,0,2493,150,1169
871348,0,2406,66,951
871349,0,1572,54,924
871350,0,1471,59,1033
871351,0,1506,83,959
871352,0,906,46,874
871353,0,12534,108,1004
871354,0,2328,82,988
871355,0,4170,82,956
871356,0,2068,54,894
871357,0,2037,60,857
871358,0,1048,28,817
871359,0,1113,30,829
871360,0,12718,99,1048
871361,0,1395,46,890
871362,0,1205,50,888
871363,0,1054,41,884
871364,0,1232,55,923
871365,0,24975,126,1176
871366,0,10051,58,930
871367,0,69311,401,1425
871368,0,1326,36,874
871369,0,2192,42,895
871370,0,1417,32,840
871371,0,11141,136,1186
871372,0,1168,42,954
871373,0,1986,86,1119
871374,0,984,35,798
871375,0,4007,43,938
871376,0,912,27,757
871377,0,3122,73,999
871378,0,3951,68,935
871379,0,1307,35,861
871380,0,25183,131,1221
871381,0,1108,32,791
871382,0,9937,134,1088
871383,0,9606,55,966
871384,0,1384,80,1011
871385,0,2346,64,1007
871386,0,1601,41,865
871387,0,4838,29,888
871388,0,2386,63,1032
871389,0,1489,83,1021
871390,0,1368,37,842
871391,0,3835,52,863
871392,0,4187,86,1005
871393,0,1974,180,1218
871394,0,1382,93,1007
871395,0,1389,77,1014
871396,0,2466,53,999
871397,0,5068,654,1348
871398,0,1126,19,835
871399,0,2134,33,883
871400,0,9824,145,1098
871401,0,1504,33,903
871402,0,1443,38,934
871403,0,1151,46,884
871404,0,10591,50,966
871405,0,9350,65,941
871406,0,1604,107,1019
871407,0,4353,71,938
871408,0,1486,51,950
871409,0,2470,82,1011
871410,0,1319,31,906
871411,0,1378,52,931
871412,0,2118,47,873
871413,0,1487,64,1028
871414,0,882,22,754
871415,0,1220,36,897
871416,0,1178,56,874
871417,0,3889,57,941
871418,0,1552,148,1149
871419,0,4038,32,867
871420,0,18395,158,1101
871421,0,1539,17,749
871422,0,1098,39,845
871423,0,1763,103,1031
871424,0,1192,72,990
871425,0,6892,63,1003
871426,0,1431,38,889
871427,0,2004,40,892
871428,0,913,37,793
871429,0,4810,33,877
871430,0,2102,90,1112
871431,0,2174,58,958
871432,0,1244,70,972
871433,0,2152,42,881
871434,0,1230,36,892
871435,0,801,17,638
871436,0,1091,49,806
871437,0,4280,97,1043
871438,0,3773,48,847
871439,0,831,20,703
871440,0,1137,43,858
871441,0,9968,72,1038
871442,0,2048,433,1427
871443,0,4725,98,1153
871444,0,2213,144,1081
871445,0,9613,70,963
871446,0,1022,26,773
871447,0,1085,52,915
871448,0,1943,70,950
871449,0,1229,69,906
871450,0,1248,63,883
871451,0,1468,66,930
871452,0,2891,28,836
871453,0,960,26,838
871454,0,2219,37,909
871455,0,1410,39,848
871456,0,1002,46,885
871457,0,1253,69,1038
871458,0,2417,77,1034
871459,0,67869,375,1341
871460,0,1345,54,912
871461,0,10373,142,1187
871462,0,1120,31,842
871463,0,1432,58,988
871464,0,3846,44,938
871465,0,1202,36,909
871466,0,1048,34,819
871467,0,1152,34,870
871468,0,1800,191,1132
871469,0,1188,45,882
871470,0,1056,19,802
871471,0,1907,150,1175
871472,0,10199,52,998
871473,0,4000,41,957
871474,0,1389,50,1022
871475,0,4036,48,974
871476,0,943,25,730
871477,0,1309,41,881
871478,0,861,20,773
871479,0,1324,65,944
87148,0,9,0,1
871480,0,1398,79,952
871481,0,2639,81,927
871482,0,1263,60,872
871483,0,4602,143,1082
871484,0,987,38,798
871485,0,4527,203,1213
871486,0,5010,76,930
871487,0,1197,42,912
871488,0,1367,71,969
871489,0,5521,114,1100
87149,0,303,0,1
871490,0,2197,117,1069
871491,0,1662,69,978
871492,0,10106,61,946
871493,0,1381,52,942
871494,0,999,35,786
871495,0,3925,42,937
871496,0,1041,35,848
871497,0,979,55,909
871498,0,1288,47,924
871499,0,940,41,796
871500,0,33546,187,1241
871501,0,4852,34,909
871502,0,1078,27,834
871503,0,1158,43,875
871504,0,2478,61,1014
871505,0,1464,92,995
871506,0,918,33,790
871507,0,3872,44,891
871508,0,28050,159,1247
871509,0,1198,60,950
87151,0,270,0,1
871510,0,1372,38,874
871511,0,2023,52,904
871512,0,1197,31,849
871513,0,34920,218,1284
871514,0,9929,97,1069
871515,0,927,21,790
871516,0,3623,22,785
871517,0,1041,35,802
871518,0,1326,36,800
871519,0,4933,33,808
87152,0,31,0,1
871520,0,1235,104,990
871521,0,8049,97,1054
871522,0,10211,70,1009
871523,0,4811,70,1006
871524,0,1111,25,806
871525,0,1041,17,672
871526,0,2407,50,935
871527,0,3987,24,865
871528,0,1018,66,912
871529,0,910,31,799
871530,0,4834,232,1327
871531,0,1179,50,916
871532,0,5171,79,1077
871533,0,956,43,825
871534,0,1652,103,1047
871535,0,1216,43,830
871536,0,1246,89,1040
871537,0,4003,56,932
871538,0,2704,63,996
871539,0,1089,36,865
871540,0,1226,78,972
871541,0,1102,37,838
871542,0,1681,63,998
871543,0,2283,38,930
871544,0,1036,32,833
871545,0,1943,37,834
871546,0,1213,39,859
871547,0,65839,461,1316
871548,0,4153,62,940
871549,0,1258,146,1153
871550,0,2190,62,913
871551,0,1804,26,779
871552,0,840,15,723
871553,0,1636,59,988
871554,0,9975,92,1103
871555,0,1346,56,952
871556,0,4620,42,835
871557,0,1061,37,828
871558,0,16050,125,1130
871559,0,3968,45,962
871560,0,4053,69,993
871561,0,1309,46,828
871562,0,1298,64,923
871563,0,1509,69,989
871564,0,1213,23,746
871565,0,1469,62,955
871566,0,9340,63,956
871567,0,1332,62,954
871568,0,3671,43,877
871569,0,1198,46,862
871570,0,7071,72,1014
871571,0,1365,57,982
871572,0,1033,39,817
871573,0,1107,57,904
871574,0,1945,54,819
871575,0,2085,53,926
871576,0,2564,91,1076
871577,0,1436,81,1028
871578,0,1297,59,871
871579,0,1631,109,1086
871580,0,4300,114,1052
871581,0,1063,26,810
871582,0,1228,42,924
871583,0,889,27,757
871584,0,4181,67,909
871585,0,9452,70,1049
871586,0,1361,66,969
871587,0,1796,88,1098
871588,0,2131,36,804
871589,0,1110,38,835
871590,0,1381,154,1209
871591,0,1320,68,967
871592,0,2013,37,923
871593,0,969,27,758
871594,0,1908,178,1166
871595,0,1309,43,890
871596,0,1129,41,843
871597,0,1400,47,855
871598,0,3907,41,890
871599,0,4250,95,1080
871600,0,4616,74,1017
871601,0,4338,61,971
871602,0,1509,36,963
871603,0,1015,30,825
871604,0,10138,180,1147
871605,0,1025,31,763
871606,0,10064,51,985
871607,0,1896,134,1107
871608,0,2419,121,1048
871609,0,1001,53,791
871610,0,9615,92,963
871611,0,1043,43,746
871612,0,1163,32,849
871613,0,1087,29,863
871614,0,2040,47,835
871615,0,2350,76,1014
871616,0,4359,89,1023
871617,0,1365,43,889
871618,0,1046,24,748
871619,0,9394,38,909
871620,0,1089,29,843
871621,0,1316,57,934
871622,0,1567,89,1020
871623,0,1131,28,836
871624,0,1523,64,1020
871625,0,4529,64,966
871626,0,1590,87,1091
871627,0,9806,109,1073
871628,0,1021,31,822
871629,0,25581,198,1295
871630,0,1372,80,980
871631,0,2332,74,989
871632,0,1454,42,945
871633,0,9384,76,963
871634,0,1618,108,1010
871635,0,9544,66,1015
871636,0,9587,62,990
871637,0,1210,52,951
871638,0,1258,53,860
871639,0,1301,52,887
871640,0,3647,27,839
871641,0,1771,102,1171
871642,0,1050,25,759
871643,0,1186,23,830
871644,0,2612,220,1184
871645,0,10563,110,1084
871646,0,1634,102,1055
871647,0,1162,53,875
871648,0,4141,41,889
871649,0,9427,79,967
871650,0,2123,68,914
871651,0,1962,103,1078
871652,0,1356,43,953
871653,0,10069,59,895
871654,0,978,44,889
871655,0,1422,56,959
871656,0,4131,83,969
871657,0,2000,106,1112
871658,0,4168,48,944
871659,0,4197,73,975
871660,0,1074,50,905
871661,0,1456,80,950
871662,0,9468,94,960
871663,0,1198,61,857
871664,0,1168,47,911
871665,0,1164,39,838
871666,0,1308,68,909
871667,0,1281,62,1017
871668,0,4006,82,959
871669,0,1217,38,895
871670,0,1254,28,760
871671,0,1321,61,1006
871672,0,28603,221,1221
871673,0,1751,49,902
871674,0,1018,37,810
871675,0,1185,70,918
871676,0,1850,33,714
871677,0,2817,36,759
871678,0,4533,66,909
871679,0,9168,63,903
871680,0,3835,43,904
871681,0,1471,81,1016
871682,0,1052,20,815
871683,0,1268,34,894
871684,0,1307,58,922
871685,0,1139,38,820
871686,0,1408,68,994
871687,0,1351,44,910
871688,0,6441,60,939
871689,0,1384,89,981
871690,0,1218,43,887
871691,0,1338,159,1124
871692,0,4828,159,1050
871693,0,2260,69,974
871694,0,1295,66,960
871695,0,9648,104,1022
871696,0,1030,32,819
871697,0,1468,57,935
871698,0,2421,62,1068
871699,0,10488,126,1229
871700,0,710,21,698
871701,0,2430,66,978
871702,0,1157,56,862
871703,0,1678,90,1030
871704,0,1417,53,936
871705,0,1386,96,1009
871706,0,2320,61,885
871707,0,1692,70,949
871708,0,1419,40,895
871709,0,967,21,738
871710,0,854,25,734
871711,0,1424,96,1010
871712,0,874,21,779
871713,0,1045,49,825
871714,0,774,23,756
871715,0,947,33,793
871716,0,2297,76,912
871717,0,2437,65,936
871718,0,1080,49,888
871719,0,2121,117,1183
871720,0,1947,90,1089
871721,0,1466,66,965
871722,0,1165,48,893
871723,0,1426,72,978
871724,0,1690,124,1042
871725,0,2449,56,904
871726,0,1831,73,1085
871727,0,1361,77,1022
871728,0,2629,19,709
871729,0,2203,27,884
871730,0,1585,76,1125
871731,0,1105,33,843
871732,0,1791,96,1010
871733,0,2127,149,1162
871734,0,1564,87,1085
871735,0,1567,68,924
871736,0,9683,129,1078
871737,0,1110,54,788
871738,0,1056,60,866
871739,0,2223,92,929
871740,0,1682,104,1052
871741,0,1322,36,804
871742,0,25597,181,1115
871743,0,4242,70,924
871744,0,1945,48,862
871745,0,767,19,697
871746,0,2641,116,1031
871747,0,3884,50,834
871748,0,1420,36,856
871749,0,18676,151,1148
871750,0,2294,91,930
871751,0,1526,47,895
871752,0,9675,113,1117
871753,0,1413,68,942
871754,0,9629,77,989
871755,0,1259,52,915
871756,0,1679,44,959
871757,0,12985,118,1172
871758,0,3945,39,872
871759,0,9615,107,1020
871760,0,1177,150,1155
871761,0,1581,74,962
871762,0,1223,96,958
871763,0,1613,202,1174
871764,0,1134,35,860
871765,0,902,30,716
871766,0,3824,47,799
871767,0,1078,27,795
871768,0,1410,94,1012
871769,0,18044,113,1115
871770,0,1168,36,860
871771,0,1459,89,1006
871772,0,16671,124,1122
871773,0,1041,25,784
871774,0,1497,75,962
871775,0,1390,46,851
871776,0,1367,32,831
871777,0,9995,126,1047
871778,0,896,29,770
871779,0,3992,65,975
871780,0,4288,51,995
871781,0,1313,45,836
871782,0,2247,33,815
871783,0,1063,33,796
871784,0,1793,84,1005
871785,0,25036,157,1183
871786,0,1698,103,1122
871787,0,4156,51,926
871788,0,967,20,760
871789,0,1009,52,800
871790,0,1191,84,948
871791,0,3789,83,908
871792,0,24552,125,1075
871793,0,908,30,768
871794,0,2172,54,869
871795,0,1794,104,1063
871796,0,929,38,798
871797,0,4146,54,973
871798,0,2158,150,1224
871799,0,1241,34,867
871800,0,1703,33,786
871801,0,1125,39,816
871802,0,28935,227,1232
871803,0,2392,66,926
871804,0,1136,47,848
871805,0,2130,51,870
871806,0,1712,62,952
871807,0,9711,81,996
871808,0,2341,59,931
871809,0,2007,119,1162
871810,0,26011,194,1235
871811,0,1511,38,873
871812,0,1062,47,841
871813,0,1400,68,977
871814,0,1321,62,948
871815,0,1203,52,905
871816,0,1520,71,953
871817,0,1018,41,794
871818,0,4802,144,1163
871819,0,1108,41,834
871820,0,2069,63,871
871821,0,1087,34,769
871822,0,1494,59,877
871823,0,1394,57,954
871824,0,3631,33,826
871825,0,10092,107,1110
871826,0,1395,30,809
871827,0,1357,51,943
871828,0,1143,45,853
871829,0,4115,71,969
871830,0,1171,78,854
871831,0,1148,47,895
871832,0,1265,83,969
871833,0,1716,15,701
871834,0,10258,65,948
871835,0,1980,208,1182
871836,0,922,26,780
871837,0,981,22,755
871838,0,1071,29,815
871839,0,4120,61,907
871840,0,1148,40,744
871841,0,2861,29,884
871842,0,1185,54,878
871843,0,1594,108,1077
871844,0,1280,73,993
871845,0,1543,92,992
871846,0,1143,30,838
871847,0,1569,66,962
871848,0,907,32,750
871849,0,1196,76,940
871850,0,1577,104,1009
871851,0,1531,57,885
871852,0,1335,93,982
871853,0,1558,75,967
871854,0,1512,67,995
871855,0,1063,62,898
871856,0,1188,50,849
871857,0,1247,41,859
871858,0,1155,30,912
871859,0,1465,82,969
871860,0,881,27,723
871861,0,941,32,799
871862,0,1013,39,836
871863,0,1298,44,782
871864,0,4084,123,1056
871865,0,2189,88,925
871866,0,1625,78,969
871867,0,1580,105,980
871868,0,1338,145,1129
871869,0,1979,28,819
871870,0,2075,54,874
871871,0,1498,64,978
871872,0,902,50,799
871873,0,3737,54,866
871874,0,1115,61,863
871875,0,1684,66,957
871876,0,1580,41,808
871877,0,3924,31,787
871878,0,1030,40,799
871879,0,9959,111,1116
871880,0,1983,53,860
871881,0,1490,111,1023
871882,0,1684,76,1046
871883,0,1195,49,843
871884,0,1415,72,992
871885,0,1082,28,846
871886,0,9521,122,1081
871887,0,3677,43,868
871888,0,959,47,874
871889,0,993,29,801
871890,0,3839,64,875
871891,0,1267,51,902
871892,0,4045,56,913
871893,0,2209,59,871
871894,0,4145,41,814
871895,0,6634,58,922
871896,0,9315,101,1060
871897,0,2628,112,1077
871898,0,1630,78,965
871899,0,1105,49,850
871900,0,1510,52,913
871901,0,9607,76,939
871902,0,1025,30,784
871903,0,1098,37,817
871904,0,4863,204,1078
871905,0,3793,55,871
871906,0,921,47,883
871907,0,1534,163,1160
871908,0,1238,63,991
871909,0,1155,56,841
871910,0,1585,54,867
871911,0,1387,94,1008
871912,0,1111,21,663
871913,0,874,31,721
871914,0,1659,90,1052
871915,0,997,35,755
871916,0,977,33,865
871917,0,2101,63,893
871918,0,1070,49,813
871919,0,1432,73,942
871920,0,25523,216,1178
871921,0,1140,65,852
871922,0,1119,64,948
871923,0,1099,63,947
871924,0,10923,164,1125
871925,0,1575,96,1048
871926,0,1388,47,928
871927,0,1271,50,920
871928,0,1383,62,929
871929,0,2123,62,905
871930,0,10190,81,994
871931,0,1114,49,820
871932,0,1232,50,861
871933,0,1212,74,965
871934,0,7052,88,994
871935,0,1578,91,968
871936,0,4992,107,1023
871937,0,3813,52,886
871938,0,1308,79,995
871939,0,4256,44,846
871940,0,2091,40,760
871941,0,1044,35,773
871942,0,10878,127,1113
871943,0,2301,121,1075
871944,0,2491,122,1013
871945,0,4234,85,945
871946,0,4188,90,987
871947,0,2160,96,1051
871948,0,3774,47,831
871949,0,1236,56,904
871950,0,1401,69,945
871951,0,1093,39,835
871952,0,1650,84,978
871953,0,19324,158,1159
871954,0,3976,52,916
871955,0,1420,55,946
871956,0,1235,47,911
871957,0,1223,42,854
871958,0,1187,65,828
871959,0,10383,151,1122
871960,0,9385,107,1009
871961,0,1020,42,826
871962,0,2037,65,901
871963,0,956,63,880
871964,0,1890,200,1218
871965,0,36868,232,1236
871966,0,12842,148,1128
871967,0,4316,83,946
871968,0,1277,56,926
871969,0,1566,50,906
871970,0,817,30,713
871971,0,1253,41,878
871972,0,25407,211,1170
871973,0,951,36,802
871974,0,1307,49,908
871975,0,1150,44,873
871976,0,3912,52,951
871977,0,1606,72,979
871978,0,1327,37,789
871979,0,906,30,748
871980,0,842,42,742
871981,0,980,36,789
871982,0,1878,38,750
871983,0,2146,81,944
871984,0,73939,460,1333
871985,0,1198,43,883
871986,0,1004,27,813
871987,0,1326,46,857
871988,0,1929,32,752
871989,0,1975,72,944
871990,0,1815,64,954
871991,0,1040,58,799
871992,0,874,32,720
871993,0,737,24,618
871994,0,4126,83,890
871995,0,1980,50,802
871996,0,1129,43,805
871997,0,1148,79,898
871998,0,1024,49,768
871999,0,1237,59,961
872000,0,1345,134,1009
872001,0,1229,70,938
872002,0,1075,59,818
872003,0,12060,58,951
872004,0,1156,48,873
872005,0,896,33,789
872006,0,1128,63,845
872007,0,1165,51,927
872008,0,4032,87,1025
872009,0,2519,105,1035
872010,0,4050,75,945
872011,0,10878,116,1026
872012,0,1138,33,868
872013,0,4391,142,1149
872014,0,1202,105,991
872015,0,1418,97,993
872016,0,1028,15,708
872017,0,2015,155,1135
872018,0,970,59,813
872019,0,1153,39,863
872020,0,2301,85,1063
872021,0,4994,243,1207
872022,0,1318,86,967
872023,0,1567,93,1002
872024,0,9114,88,982
872025,0,1491,144,1129
872026,0,1431,179,1140
872027,0,1402,40,813
872028,0,2583,178,1185
872029,0,1164,52,858
872030,0,1443,78,997
872031,0,999,35,756
872032,0,862,33,755
872033,0,1983,57,835
872034,0,926,40,794
872035,0,1230,56,908
872036,0,1052,30,845
872037,0,1385,81,925
872038,0,28592,182,1159
872039,0,26661,147,1140
872040,0,1314,59,923
872041,0,1311,87,997
872042,0,1474,69,961
872043,0,3032,63,935
872044,0,1329,62,931
872045,0,1365,94,961
872046,0,2233,77,930
872047,0,1021,52,779
872048,0,4147,73,939
872049,0,953,45,778
872050,0,2124,58,849
872051,0,1087,54,862
872052,0,956,50,802
872053,0,1030,49,835
872054,0,1802,111,1051
872055,0,1093,66,903
872056,0,1268,102,1003
872057,0,1701,93,983
872058,0,2218,68,907
872059,0,2769,60,853
872060,0,1778,46,755
872061,0,2116,198,1118
872062,0,1051,64,829
872063,0,1038,62,818
872064,0,1634,95,977
872065,0,3976,70,967
872066,0,10641,168,1144
872067,0,1951,38,861
872068,0,859,37,726
872069,0,1776,90,1041
872070,0,967,34,758
872071,0,9573,62,976
872072,0,2202,87,953
872073,0,2043,83,889
872074,0,1456,100,1033
872075,0,1313,62,774
872076,0,1207,74,875
872077,0,3910,51,831
872078,0,4365,123,998
872079,0,4516,103,1014
87208,0,0,0,1
872080,0,4000,95,993
872081,0,1078,46,910
872082,0,1864,39,811
872083,0,3641,40,821
872084,0,2040,66,868
872085,0,4016,64,904
872086,0,1888,66,841
872087,0,1441,275,1116
872088,0,1754,101,1039
872089,0,2198,36,812
87209,0,290,0,1
872090,0,1169,43,848
872091,0,1357,55,892
872092,0,1440,105,988
872093,0,2162,76,914
872094,0,9987,97,1017
872095,0,1502,54,857
872096,0,1626,159,1110
872097,0,6662,99,1015
872098,0,4183,80,981
872099,0,1374,74,1035
872100,0,24446,218,1134
872101,0,1498,82,949
872102,0,1781,25,782
872103,0,1237,37,878
872104,0,894,28,781
872105,0,1885,112,1048
872106,0,1259,73,864
872107,0,1236,76,933
872108,0,1211,51,806
872109,0,1328,80,985
872110,0,25646,209,1190
872111,0,66094,515,1324
872112,0,4579,59,898
872113,0,1527,90,1097
872114,0,4204,108,1051
872115,0,1154,67,845
872116,0,1112,47,885
872117,0,1136,59,913
872118,0,1389,87,975
872119,0,1905,59,827
872120,0,4015,76,917
872121,0,1530,109,954
872122,0,1315,66,874
872123,0,1076,54,795
872124,0,4357,84,936
872125,0,982,50,749
872126,0,1084,40,842
872127,0,1542,84,997
872128,0,2001,67,873
872129,0,10889,92,956
872130,0,2047,72,864
872131,0,857,46,735
872132,0,4071,53,927
872133,0,1429,38,835
872134,0,1935,285,1134
872135,0,1631,81,968
872136,0,1261,79,937
872137,0,2634,154,1052
872138,0,1731,132,1021
872139,0,1094,61,847
872140,0,1619,91,1024
872141,0,2226,70,1002
872142,0,10557,89,951
872143,0,3076,91,984
872144,0,9754,93,1039
872145,0,3944,65,884
872146,0,3941,62,828
872147,0,3472,123,1032
872148,0,4599,115,1049
872149,0,1192,40,748
872150,0,1025,59,829
872151,0,1044,64,907
872152,0,10091,171,1119
872153,0,1695,55,911
872154,0,966,45,826
872155,0,2069,54,869
872156,0,18150,158,1087
872157,0,17918,178,1137
872158,0,1273,85,935
872159,0,4041,44,861
872160,0,1122,62,814
872161,0,1008,51,789
872162,0,1368,89,892
872163,0,1212,45,891
872164,0,1620,90,1073
872165,0,1044,28,790
872166,0,1182,59,877
872167,0,2437,68,979
872168,0,1194,32,731
872169,0,1763,81,956
872170,0,1851,42,788
872171,0,1325,85,925
872172,0,1196,41,865
872173,0,1012,34,767
872174,0,1178,61,825
872175,0,1997,82,809
872176,0,1111,77,928
872177,0,1432,55,839
872178,0,1341,85,903
872179,0,1404,100,1015
872180,0,1963,50,817
872181,0,4405,89,1042
872182,0,10271,142,1148
872183,0,9870,75,974
872184,0,1463,123,1012
872185,0,9428,97,979
872186,0,1145,56,858
872187,0,1089,74,777
872188,0,1297,82,857
872189,0,1026,45,797
872190,0,958,38,733
872191,0,3822,64,837
872192,0,1110,72,938
872193,0,27686,190,1157
872194,0,3870,76,967
872195,0,1697,134,1117
872196,0,1042,58,765
872197,0,1195,39,798
872198,0,1376,66,924
872199,0,2053,218,1194
872200,0,2342,48,814
872201,0,1104,56,808
872202,0,1430,79,935
872203,0,1512,53,839
872204,0,1296,101,915
872205,0,1375,78,938
872206,0,1151,103,917
872207,0,1622,119,1002
872208,0,1631,120,1047
872209,0,1572,104,1002
872210,0,25927,271,1243
872211,0,1121,68,885
872212,0,1415,62,860
872213,0,1477,108,980
872214,0,994,50,745
872215,0,1094,51,793
872216,0,1291,87,920
872217,0,7416,141,1056
872218,0,915,34,724
872219,0,1644,115,976
872220,0,4166,121,1015
872221,0,9712,152,1099
872222,0,66823,448,1330
872223,0,4303,53,857
872224,0,886,20,672
872225,0,1358,50,847
872226,0,1151,43,810
872227,0,1223,52,861
872228,0,1048,60,853
872229,0,9996,109,1014
872230,0,10890,122,1103
872231,0,1687,123,1076
872232,0,1052,56,845
872233,0,1118,56,860
872234,0,1273,46,793
872235,0,9876,223,1154
872236,0,1841,108,959
872237,0,1249,85,951
872238,0,1637,102,997
872239,0,1390,118,987
872240,0,976,46,773
872241,0,2384,66,897
872242,0,1005,38,809
872243,0,1434,130,989
872244,0,1408,106,934
872245,0,9572,170,1084
872246,0,1678,132,1086
872247,0,1057,66,809
872248,0,1582,64,813
872249,0,1051,82,812
872250,0,775,32,703
872251,0,1505,92,820
872252,0,2204,79,891
872253,0,1018,55,792
872254,0,1747,81,944
872255,0,1486,124,1016
872256,0,1810,213,1108
872257,0,1104,61,807
872258,0,1175,67,833
872259,0,1478,68,840
872260,0,4869,148,1098
872261,0,2059,62,875
872262,0,1229,70,818
872263,0,2154,56,907
872264,0,1534,101,982
872265,0,1368,112,970
872266,0,1236,87,890
872267,0,1483,76,898
872268,0,1064,52,898
872269,0,1776,88,1016
872270,0,1676,332,1155
872271,0,3929,74,912
872272,0,1230,54,897
872273,0,1443,85,972
872274,0,13494,108,960
872275,0,1621,67,881
872276,0,1205,55,848
872277,0,2314,69,868
872278,0,1957,70,855
872279,0,1083,66,866
872280,0,1114,56,852
872281,0,2025,146,1080
872282,0,942,39,780
872283,0,1214,70,872
872284,0,1172,68,897
872285,0,1608,67,884
872286,0,1394,240,1150
872287,0,1246,65,879
872288,0,1281,110,940
872289,0,892,53,734
872290,0,1176,57,809
872291,0,1142,74,862
872292,0,1009,50,890
872293,0,1871,132,1071
872294,0,1229,60,861
872295,0,9996,205,1166
872296,0,1434,98,906
872297,0,1320,74,991
872298,0,1100,50,880
872299,0,1342,78,814
872300,0,1609,81,938
872301,0,1380,80,897
872302,0,899,41,707
872303,0,1246,75,862
872304,0,4845,78,913
872305,0,1646,137,988
872306,0,27751,247,1155
872307,0,1701,160,1067
872308,0,918,37,769
872309,0,2621,105,1049
872310,0,1122,47,850
872311,0,1576,130,1070
872312,0,1587,73,895
872313,0,1201,81,850
872314,0,1928,110,1001
872315,0,1437,79,934
872316,0,1244,49,790
872317,0,1208,76,903
872318,0,4285,82,912
872319,0,2148,75,859
872320,0,1600,137,1042
872321,0,9635,107,1008
872322,0,934,42,740
872323,0,1032,81,935
872324,0,984,49,729
872325,0,2253,96,981
872326,0,24683,162,1096
872327,0,1253,72,915
872328,0,927,66,844
872329,0,1226,84,893
872330,0,1088,59,849
872331,0,1228,71,863
872332,0,1242,76,872
872333,0,1193,65,847
872334,0,3799,67,868
872335,0,967,48,772
872336,0,828,41,717
872337,0,2195,55,809
872338,0,2859,45,823
872339,0,9565,88,984
872340,0,9341,71,881
872341,0,5745,115,963
872342,0,950,43,708
872343,0,1553,93,937
872344,0,1094,85,873
872345,0,1169,77,882
872346,0,7069,87,882
872347,0,1978,202,1091
872348,0,2302,87,906
872349,0,1397,41,775
872350,0,1496,120,1005
872351,0,3816,85,914
872352,0,1299,108,968
872353,0,4235,119,1010
872354,0,1371,93,996
872355,0,957,48,790
872356,0,17954,130,1022
872357,0,3945,72,870
872358,0,2341,114,1039
872359,0,1274,62,885
872360,0,1475,92,1025
872361,0,817,29,732
872362,0,1183,81,908
872363,0,1156,61,873
872364,0,1048,61,797
872365,0,1347,94,947
872366,0,1479,104,986
872367,0,1120,84,857
872368,0,34427,386,1257
872369,0,2260,83,1018
872370,0,4215,53,924
872371,0,5049,95,909
872372,0,3781,51,811
872373,0,24941,256,1171
872374,0,2144,142,1045
872375,0,1498,71,852
872376,0,1152,90,899
872377,0,1493,141,989
872378,0,2130,96,844
872379,0,1470,162,932
872380,0,2004,66,900
872381,0,9200,103,908
872382,0,1292,95,901
872383,0,1118,56,810
872384,0,1103,63,838
872385,0,1121,86,861
872386,0,1413,105,929
872387,0,1534,123,1028
872388,0,1137,79,899
872389,0,1122,74,916
872390,0,25011,215,1073
872391,0,4140,73,928
872392,0,4095,146,1084
872393,0,2072,59,783
872394,0,1361,122,992
872395,0,1080,44,793
872396,0,1597,136,1068
872397,0,1073,46,813
872398,0,2776,155,1022
872399,0,1118,61,849
872400,0,1265,74,897
872401,0,1162,86,925
872402,0,3803,91,849
872403,0,1382,97,964
872404,0,1065,71,834
872405,0,1351,121,963
872406,0,3212,110,950
872407,0,1299,122,971
872408,0,1338,79,927
872409,0,1601,92,994
872410,0,1343,103,966
872411,0,1718,110,920
872412,0,4146,80,921
872413,0,1086,69,819
872414,0,4040,99,919
872415,0,3604,70,802
872416,0,1129,90,890
872417,0,1832,204,1125
872418,0,1039,54,814
872419,0,978,76,885
872420,0,1106,46,863
872421,0,1056,49,822
872422,0,1091,89,912
872423,0,1198,68,861
872424,0,1540,159,1046
872425,0,4005,78,922
872426,0,1335,90,947
872427,0,1111,90,963
872428,0,2027,68,844
872429,0,1802,175,1032
872430,0,1507,122,982
872431,0,1750,153,979
872432,0,1137,90,928
872433,0,2158,84,844
872434,0,1603,134,1017
872435,0,1222,173,1057
872436,0,3592,52,758
872437,0,2057,180,1151
872438,0,3856,86,837
872439,0,1104,81,906
872440,0,1286,107,964
872441,0,1718,104,950
872442,0,1077,73,839
872443,0,1814,168,1040
872444,0,1085,82,831
872445,0,17680,126,1021
872446,0,1230,72,860
872447,0,3686,74,833
872448,0,1241,95,935
872449,0,1048,42,800
872450,0,1035,44,759
872451,0,1003,40,779
872452,0,1157,72,849
872453,0,1338,103,973
872454,0,1488,120,952
872455,0,2119,60,934
872456,0,1076,78,863
872457,0,1357,102,914
872458,0,1071,56,832
872459,0,911,56,722
872460,0,1095,73,849
872461,0,943,38,814
872462,0,1289,88,881
872463,0,1491,148,993
872464,0,1084,65,797
872465,0,1592,87,911
872466,0,925,41,778
872467,0,1496,90,973
872468,0,885,56,784
872469,0,3984,73,869
872470,0,1041,98,832
872471,0,13032,138,1015
872472,0,3906,74,866
872473,0,1385,88,876
872474,0,4409,174,1021
872475,0,1353,100,969
872476,0,1226,75,828
872477,0,7145,108,1026
872478,0,3884,62,856
872479,0,2251,158,1063
872480,0,25388,283,1161
872481,0,1625,76,900
872482,0,1249,37,793
872483,0,12120,111,990
872484,0,4458,123,961
872485,0,1175,82,879
872486,0,4868,85,934
872487,0,1163,84,891
872488,0,1966,68,937
872489,0,2025,100,897
872490,0,1327,91,891
872491,0,1347,118,920
872492,0,4903,82,860
872493,0,1467,145,972
872494,0,1415,106,930
872495,0,878,26,740
872496,0,1007,59,778
872497,0,25018,178,1125
872498,0,889,42,781
872499,0,3927,84,868
87250,0,34,0,1
872500,0,2905,98,907
872501,0,3942,62,849
872502,0,18310,133,1050
872503,0,1679,211,1031
872504,0,953,57,725
872505,0,1200,117,848
872506,0,1225,127,892
872507,0,1373,87,866
872508,0,1601,135,994
872509,0,1150,74,794
87251,0,51,0,1
872510,0,2306,106,893
872511,0,1347,92,887
872512,0,921,70,782
872513,0,9988,178,1057
872514,0,1326,52,791
872515,0,24658,243,1136
872516,0,11271,155,1044
872517,0,1121,56,810
872518,0,867,43,718
872519,0,25672,240,1151
872520,0,1028,60,807
872521,0,1494,182,1062
872522,0,1032,53,763
872523,0,2109,75,862
872524,0,4220,88,952
872525,0,1267,98,948
872526,0,9408,111,976
872527,0,10235,197,1067
872528,0,1193,115,977
872529,0,1326,78,894
872530,0,864,39,678
872531,0,1661,139,1038
872532,0,1071,59,832
872533,0,1398,105,953
872534,0,3689,85,815
872535,0,990,73,828
872536,0,834,49,683
872537,0,1215,55,829
872538,0,1269,53,796
872539,0,2884,53,762
872540,0,1216,71,888
872541,0,1827,49,785
872542,0,1353,75,878
872543,0,9418,131,980
872544,0,2546,110,897
872545,0,9668,278,1132
872546,0,24698,216,1091
872547,0,1274,85,918
872548,0,1128,53,804
872549,0,1142,63,823
872550,0,3879,67,854
872551,0,974,80,915
872552,0,1111,41,637
872553,0,2204,87,882
872554,0,1150,62,866
872555,0,3861,123,954
872556,0,2261,110,980
872557,0,910,64,779
872558,0,2309,116,1004
872559,0,7091,153,1006
872560,0,4035,104,921
872561,0,1333,133,922
872562,0,1262,98,872
872563,0,1102,84,862
872564,0,1127,96,835
872565,0,1060,65,845
872566,0,1076,61,831
872567,0,2028,55,842
872568,0,2429,111,982
872569,0,1964,49,806
872570,0,2537,160,1037
872571,0,1267,73,831
872572,0,1221,59,845
872573,0,1225,66,828
872574,0,1188,180,1079
872575,0,2709,90,899
872576,0,1081,83,870
872577,0,1369,81,907
872578,0,1042,59,821
872579,0,1280,74,892
872580,0,1328,83,797
872581,0,1175,79,882
872582,0,1491,100,909
872583,0,1279,94,928
872584,0,1253,96,887
872585,0,1083,98,856
872586,0,815,35,690
872587,0,1379,86,857
872588,0,1412,97,870
872589,0,1324,119,956
872590,0,4752,86,864
872591,0,2252,89,901
872592,0,1224,111,907
872593,0,1594,79,926
872594,0,1045,67,848
872595,0,4166,67,839
872596,0,1081,73,837
872597,0,1389,103,928
872598,0,1499,122,927
872599,0,1156,731,1191
87260,0,481,0,1
872600,0,945,63,857
872601,0,1092,63,762
872602,0,16402,373,1165
872603,0,1132,65,814
872604,0,1437,71,840
872605,0,1490,84,884
872606,0,4101,69,911
872607,0,1386,93,938
872608,0,2153,110,920
872609,0,1251,108,929
87261,0,478,0,1
872610,0,1587,94,864
872611,0,1378,113,1001
872612,0,1175,83,795
872613,0,1508,75,903
872614,0,1129,101,964
872615,0,1348,87,917
872616,0,754,26,727
872617,0,1200,77,837
872618,0,1565,122,950
872619,0,1208,98,946
872620,0,1004,41,717
872621,0,1062,66,818
872622,0,1557,115,976
872623,0,2352,98,896
872624,0,5058,136,967
872625,0,2203,88,932
872626,0,3704,59,796
872627,0,1509,263,1086
872628,0,4098,106,917
872629,0,1582,96,868
872630,0,4330,87,903
872631,0,1415,144,967
872632,0,4069,61,759
872633,0,1386,128,907
872634,0,3843,79,846
872635,0,1388,117,892
872636,0,1467,119,925
872637,0,3464,205,1023
872638,0,1836,115,971
872639,0,1650,139,988
872640,0,1190,114,882
872641,0,9356,107,923
872642,0,1261,90,872
872643,0,934,57,747
872644,0,1294,79,882
872645,0,5239,97,913
872646,0,10835,145,946
872647,0,5300,129,1042
872648,0,3754,64,866
872649,0,1461,143,980
87265,0,306,2,1
872650,0,1012,66,780
872651,0,2132,62,792
872652,0,4088,200,1092
872653,0,1404,114,994
872654,0,1084,101,896
872655,0,25358,290,1190
872656,0,1292,91,899
872657,0,1475,129,967
872658,0,1228,113,880
872659,0,1307,74,887
872660,0,1107,61,895
872661,0,982,65,801
872662,0,1885,62,795
872663,0,1280,94,888
872664,0,1028,77,807
872665,0,1380,107,905
872666,0,1282,71,854
872667,0,4149,77,879
872668,0,1629,129,1022
872669,0,1325,78,878
872670,0,1753,112,925
872671,0,1376,93,854
872672,0,2157,147,956
872673,0,1309,108,893
872674,0,1224,97,943
872675,0,2424,113,955
872676,0,2168,175,1100
872677,0,4107,138,960
872678,0,1891,149,1044
872679,0,3156,169,1077
872680,0,1494,80,852
872681,0,814,26,672
872682,0,1809,116,996
872683,0,1191,73,829
872684,0,5127,104,969
872685,0,766,35,645
872686,0,1032,71,874
872687,0,1357,88,780
872688,0,1073,65,834
872689,0,3745,67,824
872690,0,1179,118,945
872691,0,3806,89,823
872692,0,1195,93,854
872693,0,1209,87,924
872694,0,2510,129,1062
872695,0,1277,81,892
872696,0,9441,106,875
872697,0,6335,62,789
872698,0,1011,60,797
872699,0,1305,66,756
872700,0,1430,83,808
872701,0,2710,174,1021
872702,0,1001,69,809
872703,0,1192,92,839
872704,0,1914,76,834
872705,0,1246,78,843
872706,0,3937,100,904
872707,0,5261,133,1016
872708,0,1064,72,817
872709,0,4344,127,971
872710,0,4150,77,828
872711,0,4214,89,893
872712,0,1113,74,841
872713,0,10564,137,960
872714,0,1084,66,827
872715,0,1693,132,964
872716,0,1639,96,838
872717,0,2712,614,1212
872718,0,1482,146,961
872719,0,1460,86,914
872720,0,4223,113,960
872721,0,1245,83,910
872722,0,1169,70,892
872723,0,1495,104,939
872724,0,4037,133,946
872725,0,920,55,756
872726,0,1092,91,801
872727,0,988,68,813
872728,0,995,72,810
872729,0,2932,71,848
872730,0,1451,128,904
872731,0,4769,55,753
872732,0,4107,142,923
872733,0,1363,143,976
872734,0,3926,103,931
872735,0,9260,125,927
872736,0,1597,121,963
872737,0,1551,100,984
872738,0,9491,162,965
872739,0,1001,49,811
872740,0,1170,104,889
872741,0,5694,80,881
872742,0,1143,61,817
872743,0,9364,105,948
872744,0,1276,70,882
872745,0,3605,67,782
872746,0,1198,132,951
872747,0,1194,84,854
872748,0,9890,160,972
872749,0,7770,319,1143
872750,0,4564,112,935
872751,0,1252,39,721
872752,0,1163,110,939
872753,0,1154,77,844
872754,0,1288,97,900
872755,0,1109,68,812
872756,0,854,40,709
872757,0,1086,53,761
872758,0,3949,80,893
872759,0,1222,96,858
872760,0,1206,104,831
872761,0,855,40,646
872762,0,1341,78,789
872763,0,899,56,723
872764,0,1607,116,891
872765,0,4201,157,984
872766,0,1786,132,903
872767,0,1141,58,819
872768,0,1398,234,1073
872769,0,3852,72,810
872770,0,1110,43,737
872771,0,1257,93,881
872772,0,1890,304,1171
872773,0,25722,294,1112
872774,0,939,43,691
872775,0,1464,103,898
872776,0,25526,225,1101
872777,0,1038,61,762
872778,0,4434,152,990
872779,0,4419,207,1038
872780,0,1328,38,815
872781,0,1286,82,890
872782,0,1287,99,869
872783,0,1351,228,1063
872784,0,930,59,759
872785,0,1769,49,750
872786,0,1326,127,904
872787,0,2065,86,872
872788,0,9639,155,1034
872789,0,3358,189,1006
872790,0,7363,199,1021
872791,0,1646,158,1005
872792,0,6663,129,962
872793,0,2031,64,839
872794,0,1017,60,782
872795,0,3840,87,804
872796,0,1393,104,916
872797,0,9468,148,1003
872798,0,1263,58,771
872799,0,28473,301,1126
872800,0,1407,81,796
872801,0,1364,138,982
872802,0,1179,108,897
872803,0,1255,109,876
872804,0,1222,74,865
872805,0,2113,96,865
872806,0,1117,65,772
872807,0,1334,139,976
872808,0,1071,74,801
872809,0,3941,85,866
872810,0,9590,155,1023
872811,0,1748,126,963
872812,0,1119,60,819
872813,0,1298,92,844
872814,0,1216,64,746
872815,0,3095,105,888
872816,0,3952,146,964
872817,0,2264,110,903
872818,0,10079,125,912
872819,0,1286,129,937
872820,0,1020,75,795
872821,0,4535,113,952
872822,0,2794,80,823
872823,0,1143,76,795
872824,0,1261,119,918
872825,0,10288,136,950
872826,0,857,38,679
872827,0,1185,83,806
872828,0,1119,92,836
872829,0,1205,121,874
872830,0,1172,83,843
872831,0,993,66,761
872832,0,1131,106,841
872833,0,966,61,795
872834,0,1238,46,726
872835,0,1300,80,890
872836,0,2005,81,775
872837,0,1113,73,843
872838,0,1270,88,871
872839,0,1164,123,955
872840,0,1175,149,920
872841,0,1023,51,765
872842,0,3139,123,870
872843,0,1110,58,788
872844,0,6888,132,951
872845,0,10598,163,989
872846,0,4092,106,856
872847,0,989,63,709
872848,0,9369,160,967
872849,0,24419,257,1107
872850,0,1378,122,956
872851,0,4113,103,903
872852,0,1453,110,905
872853,0,1214,133,887
872854,0,6857,118,820
872855,0,1423,123,951
872856,0,1143,74,769
872857,0,1331,89,791
872858,0,1682,233,1037
872859,0,3976,98,856
872860,0,2183,94,885
872861,0,3094,61,784
872862,0,946,35,683
872863,0,10062,161,992
872864,0,951,81,764
872865,0,1000,58,776
872866,0,1178,119,893
872867,0,1256,98,923
872868,0,1998,86,838
872869,0,1427,137,944
872870,0,1131,84,836
872871,0,12570,207,1072
872872,0,4625,223,1134
872873,0,1252,101,904
872874,0,4227,109,880
872875,0,975,60,770
872876,0,1086,64,762
872877,0,9874,118,928
872878,0,1228,85,864
872879,0,1181,81,824
872880,0,3904,63,807
872881,0,1310,80,854
872882,0,1095,65,855
872883,0,9774,150,969
872884,0,1015,77,810
872885,0,1471,180,1023
872886,0,1501,70,827
872887,0,926,69,730
872888,0,9784,195,977
872889,0,4872,367,1106
872890,0,1909,88,785
872891,0,1229,100,818
872892,0,878,59,740
872893,0,1205,83,762
872894,0,1194,230,1009
872895,0,832,45,689
872896,0,2621,71,726
872897,0,1354,115,920
872898,0,1118,78,812
872899,0,1239,92,861
872900,0,10315,175,1044
872901,0,1478,107,902
872902,0,9971,141,932
872903,0,4497,112,957
872904,0,1038,71,788
872905,0,1385,140,943
872906,0,1323,100,864
872907,0,5404,163,977
872908,0,9306,114,935
872909,0,1133,57,777
872910,0,9528,197,986
872911,0,1088,73,826
872912,0,1604,135,934
872913,0,1366,147,961
872914,0,1130,94,807
872915,0,2087,97,855
872916,0,1116,91,878
872917,0,12106,112,909
872918,0,4062,106,874
872919,0,1086,74,816
872920,0,1085,97,837
872921,0,1449,197,1012
872922,0,2120,306,1144
872923,0,1016,60,748
872924,0,2553,177,1075
872925,0,10871,244,1096
872926,0,1403,132,868
872927,0,1939,80,817
872928,0,1546,115,840
872929,0,1139,61,777
872930,0,25983,202,1038
872931,0,24997,264,1085
872932,0,1655,146,983
872933,0,753,45,648
872934,0,2353,155,968
872935,0,1476,108,941
872936,0,1288,80,821
872937,0,9039,68,834
872938,0,1211,103,892
872939,0,961,69,782
872940,0,5342,262,1074
872941,0,1143,77,790
872942,0,2780,141,949
872943,0,1042,45,774
872944,0,1190,118,881
872945,0,1868,163,961
872946,0,1143,88,806
872947,0,1225,105,930
872948,0,2680,163,973
872949,0,2100,143,1010
872950,0,1716,82,838
872951,0,2390,127,916
872952,0,1242,112,907
872953,0,1034,73,816
872954,0,2342,324,1124
872955,0,2058,128,926
872956,0,1441,150,917
872957,0,2153,93,848
872958,0,9648,93,864
872959,0,961,61,750
872960,0,774,57,699
872961,0,2227,150,918
872962,0,1129,92,850
872963,0,943,46,732
872964,0,9051,133,840
872965,0,3224,95,872
872966,0,1942,227,1059
872967,0,1445,115,900
872968,0,1180,92,879
872969,0,10310,241,1069
872970,0,2286,590,1194
872971,0,4370,123,917
872972,0,1262,110,857
872973,0,1370,111,923
872974,0,1234,110,882
872975,0,1243,92,855
872976,0,1556,195,1033
872977,0,1147,95,857
872978,0,9338,123,958
872979,0,1450,83,893
872980,0,3805,86,793
872981,0,940,51,691
872982,0,1208,76,819
872983,0,1681,149,978
872984,0,1241,106,886
872985,0,1609,153,958
872986,0,1360,109,869
872987,0,1114,77,831
872988,0,4251,106,899
872989,0,2169,128,956
872990,0,3995,103,937
872991,0,1275,76,838
872992,0,3975,82,812
872993,0,1254,102,910
872994,0,2887,225,1076
872995,0,1528,68,837
872996,0,3726,84,778
872997,0,1161,65,796
872998,0,9678,143,970
872999,0,1495,105,957
873000,0,3283,258,1121
873001,0,1251,130,867
873002,0,1439,131,934
873003,0,1026,72,809
873004,0,9985,185,1009
873005,0,2557,277,1092
873006,0,1659,125,961
873007,0,1889,78,799
873008,0,1018,55,757
873009,0,1157,79,877
873010,0,967,65,769
873011,0,4074,128,928
873012,0,1729,94,881
873013,0,3368,166,984
873014,0,10569,160,1004
873015,0,2197,440,1143
873016,0,1090,92,834
873017,0,2817,96,807
873018,0,1246,128,885
873019,0,1387,183,945
873020,0,992,78,787
873021,0,5741,125,899
873022,0,1149,91,822
873023,0,1122,86,838
873024,0,1903,189,1009
873025,0,4509,185,984
873026,0,1688,146,941
873027,0,1137,71,820
873028,0,3941,120,877
873029,0,1610,176,1011
873030,0,1316,106,845
873031,0,1408,117,897
873032,0,1979,77,796
873033,0,1951,82,783
873034,0,1068,72,770
873035,0,1129,117,919
873036,0,9604,156,984
873037,0,930,56,746
873038,0,1649,213,1044
873039,0,942,55,704
873040,0,1280,135,900
873041,0,10351,155,964
873042,0,793,62,717
873043,0,1501,116,902
873044,0,10280,430,1187
873045,0,10039,140,957
873046,0,1212,96,845
873047,0,1450,144,946
873048,0,1581,73,745
873049,0,859,64,751
873050,0,1511,153,955
873051,0,1400,121,931
873052,0,4042,122,907
873053,0,972,66,774
873054,0,9496,156,896
873055,0,853,52,671
873056,0,1996,135,903
873057,0,10111,201,1003
873058,0,1390,118,878
873059,0,1157,89,807
873060,0,1426,108,915
873061,0,844,60,728
873062,0,12625,210,1026
873063,0,965,55,725
873064,0,1597,55,775
873065,0,3987,118,902
873066,0,4252,103,887
873067,0,2032,105,868
873068,0,1062,56,779
873069,0,1274,116,829
873070,0,1978,103,787
873071,0,1397,119,879
873072,0,907,58,771
873073,0,9367,202,985
873074,0,9214,141,953
873075,0,1066,60,743
873076,0,9430,132,890
873077,0,1122,70,785
873078,0,1215,94,893
873079,0,3850,77,831
873080,0,961,196,1019
873081,0,3716,68,788
873082,0,963,70,791
873083,0,1299,102,838
873084,0,1294,115,829
873085,0,1482,205,987
873086,0,1081,93,795
873087,0,1660,61,670
873088,0,1340,125,940
873089,0,1106,95,802
873090,0,1030,77,805
873091,0,1631,137,983
873092,0,1071,73,801
873093,0,1071,82,810
873094,0,1118,61,759
873095,0,25910,274,1117
873096,0,9585,138,934
873097,0,1074,91,818
873098,0,1156,113,879
873099,0,1284,89,826
873100,0,1340,149,905
873101,0,1120,106,840
873102,0,1081,77,780
873103,0,1357,132,882
873104,0,1442,183,946
873105,0,1133,99,871
873106,0,9450,119,950
873107,0,1291,115,856
873108,0,1465,146,904
873109,0,1880,64,727
873110,0,1435,133,876
873111,0,24819,243,1077
873112,0,9974,203,1020
873113,0,10680,189,990
873114,0,1465,135,911
873115,0,1076,84,828
873116,0,2061,95,841
873117,0,953,57,762
873118,0,4772,87,836
873119,0,3760,76,808
873120,0,2280,137,911
873121,0,26144,336,1116
873122,0,1182,108,884
873123,0,1338,262,1057
873124,0,1956,264,1042
873125,0,1078,94,840
873126,0,9688,109,942
873127,0,1622,118,951
873128,0,1262,81,873
873129,0,1809,249,1035
873130,0,1240,107,847
873131,0,1005,64,766
873132,0,1723,137,889
873133,0,1464,121,903
873134,0,725,39,696
873135,0,8,0,7
873137,0,3122423,18556,546
873138,0,1425266,17992,283
873139,0,0,0,1
873140,0,1,0,2
873142,0,1,0,1
873146,0,8,0,3
873147,0,0,0,1
873148,0,54,0,8
873149,0,64,282,28
873151,0,1,0,2
873158,0,473,0,23
873159,0,4095,0,1
873160,0,4097,29,1
873161,0,4180,788,152
873162,0,3683,597,267
873164,0,2,0,1
873166,0,1117,1,6
873167,0,4095,0,1
873168,0,4111,81,5
873169,0,4137,841,142
873170,0,4087,505,214
873171,0,4095,0,1
873172,0,4112,189,23
873173,0,4142,754,224
873174,0,3038,503,225
873175,0,2,0,2
873178,0,18,0,6
873182,0,6292,5,23
873183,0,8175,0,2
873184,0,8175,0,2
873185,0,8216,518,21
873186,0,5080,810,168
873187,0,4154,743,223
873188,0,4131,650,358
873189,0,4203,986,220
873190,0,4146,191,37
873191,0,4080,0,1
873192,0,4772,0,2
873193,0,8175,0,2
873194,0,5115,555,170
873195,0,4225,1092,277
873196,0,3527,1257,488
873197,0,5,66,59
873198,0,21,0,7
873199,0,1451,0,8
873200,0,4095,0,1
873201,0,4095,24,1
873202,0,4135,857,128
873203,0,5544,461,163
873204,0,8175,0,2
873205,0,8175,0,2
873206,0,8175,0,2
873207,0,6821,385,106
873208,0,4390,1397,357
873209,0,4342,1045,289
873210,0,4238,819,63
873211,0,2761,528,54
873212,0,6557,1,7
873213,0,8175,0,2
873214,0,8226,531,48
873215,0,8233,711,256
873216,0,4886,530,466
873217,0,4095,3,12
873218,0,4134,629,99
873219,0,4146,701,273
873220,0,13847,114,93
873221,0,16350,0,4
873222,0,16350,0,4
873223,0,16450,382,13
873224,0,13195,831,60
873225,0,12394,771,132
873226,0,12373,805,119
873227,0,12432,1197,177
873228,0,9126,917,264
873229,0,8176,80,37
873230,0,8175,0,2
873231,0,9827,0,3
873232,0,9137,649,54
873233,0,8223,869,123
873234,0,8240,811,165
873235,0,8361,1176,227
873236,0,8174,135,68
873237,0,8175,0,2
873238,0,8204,199,8
873239,0,8275,477,34
873240,0,4977,538,241
873241,0,4133,598,389
873242,0,4132,295,88
873243,0,4135,494,30
873244,0,4101,0,4
873245,0,4101,29,1
873246,0,4169,837,114
873247,0,5558,437,159
873248,0,8175,0,2
873249,0,8175,0,2
873250,0,8234,693,68
873251,0,6642,784,220
873252,0,4135,718,267
873253,0,4119,617,367
873254,0,4185,705,83
873255,0,5689,506,146
873256,0,8175,0,2
873257,0,8175,0,2
873258,0,8254,726,123
873259,0,6042,779,252
873260,0,4149,709,262
873261,0,4125,438,347
873262,0,4150,566,80
873263,0,4166,619,206
873264,0,4095,0,1
873265,0,4095,0,1
873266,0,4145,759,132
873267,0,4855,560,243
873268,0,8175,0,2
873269,0,8175,0,2
873270,0,8241,791,115
873271,0,7446,724,256
873272,0,4124,583,413
873273,0,4102,123,116
873274,0,4154,823,91
873275,0,4895,595,223
873276,0,8175,0,2
873277,0,8175,0,2
873278,0,8257,815,125
873279,0,7517,650,339
873280,0,4111,243,322
873281,0,4102,135,9
873282,0,4127,799,194
873283,0,4749,520,305
873284,0,8175,0,2
873285,0,8175,0,2
873286,0,8212,0,2
873287,0,10978,235,49
873288,0,4365,1405,374
873289,0,4320,1024,234
873290,0,4242,808,69
873291,0,4319,718,127
873292,0,4080,0,1
873293,0,4080,0,1
873294,0,4080,0,1
873295,0,3445,80,79
873296,0,1772,549,427
873297,0,4096,44,52
873298,0,4100,231,18
873299,0,4853,777,199
873300,0,8177,381,172
873301,0,8175,0,2
873302,0,8195,240,24
873303,0,7625,849,262
873304,0,4139,740,564
873305,0,4095,0,1
873306,0,4121,310,32
873307,0,4209,757,236
873308,0,4105,343,235
873309,0,4095,0,1
873310,0,4115,284,39
873311,0,4150,734,236
873312,0,4158,383,201
873313,0,4209,1,1
873314,0,4187,348,51
873315,0,4915,740,244
873316,0,11393,363,225
873317,0,16364,1,3
873318,0,16371,1,3
873319,0,16364,1,3
873320,0,13048,894,171
873321,0,8389,1021,364
873322,0,8310,787,119
873323,0,8296,821,99
873324,0,8267,643,159
873325,0,8175,0,2
873326,0,8175,0,2
873327,0,8223,188,6
873328,0,9558,558,39
873329,0,13417,0,4
873330,0,16357,0,4
873331,0,16357,0,4
873332,0,13517,558,101
873333,0,8398,1959,410
873334,0,8286,809,136
873335,0,8274,797,145
873336,0,6980,515,141
873337,0,4114,293,11
873338,0,4095,0,1
873339,0,4095,0,1
873340,0,4175,362,22
873341,0,6261,610,67
873342,0,12270,0,3
873343,0,12270,0,3
873344,0,12289,28,3
873345,0,11210,938,50
873346,0,8250,829,137
873347,0,8243,768,205
873348,0,8253,821,272
873349,0,8352,1094,314
873350,0,8175,0,2
873351,0,8175,0,2
873352,0,8219,211,13
873353,0,7199,831,92
873354,0,4146,725,249
873355,0,4135,627,358
873356,0,4175,692,115
873357,0,4153,586,141
873358,0,4820,0,2
873359,0,8175,0,2
873360,0,8175,0,2
873361,0,7280,695,98
873362,0,4168,1420,365
873363,0,4138,567,413
873364,0,4098,67,62
873365,0,4191,555,51
873366,0,3437,668,136
873367,0,583,0,4
873368,0,4095,0,1
873369,0,4095,0,1
873370,0,4131,532,48
873371,0,4162,655,156
873372,0,4080,0,1
873373,0,4586,0,2
873374,0,8182,0,2
873375,0,7606,98,44
873376,0,4224,1211,313
873377,0,3637,1295,581
873378,0,0,14,26
873379,0,1005,6,43
873380,0,8175,0,2
873381,0,8175,0,2
873382,0,8229,462,57
873383,0,7697,765,223
873384,0,4117,329,387
873385,0,4101,40,4
873386,0,4168,764,188
873387,0,4373,593,315
873388,0,8175,0,2
873389,0,8175,0,2
873390,0,8229,478,76
873391,0,7833,729,256
873392,0,4131,667,322
873393,0,4103,312,318
873394,0,4128,624,95
873395,0,4515,710,235
873396,0,8175,0,2
873397,0,8175,0,2
873398,0,8246,690,109
873399,0,7830,752,256
873400,0,4110,462,446
873401,0,4095,0,1
873402,0,4155,761,124
873403,0,4162,636,309
873404,0,4083,0,2
873405,0,8159,0,2
873406,0,8175,0,2
873407,0,8278,521,38
873408,0,8241,755,205
873409,0,8167,0,4
873410,0,8175,0,2
873411,0,8046,703,113
873412,0,4237,1492,415
873413,0,108,765,201
873414,0,64,753,207
873415,0,2,100,32
873416,0,3940,0,1
873417,0,4095,0,1
873418,0,4142,625,83
873419,0,4383,736,246
873420,0,8140,29,17
873421,0,8175,0,2
873422,0,8246,694,108
873423,0,8037,717,318
873424,0,4086,491,452
873425,0,4095,0,1
873426,0,4132,795,113
873427,0,4149,635,358
873428,0,3935,24,29
873429,0,4095,0,1
873430,0,4166,670,73
873431,0,4140,701,279
873432,0,4119,58,41
873433,0,7732,0,2
873434,0,8175,0,2
873435,0,8240,408,36
873436,0,4571,1332,529
873437,0,476,430,371
873439,0,3574,0,3
873440,0,7791,1,6
873441,0,8203,485,53
873442,0,8212,774,215
873443,0,8104,92,34
873444,0,4524,582,314
873445,0,4167,753,369
873446,0,4156,751,213
873447,0,706,77,54
873448,0,3810,649,195
873449,0,7628,102,34
873450,0,8175,0,2
873451,0,8235,576,86
873452,0,4578,1100,647
873453,0,4228,97,44
873454,0,4258,0,3
873455,0,4194,717,101
873456,0,4146,679,311
873457,0,7577,108,67
873458,0,8175,0,2
873459,0,8233,503,51
873460,0,8241,721,238
873461,0,8144,518,478
873462,0,8177,65,77
873463,0,8235,0,3
873464,0,8239,0,3
873465,0,5053,678,30
873466,0,4281,811,77
873467,0,4266,876,93
873468,0,4240,838,102
873469,0,4194,230,112
873470,0,4080,0,1
873471,0,4135,0,2
873472,0,4128,0,2
873473,0,4002,563,350
873474,0,4103,207,240
873475,0,4150,568,81
873476,0,4164,725,231
873477,0,4142,154,132
873478,0,4095,0,1
873479,0,4095,0,1
873480,0,4121,89,3
873481,0,7472,155,8
873482,0,8293,0,3
873483,0,8274,652,109
873484,0,8238,632,346
873485,0,8328,233,138
873486,0,8175,0,2
873487,0,8175,0,2
873488,0,8254,223,3
873489,0,8124,637,375
873490,0,8180,157,176
873491,0,11379,0,3
873492,0,12270,0,3
873493,0,12378,674,31
873494,0,12410,831,56
873495,0,12388,940,124
873496,0,12393,811,93
873497,0,12272,628,371
873498,0,12289,174,161
873499,0,9160,173,8
873500,0,8175,0,2
873501,0,11427,615,41
873502,0,12388,845,64
873503,0,12349,824,124
873504,0,12374,805,118
873505,0,15417,349,59
873506,0,16364,1,3
873507,0,16364,1,3
873508,0,16416,292,8
873509,0,10018,1482,230
873510,0,8280,1137,270
873511,0,8263,784,169
873512,0,8346,1030,254
873513,0,8373,355,72
873514,0,8175,0,2
873515,0,11154,0,3
873516,0,12270,0,3
873517,0,12416,656,45
873518,0,12417,1056,154
873519,0,12387,984,166
873520,0,12347,742,208
873521,0,15386,168,60
873522,0,16390,448,30
873523,0,13418,230,18
873524,0,12262,0,3
873525,0,8936,1189,278
873526,0,8282,979,234
873527,0,8269,807,140
873528,0,8335,1083,220
873529,0,5090,425,129
873530,0,4095,0,1
873531,0,4095,0,1
873532,0,4190,601,42
873533,0,6976,251,34
873534,0,8175,0,2
873535,0,11041,1,2
873536,0,12284,1,2
873537,0,9458,620,50
873538,0,8295,1298,158
873539,0,5440,1030,215
873540,0,4154,739,227
873541,0,6893,203,100
873542,0,8175,0,2
873543,0,8175,0,2
873544,0,8298,545,37
873545,0,2660,802,112
873546,0,92,743,189
873547,0,2791,713,251
873548,0,4144,624,352
873549,0,6946,101,104
873550,0,8237,587,36
873551,0,8159,271,29
873552,0,8189,1,1
873553,0,5373,551,132
873554,0,4190,1595,208
873555,0,1472,1013,279
873556,0,49,549,346
873557,0,5513,4,8
873558,0,8175,0,2
873559,0,8175,0,2
873560,0,8295,617,41
873561,0,5387,791,183
873562,0,4164,734,222
873563,0,4147,653,320
873564,0,4212,986,189
873565,0,6931,308,38
873566,0,8175,0,2
873567,0,8175,0,2
873568,0,8306,715,46
873569,0,5363,876,166
873570,0,4145,768,207
873571,0,4139,644,337
873572,0,4203,918,196
873573,0,4151,313,43
873574,0,4080,0,1
873575,0,6593,1,1
873576,0,8189,1,1
873577,0,5688,500,84
873578,0,4259,1496,239
873579,0,1676,994,322
873580,0,31,478,361
873581,0,5009,4,4
873582,0,8175,0,2
873583,0,8175,0,2
873584,0,8311,729,78
873585,0,5675,813,189
873586,0,4136,724,259
873587,0,4142,617,361
873588,0,4198,804,109
873589,0,6612,326,58
873590,0,8175,0,2
873591,0,8175,0,2
873592,0,8286,691,51
873593,0,3346,796,164
873594,0,71,676,277
873595,0,2376,583,387
873596,0,4095,0,1
873597,0,6636,17,8
873598,0,8267,841,93
873599,0,8131,337,82
873600,0,8175,0,2
873601,0,5696,423,189
873602,0,4173,1313,409
873603,0,4108,537,302
873604,0,4095,0,1
873605,0,4139,154,11
873606,0,4157,841,122
873607,0,4084,306,125
873608,0,4095,0,1
873609,0,4104,33,1
873610,0,4180,847,93
873611,0,6357,338,101
873612,0,8189,1,1
873613,0,8189,1,1
873614,0,8265,822,59
873615,0,5969,772,192
873616,0,4157,742,221
873617,0,4114,674,332
873618,0,4140,606,165
873619,0,1967,386,31
873623,0,2213,0,13
873624,0,4080,0,1
873625,0,6211,0,2
873626,0,8175,0,2
873627,0,6040,401,119
873628,0,4234,1237,319
873629,0,4131,938,480
873630,0,4095,0,1
873631,0,4121,0,14
873632,0,4232,811,70
873633,0,4114,382,93
873634,0,4080,0,1
873635,0,6179,0,2
873636,0,8175,0,2
873637,0,6122,417,69
873638,0,4238,1292,229
873639,0,4180,1078,307
873640,0,4146,611,362
873641,0,4140,93,90
873642,0,4152,567,49
873643,0,4158,383,41
873644,0,4095,0,1
873645,0,4128,228,17
873646,0,4154,739,227
873647,0,4190,340,176
873648,0,4080,0,1
873649,0,6084,0,2
873650,0,8175,0,2
873651,0,6177,342,137
873652,0,4199,1008,380
873653,0,4107,759,300
873654,0,4095,0,1
873655,0,4125,49,13
873656,0,4217,817,86
873657,0,4088,395,103
873658,0,4095,0,1
873659,0,4127,263,21
873660,0,4167,734,219
873661,0,6032,356,163
873662,0,8175,0,2
873663,0,8175,0,2
873664,0,8316,577,33
873665,0,6242,828,156
873666,0,4126,761,233
873667,0,4152,673,295
873668,0,4222,918,257
873669,0,4104,441,62
873670,0,4080,0,1
873671,0,5985,1,1
873672,0,8189,1,1
873673,0,6318,371,75
873674,0,4250,1327,217
873675,0,2351,1144,297
873676,0,41,628,355
873677,0,3733,57,82
873678,0,8175,0,2
873679,0,8203,147,11
873680,0,8264,762,175
873681,0,6296,694,324
873682,0,4112,384,354
873683,0,4121,235,15
873684,0,4147,777,196
873685,0,4079,385,180
873686,0,4095,0,1
873687,0,4137,249,22
873688,0,4184,765,171
873689,0,4093,391,178
873690,0,4080,0,1
873691,0,5827,0,2
873692,0,8175,0,2
873693,0,6450,236,186
873694,0,4193,1053,412
873695,0,4084,462,84
873696,0,4095,0,1
873697,0,4111,230,25
873698,0,4143,789,188
873699,0,5722,405,177
873700,0,8182,0,2
873701,0,8175,0,2
873702,0,8248,782,60
873703,0,6567,785,176
873704,0,4155,732,233
873705,0,4134,572,414
873706,0,4164,679,119
873707,0,5792,473,99
873708,0,8175,0,2
873709,0,8175,0,2
873710,0,8248,728,56
873711,0,6553,788,185
873712,0,4149,708,263
873713,0,4118,458,381
873714,0,4153,754,86
873715,0,5763,479,108
873716,0,8175,0,2
873717,0,8175,0,2
873718,0,8245,736,62
873719,0,6539,773,201
873720,0,4142,633,344
873721,0,4113,284,271
873722,0,4173,804,98
873723,0,4152,434,158
873724,0,4080,0,1
873725,0,5630,1,4
873726,0,8185,0,2
873727,0,6600,479,180
873728,0,4206,1065,517
873729,0,4062,364,254
873730,0,4095,0,1
873731,0,4115,62,9
873732,0,4171,840,109
873733,0,5642,449,159
873734,0,8175,0,2
873735,0,8175,0,2
873736,0,8294,804,91
873737,0,5215,737,229
873738,0,37,614,373
873739,0,1502,155,187
873740,0,4095,0,1
873741,0,4117,72,14
873742,0,4162,850,108
873743,0,5605,457,161
873744,0,8175,0,2
873745,0,8175,20,2
873746,0,8230,855,116
873747,0,6740,718,256
873748,0,4127,630,363
873749,0,4109,162,157
873750,0,4171,849,97
873751,0,5538,455,162
873752,0,8175,0,2
873753,0,8175,0,2
873754,0,8175,0,2
873755,0,6755,261,84
873756,0,4286,1232,288
873757,0,4376,1378,390
873758,0,4278,904,124
873759,0,4174,538,32
873760,0,4202,0,2
873761,0,4182,229,123
873762,0,4165,1379,578
873763,0,5551,453,187
873764,0,8175,0,2
873765,0,8193,110,7
873766,0,8251,786,164
873767,0,6782,647,342
873768,0,4135,519,466
873769,0,4109,134,25
873770,0,4170,795,155
873771,0,4085,448,207
873772,0,4095,0,1
873773,0,4110,146,12
873774,0,4158,710,252
873775,0,5494,418,241
873776,0,8175,0,2
873777,0,8177,47,6
873778,0,8239,784,178
873779,0,6865,653,316
873780,0,4125,513,393
873781,0,4108,108,4
873782,0,4146,782,192
873783,0,4097,479,183
873784,0,4095,0,1
873785,0,4127,176,18
873786,0,4152,765,203
873787,0,5378,436,227
873788,0,8175,0,2
873789,0,8212,162,14
873790,0,8240,806,155
873791,0,6896,625,347
873792,0,4124,397,396
873793,0,4098,213,14
873794,0,4142,785,193
873795,0,5415,453,219
873796,0,8175,0,2
873797,0,8193,212,18
873798,0,8236,792,173
873799,0,6941,625,364
873800,0,4112,238,297
873801,0,4133,198,27
873802,0,4166,705,249
873803,0,4098,435,249
873804,0,4095,0,1
873805,0,4118,188,21
873806,0,4151,778,191
873807,0,7769,456,241
873808,0,16350,0,4
873809,0,16350,0,4
873810,0,16350,0,4
873811,0,13996,442,131
873812,0,8385,1406,449
873813,0,8327,896,158
873814,0,8298,828,90
873815,0,9423,610,87
873816,0,12377,0,4
873817,0,12387,235,35
873818,0,12325,760,212
873819,0,9922,672,398
873820,0,4100,90,144
873821,0,4129,237,20
873822,0,4153,736,230
873823,0,7601,476,236
873824,0,16350,0,4
873825,0,16350,0,4
873826,0,16350,0,4
873827,0,14098,482,120
873828,0,8381,1306,463
873829,0,8307,846,63
873830,0,8303,816,97
873831,0,10590,772,73
873832,0,16364,1,3
873833,0,16364,1,3
873834,0,16350,0,4
873835,0,14132,464,124
873836,0,8358,1285,487
873837,0,8327,815,74
873838,0,8315,813,88
873839,0,7225,823,135
873840,0,4095,0,1
873841,0,4095,0,1
873842,0,4095,0,1
873843,0,5243,356,16
873844,0,8294,1,2
873845,0,8303,208,42
873846,0,8249,707,260
873847,0,10341,675,281
873848,0,16350,0,4
873849,0,16350,0,4
873850,0,16350,0,4
873851,0,14336,734,140
873852,0,8345,1026,278
873853,0,8274,846,96
873854,0,8300,816,100
873855,0,10333,952,141
873856,0,16364,1,3
873857,0,16364,1,3
873858,0,16364,1,3
873859,0,14353,762,118
873860,0,8372,1119,392
873861,0,8311,814,91
873862,0,8317,810,89
873863,0,10253,954,138
873864,0,16350,0,4
873865,0,16350,0,4
873866,0,16350,0,4
873867,0,15473,628,27
873868,0,12386,844,67
873869,0,12371,791,135
873870,0,12355,798,144
873871,0,12398,1263,197
873872,0,12322,698,277
873873,0,12270,51,26
873874,0,12270,0,3
873875,0,11434,639,33
873876,0,8291,852,73
873877,0,8286,803,127
873878,0,8271,808,137
873879,0,10176,1135,187
873880,0,16350,0,4
873881,0,16350,0,4
873882,0,16350,0,4
873883,0,15497,589,31
873884,0,12405,833,59
873885,0,12366,821,110
873886,0,12348,808,141
873887,0,12339,1231,205
873888,0,12305,491,233
873889,0,12270,0,3
873890,0,12271,3,3
873891,0,11470,827,39
873892,0,8266,857,92
873893,0,8280,787,149
873894,0,8284,751,181
873895,0,7472,1150,262
873896,0,4095,0,1
873897,0,4095,0,1
873898,0,4099,26,1
873899,0,5863,656,36
873900,0,12277,0,3
873901,0,12277,0,3
873902,0,12288,62,3
873903,0,11583,807,59
873904,0,8281,819,116
873905,0,8217,845,154
873906,0,8242,792,235
873907,0,8287,1203,266
873908,0,8175,0,2
873909,0,8175,0,2
873910,0,8190,81,6
873911,0,9073,747,120
873912,0,12314,499,452
873913,0,12284,1,2
873914,0,12284,1,2
873915,0,12285,164,11
873916,0,12439,807,51
873917,0,12415,828,54
873918,0,12398,824,75
873919,0,10992,1027,183
873920,0,4118,499,440
873921,0,4095,0,1
873922,0,4111,228,7
873923,0,5718,667,74
873924,0,12270,0,3
873925,0,12270,0,3
873926,0,12283,108,5
873927,0,11574,823,61
873928,0,8309,788,119
873929,0,8283,763,170
873930,0,8280,860,236
873931,0,9689,1241,284
873932,0,16357,0,4
873933,0,16350,0,4
873934,0,16357,0,4
873935,0,14943,246,67
873936,0,8379,1274,478
873937,0,8241,894,81
873938,0,8297,969,78
873939,0,8541,1161,153
873940,0,8175,0,2
873941,0,8175,0,2
873942,0,8204,161,8
873943,0,8870,807,128
873944,0,12301,307,303
873945,0,12284,1,2
873946,0,12284,1,2
873947,0,11596,146,12
873948,0,8332,836,48
873949,0,8311,796,109
873950,0,8424,1102,95
873951,0,8576,1120,133
873952,0,8175,0,2
873953,0,8175,0,2
873954,0,8188,158,4
873955,0,7607,838,61
873956,0,4171,779,170
873957,0,4164,766,190
873958,0,4184,901,267
873959,0,4907,1059,315
873960,0,8175,0,2
873961,0,8175,0,2
873962,0,8206,274,19
873963,0,9544,675,83
873964,0,16350,0,4
873965,0,16350,0,4
873966,0,16350,0,4
873967,0,15088,260,40
873968,0,8431,1502,307
873969,0,8229,1033,204
873970,0,8405,1299,114
873971,0,9118,1169,147
873972,0,12270,0,3
873973,0,12270,0,3
873974,0,12270,0,3
873975,0,11692,123,12
873976,0,8358,790,68
873977,0,8289,799,128
873978,0,8543,1249,146
873979,0,8494,1275,128
873980,0,8175,0,2
873981,0,8175,0,2
873982,0,8200,226,7
873983,0,7682,833,72
873984,0,4174,753,193
873985,0,4116,707,297
873986,0,4166,935,372
873987,0,4810,847,219
873988,0,8175,0,2
873989,0,8175,0,2
873990,0,8218,307,18
873991,0,7717,818,84
873992,0,4173,775,172
873993,0,4155,786,179
873994,0,4179,989,338
873995,0,4215,882,223
873996,0,4095,0,1
873997,0,4095,0,1
873998,0,4138,330,12
873999,0,5203,697,76
874000,0,12277,0,3
874001,0,12277,0,3
874002,0,12277,0,3
874003,0,11757,115,8
874004,0,8299,835,82
874005,0,8320,790,142
874006,0,8543,1542,155
874007,0,8524,1218,203
874008,0,8175,0,2
874009,0,8175,0,2
874010,0,8210,319,18
874011,0,7790,790,103
874012,0,4149,766,205
874013,0,4152,683,285
874014,0,4151,799,332
874015,0,4209,707,96
874016,0,4095,0,1
874017,0,4095,0,1
874018,0,4121,363,33
874019,0,5021,731,96
874020,0,12284,1,2
874021,0,12284,1,2
874022,0,12270,0,3
874023,0,11819,98,11
874024,0,8336,791,89
874025,0,8296,794,126
874026,0,8495,1425,160
874027,0,8519,1261,208
874028,0,8175,0,2
874029,0,8175,0,2
874030,0,8213,330,25
874031,0,7789,787,123
874032,0,4157,768,195
874033,0,4115,652,353
874034,0,4128,735,288
874035,0,4169,734,151
874036,0,4095,0,1
874037,0,4095,0,1
874038,0,4139,330,18
874039,0,4939,760,61
874040,0,12277,0,3
874041,0,12277,0,3
874042,0,12277,0,3
874043,0,11889,82,5
874044,0,8301,781,134
874045,0,8344,815,155
874046,0,8534,1532,174
874047,0,8587,1174,256
874048,0,8175,0,2
874049,0,8182,0,2
874050,0,8215,406,38
874051,0,7862,803,136
874052,0,4174,746,200
874053,0,4152,650,318
874054,0,4159,775,286
874055,0,4518,762,80
874056,0,8175,0,2
874057,0,8175,0,2
874058,0,8212,402,44
874059,0,8917,709,145
874060,0,16357,0,4
874061,0,16357,0,4
874062,0,16357,0,4
874063,0,15675,116,53
874064,0,8306,812,128
874065,0,8266,1144,173
874066,0,8398,1651,191
874067,0,8724,1282,277
874068,0,12277,0,3
874069,0,12277,0,3
874070,0,12277,0,3
874071,0,11965,61,16
874072,0,8319,762,135
874073,0,8466,968,199
874074,0,8481,1509,250
874075,0,8475,1281,297
874076,0,8175,0,2
874077,0,8175,0,2
874078,0,8226,359,34
874079,0,8820,735,100
874080,0,16364,1,3
874081,0,16364,1,3
874082,0,16364,1,3
874083,0,16068,59,14
874084,0,12351,802,144
874085,0,12532,1036,144
874086,0,12607,1516,198
874087,0,12833,1252,254
874088,0,16357,0,4
874089,0,16357,0,4
874090,0,16357,0,4
874091,0,15787,115,26
874092,0,8307,1056,157
874093,0,8489,1061,140
874094,0,8488,1515,237
874095,0,8303,1228,250
874096,0,4095,0,1
874097,0,4095,0,1
874098,0,4128,490,41
874099,0,4628,738,159
874100,0,12277,0,3
874101,0,12277,0,3
874102,0,12277,0,3
874103,0,12038,45,13
874104,0,8300,804,112
874105,0,8499,1135,168
874106,0,8473,1535,231
874107,0,8397,1319,299
874108,0,8182,0,2
874109,0,8182,0,2
874110,0,8182,0,2
874111,0,7956,45,11
874112,0,4197,762,161
874113,0,4206,1375,263
874114,0,4312,1561,271
874115,0,4504,1264,354
874116,0,8175,0,2
874117,0,8175,0,2
874118,0,8221,500,50
874119,0,8009,755,207
874120,0,4147,691,282
874121,0,4115,450,350
874122,0,4146,549,41
874123,0,4344,715,190
874124,0,8182,0,2
874125,0,8182,0,2
874126,0,8182,0,2
874127,0,8003,41,4
874128,0,4166,798,156
874129,0,4202,1481,218
87413,0,6,0,1
874130,0,4294,1530,320
874131,0,4441,1129,284
874132,0,8175,0,2
874133,0,8175,0,2
874134,0,8224,510,44
874135,0,8053,791,174
874136,0,4136,679,305
874137,0,4115,422,369
874138,0,4147,506,51
874139,0,4289,717,214
874140,0,8175,0,2
874141,0,8175,0,2
874142,0,8214,491,33
874143,0,8117,794,154
874144,0,4146,685,289
874145,0,4104,505,413
874146,0,4126,492,57
874147,0,4227,730,209
874148,0,8182,0,2
874149,0,8175,0,2
874150,0,8226,490,74
874151,0,8100,779,206
874152,0,4173,658,288
874153,0,4121,605,394
874154,0,4144,531,91
874155,0,4140,744,204
874156,0,4095,0,1
874157,0,4095,0,1
874158,0,4148,503,80
874159,0,4172,710,250
874160,0,8189,1,1
874161,0,8189,1,1
874162,0,8189,1,1
874163,0,8131,12,1
874164,0,4163,778,179
874165,0,4440,1418,216
874166,0,4411,1431,302
874167,0,4311,1024,155
874168,0,8187,1,1
874169,0,8189,1,1
874170,0,8189,1,1
874171,0,8145,9,2
874172,0,4162,794,180
874173,0,4505,1421,218
874174,0,4380,1439,325
874175,0,4288,893,106
874176,0,4095,0,1
874177,0,4095,0,1
874178,0,4129,582,52
874179,0,4135,756,204
874180,0,8175,1,1
874181,0,8189,1,1
874182,0,8189,1,1
874183,0,8176,3,1
874184,0,4183,744,193
874185,0,4507,1395,228
874186,0,4393,1409,342
874187,0,4353,919,148
874188,0,8155,0,3
874189,0,8175,0,2
874190,0,8175,0,2
874191,0,8175,0,2
874192,0,4176,795,173
874193,0,4215,1684,245
874194,0,4287,1535,322
874195,0,4266,968,101
874196,0,8100,1,5
874197,0,8189,1,1
874198,0,8242,573,61
874199,0,8244,749,222
874200,0,4111,640,341
874201,0,4121,371,285
874202,0,4134,611,60
874203,0,4162,745,213
874204,0,4098,6,11
874205,0,4095,0,1
874206,0,4150,582,70
874207,0,4146,718,256
874208,0,8100,7,10
874209,0,8175,0,2
874210,0,8175,0,2
874211,0,8175,0,2
874212,0,4262,799,234
874213,0,4387,1486,270
874214,0,4370,1348,389
874215,0,4306,791,23
874216,0,8088,11,14
874217,0,8175,0,2
874218,0,8227,565,71
874219,0,8235,761,205
874220,0,4166,640,341
874221,0,4109,337,299
874222,0,4131,601,69
874223,0,4150,729,241
874224,0,7997,11,18
874225,0,8175,0,2
874226,0,8175,0,2
874227,0,8175,0,2
874228,0,4323,815,203
874229,0,4385,1453,306
874230,0,4367,1317,422
874231,0,4311,788,21
874232,0,8028,24,5
874233,0,8175,0,2
874234,0,8175,0,2
874235,0,8182,0,2
874236,0,4336,894,179
874237,0,4447,1411,286
874238,0,4323,1215,334
874239,0,4252,831,37
874240,0,7997,25,7
874241,0,8175,0,2
874242,0,8175,0,2
874243,0,8175,0,2
874244,0,4359,931,159
874245,0,4360,1485,298
874246,0,4306,1165,331
874247,0,4256,807,57
874248,0,8000,31,4
874249,0,8189,1,1
874250,0,8189,1,1
874251,0,8189,1,1
874252,0,4373,867,214
874253,0,4472,1428,244
874254,0,4347,1408,389
874255,0,4285,845,65
874256,0,4073,31,6
874257,0,4095,0,1
874258,0,4124,623,74
874259,0,4148,741,231
874260,0,7947,36,13
874261,0,8175,0,2
874262,0,8175,0,2
874263,0,8175,0,2
874264,0,4453,888,219
874265,0,4490,1341,312
874266,0,4357,1166,323
874267,0,4297,790,33
874268,0,7890,42,5
874269,0,8189,1,1
874270,0,8189,1,1
874271,0,8189,1,1
874272,0,4500,912,218
874273,0,4205,1598,341
874274,0,4228,1268,275
874275,0,4269,784,67
874276,0,7950,41,8
874277,0,8175,0,2
874278,0,8226,577,98
874279,0,8224,733,244
874280,0,4345,604,383
874281,0,4112,259,264
874282,0,4157,594,88
874283,0,4162,694,264
874284,0,4081,51,18
874285,0,4095,0,1
874286,0,4146,577,117
874287,0,4156,670,294
874288,0,7821,41,26
874289,0,8182,0,2
874290,0,8182,0,2
874291,0,8182,0,2
874292,0,4508,1043,248
874293,0,4320,1414,410
874294,0,4279,955,193
874295,0,4218,854,48
874296,0,4092,37,5
874297,0,4095,0,1
874298,0,4136,633,71
874299,0,4149,752,218
874300,0,7860,53,25
874301,0,8175,0,2
874302,0,8182,0,2
874303,0,8182,0,2
874304,0,4630,985,186
874305,0,4225,1598,321
874306,0,4230,1113,212
874307,0,4245,822,53
874308,0,4042,56,14
874309,0,4095,0,1
874310,0,4143,617,66
874311,0,4151,724,245
874312,0,7838,60,22
874313,0,8189,1,1
874314,0,8189,1,1
874315,0,8189,1,1
874316,0,4585,1058,231
874317,0,4379,1378,387
874318,0,4300,1030,223
874319,0,4223,858,39
874320,0,4125,60,11
874321,0,4095,0,1
874322,0,4136,653,97
874323,0,4133,678,309
874324,0,7804,43,45
874325,0,8175,0,2
874326,0,8182,0,2
874327,0,8175,0,2
874328,0,4678,1092,239
874329,0,4427,1350,367
874330,0,4300,963,174
874331,0,4222,842,56
874332,0,4094,71,17
874333,0,4095,0,1
874334,0,4152,652,101
874335,0,4149,708,263
874336,0,7741,74,25
874337,0,8189,1,1
874338,0,8189,1,1
874339,0,8189,1,1
874340,0,4678,1115,237
874341,0,4292,1425,427
874342,0,4281,892,119
874343,0,4222,844,54
874344,0,7725,78,10
874345,0,8175,0,2
874346,0,8175,0,2
874347,0,8175,0,2
874348,0,4676,1135,241
874349,0,4335,1446,363
874350,0,4250,1015,183
874351,0,4228,848,44
874352,0,7752,86,11
874353,0,8175,0,2
874354,0,8175,0,2
874355,0,8175,0,2
874356,0,4719,1129,272
874357,0,4298,1347,499
874358,0,4230,862,67
874359,0,4199,851,70
874360,0,7684,96,9
874361,0,8175,0,2
874362,0,8175,0,2
874363,0,8175,0,2
874364,0,4730,1141,237
874365,0,4347,1391,405
874366,0,4247,860,79
874367,0,4194,856,70
874368,0,7665,82,21
874369,0,8175,0,2
874370,0,8202,683,100
874371,0,8225,714,262
874372,0,4527,559,444
874373,0,4098,37,84
874374,0,4150,671,94
874375,0,4136,705,279
874376,0,7651,65,55
874377,0,8175,0,2
874378,0,8182,0,2
874379,0,8175,0,2
874380,0,4764,1199,244
874381,0,4331,1409,404
874382,0,4256,876,78
874383,0,4209,829,82
874384,0,7658,104,9
874385,0,8175,0,2
874386,0,8182,0,2
874387,0,8182,0,2
874388,0,4791,1186,259
874389,0,4308,1354,405
874390,0,4234,847,39
874391,0,4223,816,81
874392,0,7641,106,14
874393,0,8189,1,1
874394,0,8189,1,1
874395,0,8189,1,1
874396,0,4816,1176,293
874397,0,4298,1310,456
874398,0,4253,809,58
874399,0,4227,823,70
874400,0,4122,98,12
874401,0,4095,0,1
874402,0,4132,692,120
874403,0,4139,644,337
874404,0,7626,91,49
874405,0,8175,0,2
874406,0,8233,657,127
874407,0,8217,661,322
874408,0,4673,466,530
874409,0,4095,0,1
87441,0,426,0,1
874410,0,4158,664,131
874411,0,4137,648,335
874412,0,4082,85,62
874413,0,4095,0,1
874414,0,4152,636,147
874415,0,4135,644,341
874416,0,7505,79,70
874417,0,8175,0,2
874418,0,8175,0,2
874419,0,8175,0,2
87442,0,502,0,1
874420,0,4893,1236,298
874421,0,4271,1255,431
874422,0,4236,817,67
874423,0,4214,841,65
874424,0,11003,122,22
874425,0,12255,0,3
874426,0,12255,0,3
874427,0,12255,0,3
874428,0,5526,1272,282
874429,0,4292,1298,384
87443,0,24,0,1
874430,0,4239,816,65
874431,0,4215,814,91
874432,0,10895,130,21
874433,0,12255,0,3
874434,0,12255,0,3
874435,0,12255,0,3
874436,0,5538,1204,362
874437,0,4254,1096,323
874438,0,4219,832,69
874439,0,4202,826,92
874440,0,10890,125,19
874441,0,12262,0,3
874442,0,12255,0,3
874443,0,12255,0,3
874444,0,5582,1254,292
874445,0,4284,1108,408
874446,0,4242,835,43
874447,0,4218,808,94
874448,0,10896,142,14
874449,0,12255,0,3
874450,0,12255,0,3
874451,0,12255,0,3
874452,0,5619,1227,306
874453,0,4252,1213,380
874454,0,4208,857,55
874455,0,4218,814,88
874456,0,10860,137,27
874457,0,12262,0,3
874458,0,12262,0,3
874459,0,12262,0,3
874460,0,5637,1215,324
874461,0,4280,1068,291
874462,0,4221,827,72
874463,0,4190,833,97
874464,0,10886,146,19
874465,0,12269,1,2
874466,0,12269,1,2
874467,0,12269,1,2
874468,0,5681,1118,401
874469,0,4238,1057,277
874470,0,4203,809,108
874471,0,4217,809,94
874472,0,10742,154,11
874473,0,12255,0,3
874474,0,12255,0,3
874475,0,12255,0,3
874476,0,5702,1196,326
874477,0,4295,1015,293
874478,0,4221,824,75
874479,0,4223,821,76
874480,0,10753,157,16
874481,0,12255,0,3
874482,0,12255,0,3
874483,0,12255,0,3
874484,0,5734,1207,307
874485,0,4258,1113,374
874486,0,4201,831,88
874487,0,4198,836,86
874488,0,10755,149,22
874489,0,12255,0,3
874490,0,12255,0,3
874491,0,12255,0,3
874492,0,12255,0,3
874493,0,12255,0,3
874494,0,12255,0,3
874495,0,12255,0,3
874496,0,6151,1065,56
874497,0,4367,1682,95
874498,0,4492,1560,92
874499,0,4647,1412,85
874500,0,4564,1465,114
874501,0,4654,1361,129
874502,0,4431,1432,151
874503,0,4405,708,7
874504,0,10682,147,12
874505,0,12255,0,3
874506,0,12262,0,3
874507,0,12262,0,3
874508,0,12262,0,3
874509,0,12262,0,3
874510,0,12262,0,3
874511,0,12262,0,3
874512,0,6097,1148,51
874513,0,4396,1654,92
874514,0,4459,1589,96
874515,0,4500,1486,158
874516,0,4554,1459,131
874517,0,4406,1290,154
874518,0,4431,686,3
874519,0,4369,740,11
874520,0,10632,137,8
874521,0,12255,0,3
874522,0,12255,0,3
874523,0,12255,0,3
874524,0,5793,1054,424
874525,0,4228,806,86
874526,0,4206,808,106
874527,0,4190,799,131
874528,0,10589,160,32
874529,0,12262,0,3
874530,0,12262,0,3
874531,0,12262,0,3
874532,0,5860,1129,355
874533,0,4210,902,191
874534,0,4231,786,103
874535,0,4203,777,140
874536,0,10636,148,49
874537,0,12255,0,3
874538,0,12255,0,3
874539,0,12255,0,3
874540,0,9030,551,232
874541,0,8209,586,406
874542,0,8175,0,4
874543,0,8175,0,2
874544,0,8713,539,58
874545,0,8459,739,3
874546,0,8402,788,11
874547,0,8533,664,4
874548,0,5186,1215,367
874549,0,4357,798,79
874550,0,4411,704,5
874551,0,4344,766,10
874552,0,10546,99,11
874553,0,12255,0,3
874554,0,12255,0,3
874555,0,12255,0,3
874556,0,9140,632,53
874557,0,8325,791,85
874558,0,8294,824,83
874559,0,8276,790,135
874560,0,8218,748,199
874561,0,8203,757,241
874562,0,8187,175,92
874563,0,8175,0,2
874564,0,5078,636,42
874565,0,4202,837,81
874566,0,4215,808,97
874567,0,4193,766,160
874568,0,10486,169,30
874569,0,12269,1,2
874570,0,12269,1,2
874571,0,12269,1,2
874572,0,5933,1045,461
874573,0,4225,794,110
874574,0,4201,822,97
874575,0,4184,770,166
874576,0,10525,179,25
874577,0,12255,0,3
874578,0,12255,0,3
874579,0,12255,0,3
874580,0,6006,918,417
874581,0,4197,821,102
874582,0,4179,845,96
874583,0,4170,790,160
874584,0,10479,181,29
874585,0,12255,0,3
874586,0,12255,0,3
874587,0,12255,0,3
874588,0,9115,510,248
874589,0,8207,489,401
874590,0,8175,0,2
874591,0,8175,0,2
874592,0,8433,515,33
874593,0,8441,757,3
874594,0,8394,801,6
874595,0,8500,692,9
874596,0,8381,800,20
874597,0,8490,704,7
874598,0,8473,718,10
874599,0,8427,756,18
874600,0,8189,748,185
874601,0,8229,555,295
874602,0,8175,0,2
874603,0,8175,0,2
874604,0,5135,627,42
874605,0,4223,808,89
874606,0,4179,826,115
874607,0,4181,795,144
874608,0,10311,175,38
874609,0,12269,1,2
874610,0,12269,1,2
874611,0,12269,1,2
874612,0,12269,1,2
874613,0,12269,1,2
874614,0,12269,1,2
874615,0,12269,1,2
874616,0,6340,1102,94
874617,0,4600,1427,117
874618,0,4545,1431,168
874619,0,4435,1494,215
874620,0,4365,794,31
874621,0,4367,741,12
874622,0,4408,703,9
874623,0,4344,766,10
874624,0,10428,182,13
874625,0,12255,0,3
874626,0,12255,0,3
874627,0,12255,0,3
874628,0,9144,458,307
874629,0,8182,208,281
874630,0,8175,0,2
874631,0,8175,0,2
874632,0,8475,456,18
874633,0,8509,680,12
874634,0,8547,646,8
874635,0,8382,808,11
874636,0,8451,739,11
874637,0,8405,788,8
874638,0,8453,737,11
874639,0,8450,740,11
874640,0,8257,705,224
874641,0,8177,150,103
874642,0,8175,0,2
874643,0,8175,0,2
874644,0,5138,655,47
874645,0,4194,793,133
874646,0,4184,808,128
874647,0,4167,759,194
874648,0,10254,181,53
874649,0,12255,0,3
874650,0,12255,0,3
874651,0,12255,0,3
874652,0,12255,0,3
874653,0,12255,0,3
874654,0,12255,0,3
874655,0,12255,0,3
874656,0,6450,1054,104
874657,0,4278,1663,203
874658,0,4403,1514,226
874659,0,4329,953,92
874660,0,4328,780,12
874661,0,4381,721,18
874662,0,4324,775,21
874663,0,4342,753,25
874664,0,10255,186,16
874665,0,12262,0,3
874666,0,12265,0,3
874667,0,12266,0,3
874668,0,9191,455,299
874669,0,8179,143,169
874670,0,8175,0,2
874671,0,8175,0,2
874672,0,8588,460,35
874673,0,8307,884,10
874674,0,8373,804,24
874675,0,8426,756,19
874676,0,8409,778,14
874677,0,8418,768,15
874678,0,8445,745,11
874679,0,8389,794,18
874680,0,8227,530,189
874681,0,8175,0,2
874682,0,8175,0,2
874683,0,8175,0,2
874684,0,5196,605,75
874685,0,4183,768,168
874686,0,4179,756,184
874687,0,4161,726,233
874688,0,10204,172,81
874689,0,12255,0,3
874690,0,12255,0,3
874691,0,12255,0,3
874692,0,9287,614,68
874693,0,8250,830,121
874694,0,8258,769,172
874695,0,8252,736,213
874696,0,8121,552,300
874697,0,8175,0,2
874698,0,8175,0,2
874699,0,8175,0,2
874700,0,5234,609,57
874701,0,4179,808,132
874702,0,4177,792,151
874703,0,4169,763,188
874704,0,10147,161,98
874705,0,12255,0,3
874706,0,12255,0,3
874707,0,12255,0,3
874708,0,9317,615,61
874709,0,8251,817,133
874710,0,8261,748,192
874711,0,8243,734,224
874712,0,8176,374,168
874713,0,8175,0,2
874714,0,8175,0,2
874715,0,8175,0,2
874716,0,5259,606,59
874717,0,4171,804,145
874718,0,4168,781,171
874719,0,4164,737,218
874720,0,10023,193,71
874721,0,12255,0,3
874722,0,12255,0,3
874723,0,12255,0,3
874724,0,12255,0,3
874725,0,12255,0,3
874726,0,12255,0,3
874727,0,12255,0,3
874728,0,6549,1114,113
874729,0,4448,1451,245
874730,0,4305,1241,188
874731,0,4296,808,16
874732,0,4319,786,15
874733,0,4330,777,13
874734,0,4321,783,16
874735,0,4303,786,31
874736,0,10025,212,11
874737,0,12255,0,3
874738,0,12262,0,3
874739,0,12262,0,3
874740,0,12266,0,3
874741,0,12266,0,3
874742,0,12265,0,3
874743,0,12262,0,3
874744,0,6550,1099,151
874745,0,4451,1488,205
874746,0,4334,1179,146
874747,0,4279,817,24
874748,0,4302,793,25
874749,0,4328,777,15
874750,0,4329,761,30
874751,0,4277,811,32
874752,0,10016,208,12
874753,0,12255,0,3
874754,0,12255,0,3
874755,0,12255,0,3
874756,0,12255,0,3
874757,0,12255,0,3
874758,0,12255,0,3
874759,0,12255,0,3
874760,0,6534,1156,134
874761,0,4451,1442,251
874762,0,4288,990,91
874763,0,4292,817,11
874764,0,4310,774,36
874765,0,4324,779,17
874766,0,4275,814,30
874767,0,4292,804,24
874768,0,10043,183,14
874769,0,12255,0,3
874770,0,12262,0,3
874771,0,12262,0,3
874772,0,12262,0,3
874773,0,12262,0,3
874774,0,12262,0,3
874775,0,12262,0,3
874776,0,6585,1104,158
874777,0,4383,1407,287
874778,0,4313,786,21
874779,0,4282,806,32
874780,0,4282,810,28
874781,0,4279,812,29
874782,0,4247,821,52
874783,0,4356,725,39
874784,0,7045,224,22
874785,0,8175,0,2
874786,0,8175,0,2
874787,0,8175,0,2
874788,0,5325,562,97
874789,0,4181,764,175
874790,0,4172,745,203
874791,0,4155,672,293
874792,0,9851,175,111
874793,0,12255,0,3
874794,0,12255,0,3
874795,0,12255,0,3
874796,0,12255,0,3
874797,0,12255,0,3
874798,0,12255,0,3
874799,0,12255,0,3
874800,0,6694,1043,159
874801,0,4248,1461,291
874802,0,4307,786,27
874803,0,4330,764,26
874804,0,4265,838,17
874805,0,4303,799,18
874806,0,4262,808,50
874807,0,4361,731,28
874808,0,4106,224,25
874809,0,4080,0,1
874810,0,4080,0,1
874811,0,4080,0,1
874812,0,1252,545,115
874813,0,76,787,161
874814,0,68,730,226
874815,0,57,633,334
874816,0,5755,40,52
874817,0,8175,0,2
874818,0,8175,0,2
874819,0,8175,0,2
874820,0,5359,583,78
874821,0,4187,769,164
874822,0,4161,765,194
874823,0,4142,677,301
874824,0,4102,176,113
874825,0,4080,0,1
874826,0,4080,0,1
874827,0,4080,0,1
874828,0,1282,563,91
874829,0,78,788,158
874830,0,76,713,235
874831,0,72,661,291
874832,0,8555,123,116
874833,0,12255,0,3
874834,0,12255,0,3
874835,0,12255,0,3
874836,0,12255,0,3
874837,0,12255,0,3
874838,0,12255,0,3
874839,0,12255,0,3
874840,0,6845,936,211
874841,0,4283,1077,145
874842,0,4313,781,26
874843,0,4296,801,23
874844,0,4286,793,41
874845,0,4297,782,41
874846,0,4339,751,29
874847,0,4281,795,44
874848,0,4114,243,15
874849,0,4080,0,1
874850,0,4080,0,1
874851,0,4080,0,1
874852,0,1301,542,117
874853,0,95,755,174
874854,0,66,728,230
874855,0,43,642,339
874856,0,8377,31,38
874857,0,12255,0,3
874858,0,12255,0,3
874859,0,12255,0,3
874860,0,12255,0,3
874861,0,12255,0,3
874862,0,12255,0,3
874863,0,12255,0,3
874864,0,6905,967,167
874865,0,4172,1286,204
874866,0,4260,839,21
874867,0,4257,836,26
874868,0,4286,809,25
874869,0,4249,816,55
874870,0,4307,781,32
874871,0,4235,838,47
874872,0,4127,262,21
874873,0,4080,0,1
874874,0,4080,0,1
874875,0,4080,0,1
874876,0,1330,560,94
874877,0,73,775,176
874878,0,66,741,217
874879,0,59,681,284
874880,0,2762,50,58
874881,0,4080,0,1
874882,0,4080,0,1
874883,0,4080,0,1
874884,0,1361,535,100
874885,0,63,774,187
874886,0,60,708,256
874887,0,35,487,292
874888,0,8261,3,4
874889,0,12255,0,3
874890,0,12255,0,3
874891,0,12255,0,3
874892,0,12255,0,3
874893,0,12255,0,3
874894,0,12255,0,3
874895,0,12255,0,3
874896,0,6920,963,229
874897,0,4193,968,65
874898,0,4216,872,32
874899,0,4280,804,36
874900,0,4254,840,26
874901,0,4246,837,37
874902,0,4316,778,26
874903,0,4265,800,55
874904,0,4104,268,37
874905,0,4080,0,1
874906,0,4080,0,1
874907,0,4080,0,1
874908,0,1389,529,102
874909,0,87,784,153
874910,0,74,696,254
874911,0,32,571,308
874912,0,2757,0,3
874913,0,4080,0,1
874914,0,4080,0,1
874915,0,4080,0,1
874916,0,1394,507,131
874917,0,64,767,193
874918,0,55,687,282
874919,0,27,433,252
874920,0,8057,2,4
874921,0,12255,0,3
874922,0,12255,0,3
874923,0,12255,0,3
874924,0,12255,0,3
874925,0,12255,0,3
874926,0,12255,0,3
874927,0,12255,0,3
874928,0,7002,944,238
874929,0,4163,917,63
874930,0,4214,870,36
874931,0,4247,830,43
874932,0,4229,844,47
874933,0,4290,795,35
874934,0,4259,807,54
874935,0,4239,825,56
874936,0,9474,272,27
874937,0,12255,0,3
874938,0,12255,0,3
874939,0,12255,0,3
874940,0,12255,0,3
874941,0,12255,0,3
874942,0,12255,0,3
874943,0,12255,0,3
874944,0,7001,984,223
874945,0,4182,955,88
874946,0,4220,873,27
874947,0,4257,817,46
874948,0,4236,819,65
874949,0,4303,773,44
874950,0,4262,816,42
874951,0,4246,778,96
874952,0,4108,286,31
874953,0,4080,0,1
874954,0,4080,0,1
874955,0,4080,0,1
874956,0,1448,516,104
874957,0,66,749,209
874958,0,66,681,277
874959,0,32,348,236
874960,0,2693,1,2
874961,0,4080,0,1
874962,0,4080,0,1
874963,0,4080,0,1
874964,0,1459,488,133
874965,0,60,757,207
874966,0,68,698,258
874967,0,22,386,227
874968,0,2630,1,1
874969,0,4080,0,1
874970,0,4080,0,1
874971,0,4080,0,1
874972,0,1474,492,126
874973,0,67,756,201
874974,0,64,683,277
874975,0,33,351,233
874976,0,7866,1,3
874977,0,12255,0,3
874978,0,12255,0,3
874979,0,12255,0,3
874980,0,12255,0,3
874981,0,12255,0,3
874982,0,12255,0,3
874983,0,12255,0,3
874984,0,7133,811,171
874985,0,4300,794,26
874986,0,4313,762,45
874987,0,4318,765,37
874988,0,4238,817,65
874989,0,4300,772,48
874990,0,4251,807,62
874991,0,4239,813,68
874992,0,4109,291,39
874993,0,4080,0,1
874994,0,4080,0,1
874995,0,4080,0,1
874996,0,1502,500,114
874997,0,63,730,231
874998,0,43,704,277
874999,0,19,344,213
875000,0,2629,0,3
875001,0,4080,0,1
875002,0,4080,0,1
875003,0,4080,0,1
875004,0,1515,483,130
875005,0,65,729,230
875006,0,47,664,313
875007,0,13,145,130
875008,0,2567,1,2
875009,0,4080,0,1
875010,0,4080,0,1
875011,0,4080,0,1
875012,0,1528,490,122
875013,0,63,712,248
875014,0,48,654,322
875015,0,13,134,133
875016,0,7726,1,5
875017,0,12255,0,3
875018,0,12255,0,3
875019,0,12255,0,3
875020,0,12255,0,3
875021,0,12255,0,3
875022,0,12255,0,3
875023,0,12255,0,3
875024,0,7178,605,86
875025,0,4175,907,38
875026,0,4187,867,66
875027,0,4225,839,56
875028,0,4214,855,51
875029,0,4234,829,57
875030,0,4232,817,71
875031,0,4213,807,100
875032,0,9209,306,49
875033,0,12255,0,3
875034,0,12255,0,3
875035,0,12255,0,3
875036,0,12255,0,3
875037,0,12255,0,3
875038,0,12255,0,3
875039,0,12255,0,3
875040,0,7224,711,146
875041,0,4171,918,31
875042,0,4205,889,26
875043,0,4250,828,42
875044,0,4209,851,59
875045,0,4252,819,49
875046,0,4255,799,66
875047,0,4233,778,109
875048,0,9192,296,55
875049,0,12255,0,3
875050,0,12255,0,3
875051,0,12255,0,3
875052,0,12255,0,3
875053,0,12255,0,3
875054,0,12255,0,3
875055,0,12255,0,3
875056,0,7256,622,105
875057,0,4154,922,44
875058,0,4212,857,51
875059,0,4233,842,44
875060,0,4221,856,43
875061,0,4227,820,73
875062,0,4237,798,85
875063,0,4208,829,83
875064,0,4086,302,45
875065,0,4080,0,1
875066,0,4080,0,1
875067,0,4080,0,1
875068,0,4080,0,1
875069,0,4080,0,1
875070,0,4080,0,1
875071,0,4080,0,1
875072,0,1647,514,27
875073,0,68,920,36
875074,0,114,868,42
875075,0,119,817,88
875076,0,124,812,88
875077,0,130,806,88
875078,0,117,812,95
875079,0,108,794,122
875080,0,2529,269,64
875081,0,4080,0,1
875082,0,4080,0,1
875083,0,4080,0,1
875084,0,4080,0,1
875085,0,4080,0,1
875086,0,4080,0,1
875087,0,4080,0,1
875088,0,1669,499,31
875089,0,71,901,52
875090,0,94,879,51
875091,0,106,826,92
875092,0,124,824,76
875093,0,113,827,84
875094,0,102,814,108
875095,0,92,794,138
875096,0,2509,67,22
875097,0,4080,0,1
875098,0,4080,0,1
875099,0,4080,0,1
875100,0,4080,0,1
875101,0,4080,0,1
875102,0,4080,0,1
875103,0,4080,0,1
875104,0,1687,500,25
875105,0,56,924,44
875106,0,102,887,35
875107,0,117,813,94
875108,0,135,810,79
875109,0,118,798,107
875110,0,97,819,108
875111,0,89,804,131
875112,0,2507,68,24
875113,0,4080,0,1
875114,0,4080,0,1
875115,0,4080,0,1
875116,0,4080,0,1
875117,0,4080,0,1
875118,0,4080,0,1
875119,0,4080,0,1
875120,0,1695,501,28
875121,0,59,915,50
875122,0,97,880,47
875123,0,126,818,80
875124,0,128,829,67
875125,0,90,794,140
875126,0,109,771,144
875127,0,65,462,123
875128,0,2437,1,2
875129,0,4080,0,1
875130,0,4080,0,1
875131,0,4080,0,1
875132,0,4080,0,1
875133,0,4080,0,1
875134,0,4080,0,1
875135,0,4080,0,1
875136,0,1706,480,50
875137,0,60,886,78
875138,0,91,879,54
875139,0,154,801,69
875140,0,107,813,104
875141,0,98,817,109
875142,0,101,779,143
875143,0,19,328,71
875144,0,2437,1,5
875145,0,4080,0,1
875146,0,4080,0,1
875147,0,4080,0,1
875148,0,1671,441,136
875149,0,61,688,275
875150,0,27,540,336
875152,0,7316,1,5
875153,0,12255,0,3
875154,0,12255,0,3
875155,0,12255,0,3
875156,0,12255,0,3
875157,0,12255,0,3
875158,0,12255,0,3
875159,0,12255,0,3
875160,0,12255,0,3
875161,0,12255,0,3
875162,0,12255,0,3
875163,0,12255,0,3
875164,0,12255,0,3
875165,0,12255,0,3
875166,0,12255,0,3
875167,0,12255,0,3
875168,0,7685,893,38
875169,0,4280,1739,125
875170,0,4407,1041,47
875171,0,4400,715,5
875172,0,4463,655,2
875173,0,4469,648,3
875174,0,4523,593,4
875175,0,4400,704,16
875176,0,4394,716,10
875177,0,4458,655,7
875178,0,4646,469,5
875179,0,4411,702,7
875180,0,4429,686,5
875181,0,4418,695,7
875182,0,4495,620,5
875183,0,4354,761,5
875184,0,4204,299,7
875185,0,4080,0,1
875186,0,4080,0,1
875187,0,4080,0,1
875188,0,4080,0,1
875189,0,4080,0,1
875190,0,4080,0,1
875191,0,4080,0,1
875192,0,1759,499,14
875193,0,188,802,34
875194,0,125,848,51
875195,0,159,816,49
875196,0,111,822,91
875197,0,97,805,122
875198,0,108,801,114
875199,0,38,218,55
875200,0,2370,2,3
875201,0,4080,0,1
875202,0,4080,0,1
875203,0,4080,0,1
875204,0,4080,0,1
875205,0,4080,0,1
875206,0,4080,0,1
875207,0,4080,0,1
875208,0,1767,469,48
875209,0,194,766,64
875210,0,133,800,91
875211,0,121,803,100
875212,0,100,794,130
875213,0,78,782,164
875214,0,68,558,112
875216,0,2372,1,5
875217,0,4080,0,1
875218,0,4080,0,1
875219,0,4080,0,1
875220,0,1730,443,123
875221,0,57,655,312
875222,0,18,384,280
875224,0,2373,0,3
875225,0,4080,0,1
875226,0,4080,0,1
875227,0,4080,0,1
875228,0,1751,434,123
875229,0,39,696,289
875230,0,29,480,328
875232,0,2375,0,3
875233,0,4080,0,1
875234,0,4080,0,1
875235,0,4080,0,1
875236,0,4080,0,1
875237,0,4080,0,1
875238,0,4080,0,1
875239,0,4080,0,1
875240,0,1828,465,27
875241,0,154,816,54
875242,0,125,786,113
875243,0,129,795,100
875244,0,111,776,137
875245,0,104,795,125
875246,0,49,475,104
875248,0,2308,2,1
875249,0,4080,0,1
875250,0,4080,0,1
875251,0,4080,0,1
875252,0,1778,407,147
875253,0,51,596,377
875254,0,19,267,275
875256,0,2307,0,3
875257,0,4080,0,1
875258,0,4080,0,1
875259,0,4080,0,1
875260,0,4080,0,1
875261,0,4080,0,1
875262,0,4080,0,1
875263,0,4080,0,1
875264,0,1862,447,35
875265,0,62,869,93
875266,0,102,796,125
875267,0,137,797,90
875268,0,117,784,123
875269,0,86,785,153
875270,0,29,295,84
875272,0,2309,2,2
875273,0,4080,0,1
875274,0,4080,0,1
875275,0,4080,0,1
875276,0,1797,403,156
875277,0,49,610,365
875278,0,17,275,240
875280,0,2311,0,2
875281,0,4080,0,1
875282,0,4080,0,1
875283,0,4080,0,1
875284,0,4080,0,1
875285,0,4080,0,1
875286,0,4080,0,1
875287,0,4080,0,1
875288,0,1885,447,36
875289,0,122,846,55
875290,0,111,842,71
875291,0,133,809,82
875292,0,95,802,127
875293,0,70,771,183
875294,0,5,50,29
875296,0,6762,1,5
875297,0,12255,0,3
875298,0,12255,0,3
875299,0,12255,0,3
875300,0,12255,0,3
875301,0,12255,0,3
875302,0,12255,0,3
875303,0,12255,0,3
875304,0,12255,0,3
875305,0,12255,0,3
875306,0,12255,0,3
875307,0,12255,0,3
875308,0,12255,0,3
875309,0,12255,0,3
875310,0,12255,0,3
875311,0,12255,0,3
875312,0,7979,766,95
875313,0,4248,864,8
875314,0,4315,797,8
875315,0,4429,684,7
875316,0,4393,718,9
875317,0,4358,752,10
875318,0,4383,721,16
875319,0,4463,650,7
875320,0,4444,672,4
875321,0,4329,786,5
875322,0,4355,758,7
875323,0,4417,699,4
875324,0,4323,792,5
875325,0,4366,741,13
875326,0,4334,780,6
875327,0,4371,740,9
875328,0,4176,330,16
875329,0,4080,0,1
875330,0,4080,0,1
875331,0,4080,0,1
875332,0,4080,0,1
875333,0,4080,0,1
875334,0,4080,0,1
875335,0,4080,0,1
875336,0,1900,456,36
875337,0,151,814,58
875338,0,128,795,101
875339,0,134,796,94
875340,0,97,766,161
875341,0,92,730,202
875342,0,3,108,32
875344,0,2245,1,3
875345,0,4080,0,1
875346,0,4080,0,1
875347,0,4080,0,1
875348,0,4080,0,1
875349,0,4080,0,1
875350,0,4080,0,1
875351,0,4080,0,1
875352,0,1916,440,48
875353,0,126,819,79
875354,0,138,787,99
875355,0,101,809,114
875356,0,79,799,145
875357,0,45,509,140
875360,0,2245,0,2
875361,0,4080,0,1
875362,0,4080,0,1
875363,0,4080,0,1
875364,0,4080,0,1
875365,0,4080,0,1
875366,0,4080,0,1
875367,0,4080,0,1
875368,0,1921,455,40
875369,0,124,819,81
875370,0,124,786,114
875371,0,103,775,146
875372,0,81,763,180
875373,0,46,363,100
875376,0,2183,1,6
875377,0,4080,0,1
875378,0,4080,0,1
875379,0,4080,0,1
875380,0,1897,353,177
875381,0,51,565,408
875382,0,8,120,164
875384,0,2181,0,2
875385,0,4080,0,1
875386,0,4080,0,1
875387,0,4080,0,1
875388,0,4080,0,1
875389,0,4080,0,1
875390,0,4080,0,1
875391,0,4080,0,1
875392,0,1963,435,42
875393,0,52,853,118
875394,0,84,811,129
875395,0,102,787,135
875396,0,71,788,165
875397,0,21,211,56
875400,0,2177,1,2
875401,0,4080,0,1
875402,0,4080,0,1
875403,0,4080,0,1
875404,0,4080,0,1
875405,0,4080,0,1
875406,0,4080,0,1
875407,0,4080,0,1
875408,0,1975,436,41
875409,0,50,870,104
875410,0,92,820,112
875411,0,101,779,144
875412,0,81,792,151
875413,0,40,443,117
875416,0,2183,1,2
875417,0,4080,0,1
875418,0,4080,0,1
875419,0,4080,0,1
875420,0,4080,0,1
875421,0,4080,0,1
875422,0,4080,0,1
875423,0,4080,0,1
875424,0,4080,0,1
875425,0,4080,0,1
875426,0,4080,0,1
875427,0,4080,0,1
875428,0,4080,0,1
875429,0,4080,0,1
875430,0,4080,0,1
875431,0,4080,0,1
875432,0,2043,414,7
875433,0,310,711,3
875434,0,357,664,3
875435,0,339,678,7
875436,0,195,814,15
875437,0,310,705,9
875438,0,439,577,8
875439,0,271,743,10
875440,0,295,718,11
875441,0,141,860,23
875442,0,176,831,17
875443,0,241,775,8
875444,0,268,739,17
875445,0,200,802,22
875446,0,221,780,23
875447,0,50,228,6
875448,0,2117,1,7
875449,0,4080,0,1
875450,0,4080,0,1
875451,0,4080,0,1
875452,0,4080,0,1
875453,0,4080,0,1
875454,0,4080,0,1
875455,0,4080,0,1
875456,0,1999,446,31
875457,0,44,893,87
875458,0,88,842,94
875459,0,101,775,148
875460,0,72,769,183
875461,0,10,106,50
875464,0,2116,2,2
875465,0,4080,0,1
875466,0,4080,0,1
875467,0,4080,0,1
875468,0,4080,0,1
875469,0,4080,0,1
875470,0,4080,0,1
875471,0,4080,0,1
875472,0,2005,450,33
875473,0,45,857,122
875474,0,94,825,105
875475,0,86,771,167
875476,0,64,666,203
875480,0,2119,1,3
875481,0,4080,0,1
875482,0,4080,0,1
875483,0,4080,0,1
875484,0,1992,314,194
875485,0,39,538,446
875486,0,0,16,21
875488,0,2117,0,2
875489,0,4080,0,1
875490,0,4080,0,1
875491,0,4080,0,1
875492,0,2005,313,193
875493,0,29,541,454
875494,0,1,21,32
875496,0,2055,0,2
875497,0,4080,0,1
875498,0,4080,0,1
875499,0,4080,0,1
875500,0,4080,0,1
875501,0,4080,0,1
875502,0,4080,0,1
875503,0,4080,0,1
875504,0,4080,0,1
875505,0,4080,0,1
875506,0,4080,0,1
875507,0,4080,0,1
875508,0,4080,0,1
875509,0,4080,0,1
875510,0,4080,0,1
875511,0,4080,0,1
875512,0,2153,366,5
875513,0,275,741,8
875514,0,269,740,15
875515,0,222,793,9
875516,0,334,681,9
875517,0,281,731,12
875518,0,262,742,20
875519,0,339,674,11
875520,0,207,800,17
875521,0,118,885,21
875522,0,179,829,16
875523,0,204,784,36
875524,0,170,842,12
875525,0,7,54,4
875528,0,2050,1,3
875529,0,4080,0,1
875530,0,4080,0,1
875531,0,4080,0,1
875532,0,4080,0,1
875533,0,4080,0,1
875534,0,4080,0,1
875535,0,4080,0,1
875536,0,2081,418,37
875537,0,48,825,150
875538,0,83,794,147
875539,0,83,751,190
875540,0,45,523,158
875544,0,2053,0,2
875545,0,4080,0,1
875546,0,4080,0,1
875547,0,4080,0,1
875548,0,4080,0,1
875549,0,4080,0,1
875550,0,4080,0,1
875551,0,4080,0,1
875552,0,2091,415,42
875553,0,46,855,123
875554,0,82,830,112
875555,0,91,770,163
875556,0,66,574,138
875560,0,2055,0,5
875561,0,4080,0,1
875562,0,4080,0,1
875563,0,4080,0,1
875564,0,4080,0,1
875565,0,4080,0,1
875566,0,4080,0,1
875567,0,4080,0,1
875568,0,2116,412,32
875569,0,34,854,136
875570,0,75,808,141
875571,0,83,767,173
875572,0,40,481,141
875576,0,1988,1,3
875577,0,4080,0,1
875578,0,4080,0,1
875579,0,4080,0,1
875580,0,2088,331,153
875581,0,29,585,410
875582,0,1,15,24
875584,0,1989,0,3
875585,0,4080,0,1
875586,0,4080,0,1
875587,0,4080,0,1
875588,0,2098,290,196
875589,0,33,480,429
875592,0,1987,0,2
875593,0,4080,0,1
875594,0,4080,0,1
875595,0,4080,0,1
875596,0,2115,320,161
875597,0,40,519,465
875598,0,0,1,3
875600,0,1987,0,2
875601,0,4080,0,1
875602,0,4080,0,1
875603,0,4080,0,1
875604,0,2137,301,170
875605,0,26,570,405
875608,0,1927,0,2
875609,0,4080,0,1
875610,0,4080,0,1
875611,0,4080,0,1
875612,0,4080,0,1
875613,0,4080,0,1
875614,0,4080,0,1
875615,0,4080,0,1
875616,0,4080,0,1
875617,0,4080,0,1
875618,0,4080,0,1
875619,0,4080,0,1
875620,0,4080,0,1
875621,0,4080,0,1
875622,0,4080,0,1
875623,0,4080,0,1
875624,0,2269,350,1
875625,0,291,717,16
875626,0,203,795,26
875627,0,293,715,16
875628,0,358,652,14
875629,0,204,810,10
875630,0,266,739,19
875631,0,213,787,24
875632,0,198,804,22
875633,0,98,901,25
875634,0,141,855,28
875635,0,71,377,14
875640,0,1925,2,3
875641,0,4080,0,1
875642,0,4080,0,1
875643,0,4080,0,1
875644,0,4080,0,1
875645,0,4080,0,1
875646,0,4080,0,1
875647,0,4080,0,1
875648,0,2203,379,50
875649,0,42,811,171
875650,0,64,761,199
875651,0,84,716,224
875652,0,6,115,39
875656,0,1923,1,1
875657,0,4080,0,1
875658,0,4080,0,1
875659,0,4080,0,1
875660,0,4080,0,1
875661,0,4080,0,1
875662,0,4080,0,1
875663,0,4080,0,1
875664,0,2216,378,50
875665,0,53,824,147
875666,0,70,762,192
875667,0,76,732,216
875668,0,27,245,79
875672,0,1927,2,3
875673,0,4080,0,1
875674,0,4080,0,1
875675,0,4080,0,1
875676,0,2197,287,172
875677,0,25,449,437
875680,0,1857,0,2
875681,0,4080,0,1
875682,0,4080,0,1
875683,0,4080,0,1
875684,0,4080,0,1
875685,0,4080,0,1
875686,0,4080,0,1
875687,0,4080,0,1
875688,0,2244,356,68
875689,0,99,810,115
875690,0,91,795,138
875691,0,66,757,201
875692,0,10,121,53
875696,0,1861,0,2
875697,0,4080,0,1
875698,0,4080,0,1
875699,0,4080,0,1
875700,0,4080,0,1
875701,0,4080,0,1
875702,0,4080,0,1
875703,0,4080,0,1
875704,0,2251,389,39
875705,0,102,806,116
875706,0,85,792,147
875707,0,70,768,186
875708,0,2,25,15
875712,0,1863,1,3
875713,0,4080,0,1
875714,0,4080,0,1
875715,0,4080,0,1
875716,0,4080,0,1
875717,0,4080,0,1
875718,0,4080,0,1
875719,0,4080,0,1
875720,0,2265,378,49
875721,0,97,815,112
875722,0,72,767,185
875723,0,61,702,226
875728,0,1861,1,1
875729,0,4080,0,1
875730,0,4080,0,1
875731,0,4080,0,1
875732,0,4080,0,1
875733,0,4080,0,1
875734,0,4080,0,1
875735,0,4080,0,1
875736,0,4080,0,1
875737,0,4080,0,1
875738,0,4080,0,1
875739,0,4080,0,1
875740,0,4080,0,1
875741,0,4080,0,1
875742,0,4080,0,1
875743,0,4080,0,1
875744,0,2341,358,5
875745,0,109,899,16
875746,0,163,844,17
875747,0,364,643,17
875748,0,169,822,33
875749,0,204,802,18
875750,0,167,822,35
875751,0,196,796,32
875752,0,155,833,36
875753,0,187,794,43
875754,0,35,222,12
875760,0,1801,3,8
875761,0,4080,0,1
875762,0,4080,0,1
875763,0,4080,0,1
875764,0,2271,284,161
875765,0,17,314,414
875768,0,1797,1,2
875769,0,4080,0,1
875770,0,4080,0,1
875771,0,4080,0,1
875772,0,4080,0,1
875773,0,4080,0,1
875774,0,4080,0,1
875775,0,4080,0,1
875776,0,2317,353,58
875777,0,42,839,143
875778,0,60,759,205
875779,0,38,517,215
875784,0,1796,0,4
875785,0,4080,0,1
875786,0,4080,0,1
875787,0,4080,0,1
875788,0,4080,0,1
875789,0,4080,0,1
875790,0,4080,0,1
875791,0,4080,0,1
875792,0,2322,338,80
875793,0,52,835,137
875794,0,64,754,206
875795,0,50,460,187
875800,0,1799,0,3
875801,0,4080,0,1
875802,0,4080,0,1
875803,0,4080,0,1
875804,0,4080,0,1
875805,0,4080,0,1
875806,0,4080,0,1
875807,0,4080,0,1
875808,0,4080,0,1
875809,0,4080,0,1
875810,0,4080,0,1
875811,0,4080,0,1
875812,0,4080,0,1
875813,0,4080,0,1
875814,0,4080,0,1
875815,0,4080,0,1
875816,0,2386,344,22
875817,0,224,776,24
875818,0,338,673,13
875819,0,198,803,23
875820,0,221,788,15
875821,0,196,795,33
875822,0,223,764,37
875823,0,193,800,31
875824,0,171,797,56
875825,0,1,65,10
875832,0,1732,2,4
875833,0,4080,0,1
875834,0,4080,0,1
875835,0,4080,0,1
875836,0,2332,261,171
875837,0,16,312,321
875840,0,1730,0,2
875841,0,4080,0,1
875842,0,4080,0,1
875843,0,4080,0,1
875844,0,2348,244,184
875845,0,20,338,362
875848,0,1733,0,3
875849,0,4080,0,1
875850,0,4080,0,1
875851,0,4080,0,1
875852,0,2368,253,167
875853,0,18,298,386
875856,0,1735,0,2
875857,0,4080,0,1
875858,0,4080,0,1
875859,0,4080,0,1
875860,0,4080,0,1
875861,0,4080,0,1
875862,0,4080,0,1
875863,0,4080,0,1
875864,0,2406,321,73
875865,0,85,803,136
875866,0,68,771,185
875867,0,34,398,131
875872,0,1668,0,3
875873,0,4080,0,1
875874,0,4080,0,1
875875,0,4080,0,1
875876,0,4080,0,1
875877,0,4080,0,1
875878,0,4080,0,1
875879,0,4080,0,1
875880,0,4080,0,1
875881,0,4080,0,1
875882,0,4080,0,1
875883,0,4080,0,1
875884,0,4080,0,1
875885,0,4080,0,1
875886,0,4080,0,1
875887,0,4080,0,1
875888,0,2473,325,14
875889,0,129,878,17
875890,0,169,832,23
875891,0,182,819,23
875892,0,187,811,26
875893,0,176,801,46
875894,0,145,820,59
875895,0,143,822,59
875896,0,17,109,9
875904,0,1671,2,2
875905,0,4080,0,1
875906,0,4080,0,1
875907,0,4080,0,1
875908,0,4080,0,1
875909,0,4080,0,1
875910,0,4080,0,1
875911,0,4080,0,1
875912,0,2431,346,47
875913,0,109,797,118
875914,0,63,727,234
875915,0,18,255,110
875920,0,1669,1,1
875921,0,4080,0,1
875922,0,4080,0,1
875923,0,4080,0,1
875924,0,4080,0,1
875925,0,4080,0,1
875926,0,4080,0,1
875927,0,4080,0,1
875928,0,2457,328,51
875929,0,84,758,182
875930,0,60,744,220
875931,0,12,251,89
875936,0,1669,0,6
875937,0,4080,0,1
875938,0,4080,0,1
875939,0,4080,0,1
875940,0,4080,0,1
875941,0,4080,0,1
875942,0,4080,0,1
875943,0,4080,0,1
875944,0,2465,317,66
875945,0,82,753,189
875946,0,62,745,217
875947,0,8,111,58
875952,0,1607,0,4
875953,0,4080,0,1
875954,0,4080,0,1
875955,0,4080,0,1
875956,0,4080,0,1
875957,0,4080,0,1
875958,0,4080,0,1
875959,0,4080,0,1
875960,0,2479,331,50
875961,0,61,787,176
875962,0,72,737,214
875963,0,2,43,13
875968,0,1605,0,4
875969,0,4080,0,1
875970,0,4080,0,1
875971,0,4080,0,1
875972,0,2474,217,181
875973,0,14,166,251
875976,0,1605,0,2
875977,0,4080,0,1
875978,0,4080,0,1
875979,0,4080,0,1
875980,0,2495,228,161
875981,0,13,250,319
875984,0,1605,0,2
875985,0,4080,0,1
875986,0,4080,0,1
875987,0,4080,0,1
875988,0,2508,233,155
875989,0,8,257,259
875992,0,1542,0,2
875993,0,4080,0,1
875994,0,4080,0,1
875995,0,4080,0,1
875996,0,4080,0,1
875997,0,4080,0,1
875998,0,4080,0,1
875999,0,4080,0,1
8760,0,104,0,1
876000,0,2563,306,39
876001,0,35,808,180
876002,0,52,744,228
876003,0,7,57,25
876008,0,1541,1,4
876009,0,4080,0,1
876010,0,4080,0,1
876011,0,4080,0,1
876012,0,4080,0,1
876013,0,4080,0,1
876014,0,4080,0,1
876015,0,4080,0,1
876016,0,4080,0,1
876017,0,4080,0,1
876018,0,4080,0,1
876019,0,4080,0,1
876020,0,4080,0,1
876021,0,4080,0,1
876022,0,4080,0,1
876023,0,4080,0,1
876024,0,2610,300,10
876025,0,274,730,20
876026,0,173,814,37
876027,0,208,772,44
876028,0,202,795,27
876029,0,165,815,44
876030,0,145,828,51
876031,0,9,64,7
876040,0,1545,0,7
876041,0,4080,0,1
876042,0,4080,0,1
876043,0,4080,0,1
876044,0,4080,0,1
876045,0,4080,0,1
876046,0,4080,0,1
876047,0,4080,0,1
876048,0,4080,0,1
876049,0,4080,0,1
876050,0,4080,0,1
876051,0,4080,0,1
876052,0,4080,0,1
876053,0,4080,0,1
876054,0,4080,0,1
876055,0,4080,0,1
876056,0,2653,269,10
876057,0,167,814,43
876058,0,195,801,28
876059,0,160,822,41
876060,0,186,793,45
876061,0,133,829,62
876062,0,41,346,50
876072,0,1541,1,3
876073,0,4080,0,1
876074,0,4080,0,1
876075,0,4080,0,1
876076,0,4080,0,1
876077,0,4080,0,1
876078,0,4080,0,1
876079,0,4080,0,1
876080,0,2609,282,53
876081,0,35,749,240
876082,0,32,533,220
876088,0,1478,1,4
876089,0,4080,0,1
876090,0,4080,0,1
876091,0,4080,0,1
876092,0,4080,0,1
876093,0,4080,0,1
876094,0,4080,0,1
876095,0,4080,0,1
876096,0,4080,0,1
876097,0,4080,0,1
876098,0,4080,0,1
876099,0,4080,0,1
8761,0,226,0,1
876100,0,4080,0,1
876101,0,4080,0,1
876102,0,4080,0,1
876103,0,4080,0,1
876104,0,2636,312,8
876105,0,165,822,37
876106,0,197,776,51
876107,0,159,820,45
876108,0,137,825,62
876109,0,116,721,97
876120,0,1478,1,5
876121,0,4080,0,1
876122,0,4080,0,1
876123,0,4080,0,1
876124,0,4080,0,1
876125,0,4080,0,1
876126,0,4080,0,1
876127,0,4080,0,1
876128,0,2619,281,68
876129,0,30,758,236
876130,0,11,370,151
876136,0,1476,0,2
876137,0,4080,0,1
876138,0,4080,0,1
876139,0,4080,0,1
876140,0,4080,0,1
876141,0,4080,0,1
876142,0,4080,0,1
876143,0,4080,0,1
876144,0,2636,268,76
876145,0,30,792,202
876146,0,28,398,150
876152,0,1479,0,3
876153,0,4080,0,1
876154,0,4080,0,1
876155,0,4080,0,1
876156,0,4080,0,1
876157,0,4080,0,1
876158,0,4080,0,1
876159,0,4080,0,1
876160,0,2645,273,74
876161,0,38,769,217
876162,0,21,327,135
876168,0,1412,0,2
876169,0,4080,0,1
876170,0,4080,0,1
876171,0,4080,0,1
876172,0,4080,0,1
876173,0,4080,0,1
876174,0,4080,0,1
876175,0,4080,0,1
876176,0,2673,270,61
876177,0,29,758,237
876178,0,16,262,148
876184,0,1416,0,4
876185,0,4080,0,1
876186,0,4080,0,1
876187,0,4080,0,1
876188,0,4080,0,1
876189,0,4080,0,1
876190,0,4080,0,1
876191,0,4080,0,1
876192,0,4080,0,1
876193,0,4080,0,1
876194,0,4080,0,1
876195,0,4080,0,1
876196,0,4080,0,1
876197,0,4080,0,1
876198,0,4080,0,1
876199,0,4080,0,1
876200,0,2717,286,13
876201,0,180,793,51
876202,0,161,809,54
876203,0,123,855,46
876204,0,147,796,70
876216,0,1415,0,3
876217,0,4080,0,1
876218,0,4080,0,1
876219,0,4080,0,1
876220,0,4080,0,1
876221,0,4080,0,1
876222,0,4080,0,1
876223,0,4080,0,1
876224,0,4080,0,1
876225,0,4080,0,1
876226,0,4080,0,1
876227,0,4080,0,1
876228,0,4080,0,1
876229,0,4080,0,1
876230,0,4080,0,1
876231,0,4080,0,1
876232,0,2728,283,17
876233,0,157,832,35
876234,0,157,818,49
876235,0,134,823,67
876236,0,144,791,71
876248,0,1417,1,7
876249,0,4080,0,1
876250,0,4080,0,1
876251,0,4080,0,1
876252,0,4080,0,1
876253,0,4080,0,1
876254,0,4080,0,1
876255,0,4080,0,1
876256,0,4080,0,1
876257,0,4080,0,1
876258,0,4080,0,1
876259,0,4080,0,1
876260,0,4080,0,1
876261,0,4080,0,1
876262,0,4080,0,1
876263,0,4080,0,1
876264,0,2755,269,16
876265,0,153,786,85
876266,0,146,799,79
876267,0,115,815,82
876280,0,1350,0,2
876281,0,4080,0,1
876282,0,4080,0,1
876283,0,4080,0,1
876284,0,4080,0,1
876285,0,4080,0,1
876286,0,4080,0,1
876287,0,4080,0,1
876288,0,4080,0,1
876289,0,4080,0,1
876290,0,4080,0,1
876291,0,4080,0,1
876292,0,4080,0,1
876293,0,4080,0,1
876294,0,4080,0,1
876295,0,4080,0,1
876296,0,2800,238,14
876297,0,122,837,65
876298,0,128,811,85
876299,0,76,622,94
876312,0,1354,2,6
876313,0,4080,0,1
876314,0,4080,0,1
876315,0,4080,0,1
876316,0,4080,0,1
876317,0,4080,0,1
876318,0,4080,0,1
876319,0,4080,0,1
876320,0,2736,245,83
876321,0,18,448,214
876328,0,1343,1,4
876329,0,4080,0,1
876330,0,4080,0,1
876331,0,4080,0,1
876332,0,4080,0,1
876333,0,4080,0,1
876334,0,4080,0,1
876335,0,4080,0,1
876336,0,4080,0,1
876337,0,4080,0,1
876338,0,4080,0,1
876339,0,4080,0,1
876340,0,4080,0,1
876341,0,4080,0,1
876342,0,4080,0,1
876343,0,4080,0,1
876344,0,2773,273,30
876345,0,138,830,56
876346,0,129,796,94
876360,0,1349,2,2
876361,0,4080,0,1
876362,0,4080,0,1
876363,0,4080,0,1
876364,0,4080,0,1
876365,0,4080,0,1
876366,0,4080,0,1
876367,0,4080,0,1
876368,0,4080,0,1
876369,0,4080,0,1
876370,0,4080,0,1
876371,0,4080,0,1
876372,0,4080,0,1
876373,0,4080,0,1
876374,0,4080,0,1
876375,0,4080,0,1
876376,0,4080,0,1
876377,0,4080,0,1
876378,0,4080,0,1
876379,0,4080,0,1
876380,0,4080,0,1
876381,0,4080,0,1
876382,0,4080,0,1
876383,0,4080,0,1
876384,0,4080,0,1
876385,0,4080,0,1
876386,0,4080,0,1
876387,0,4080,0,1
876388,0,4080,0,1
876389,0,4080,0,1
876390,0,4080,0,1
876391,0,4080,0,1
876392,0,2855,231,1
876393,0,288,731,5
876394,0,324,695,5
876395,0,291,726,7
876396,0,321,689,14
876397,0,235,781,8
876398,0,210,669,10
876424,0,1286,1,5
876425,0,4080,0,1
876426,0,4080,0,1
876427,0,4080,0,1
876428,0,4080,0,1
876429,0,4080,0,1
876430,0,4080,0,1
876431,0,4080,0,1
876432,0,4080,0,1
876433,0,4080,0,1
876434,0,4080,0,1
876435,0,4080,0,1
876436,0,4080,0,1
876437,0,4080,0,1
876438,0,4080,0,1
876439,0,4080,0,1
876440,0,2815,252,33
876441,0,129,808,87
876442,0,59,396,74
876456,0,1286,1,4
876457,0,4080,0,1
876458,0,4080,0,1
876459,0,4080,0,1
876460,0,4080,0,1
876461,0,4080,0,1
876462,0,4080,0,1
876463,0,4080,0,1
876464,0,2797,225,90
876465,0,4,179,109
876472,0,1285,0,2
876473,0,4080,0,1
876474,0,4080,0,1
876475,0,4080,0,1
876476,0,4080,0,1
876477,0,4080,0,1
876478,0,4080,0,1
876479,0,4080,0,1
876480,0,2814,207,103
876481,0,5,169,92
876488,0,1285,0,2
876489,0,4080,0,1
876490,0,4080,0,1
876491,0,4080,0,1
876492,0,4080,0,1
876493,0,4080,0,1
876494,0,4080,0,1
876495,0,4080,0,1
876496,0,2830,195,111
876497,0,7,176,92
876504,0,1225,0,3
876505,0,4080,0,1
876506,0,4080,0,1
876507,0,4080,0,1
876508,0,4080,0,1
876509,0,4080,0,1
876510,0,4080,0,1
876511,0,4080,0,1
876512,0,4080,0,1
876513,0,4080,0,1
876514,0,4080,0,1
876515,0,4080,0,1
876516,0,4080,0,1
876517,0,4080,0,1
876518,0,4080,0,1
876519,0,4080,0,1
876520,0,2863,250,35
876521,0,101,804,119
876522,0,4,58,18
876536,0,1220,0,3
876537,0,4080,0,1
876538,0,4080,0,1
876539,0,4080,0,1
876540,0,4080,0,1
876541,0,4080,0,1
876542,0,4080,0,1
876543,0,4080,0,1
876544,0,4080,0,1
876545,0,4080,0,1
876546,0,4080,0,1
876547,0,4080,0,1
876548,0,4080,0,1
876549,0,4080,0,1
876550,0,4080,0,1
876551,0,4080,0,1
876552,0,2878,247,35
876553,0,54,533,68
876568,0,1223,1,4
876569,0,4080,0,1
876570,0,4080,0,1
876571,0,4080,0,1
876572,0,4080,0,1
876573,0,4080,0,1
876574,0,4080,0,1
876575,0,4080,0,1
876576,0,2870,120,92
876584,0,1222,1,2
876585,0,4080,0,1
876586,0,4080,0,1
876587,0,4080,0,1
876588,0,4080,0,1
876589,0,4080,0,1
876590,0,4080,0,1
876591,0,4080,0,1
876592,0,4080,0,1
876593,0,4080,0,1
876594,0,4080,0,1
876595,0,4080,0,1
876596,0,4080,0,1
876597,0,4080,0,1
876598,0,4080,0,1
876599,0,4080,0,1
876600,0,4080,0,1
876601,0,4080,0,1
876602,0,4080,0,1
876603,0,4080,0,1
876604,0,4080,0,1
876605,0,4080,0,1
876606,0,4080,0,1
876607,0,4080,0,1
876608,0,4080,0,1
876609,0,4080,0,1
876610,0,4080,0,1
876611,0,4080,0,1
876612,0,4080,0,1
876613,0,4080,0,1
876614,0,4080,0,1
876615,0,4080,0,1
876616,0,2930,246,7
876617,0,242,772,10
876618,0,14,122,2
87662,0,8,0,1
876648,0,1161,2,6
876649,0,4080,0,1
876650,0,4080,0,1
876651,0,4080,0,1
876652,0,4080,0,1
876653,0,4080,0,1
876654,0,4080,0,1
876655,0,4080,0,1
876656,0,2897,39,25
876664,0,1155,0,2
876665,0,4080,0,1
876666,0,4080,0,1
876667,0,4080,0,1
876668,0,4080,0,1
876669,0,4080,0,1
876670,0,4080,0,1
876671,0,4080,0,1
876672,0,2914,29,33
876680,0,1,0,1
87671,0,331,0,1
87672,0,496,0,1
87673,0,488,0,1
87674,0,486,0,1
87675,0,493,0,1
87676,0,500,0,1
87677,0,124,0,1
87828,0,98,0,1
87829,0,367,0,1
87830,0,493,0,1
87831,0,496,0,1
87832,0,493,0,1
87833,0,504,0,1
87834,0,493,0,1
87835,0,305,0,1
87840,0,82,0,1
87898,0,12,0,1
87899,0,500,0,1
87900,0,494,0,1
87901,0,500,0,1
87902,0,501,0,1
87903,0,496,0,1
87904,0,491,0,1
87905,0,503,0,1
87906,0,499,0,1
87907,0,496,0,1
87908,0,495,0,1
87909,0,495,0,1
87910,0,498,0,1
87911,0,494,0,1
87912,0,501,0,1
87913,0,498,0,1
87914,0,495,0,1
87915,0,494,0,1
87916,0,368,0,1
87939,0,498,0,1
87940,0,503,0,1
87941,0,503,0,1
87942,0,502,0,1
87943,0,502,0,1
87944,0,503,0,1
87945,0,503,0,1
87946,0,506,0,1
87947,0,505,0,1
87948,0,509,0,1
87949,0,502,0,1
87950,0,505,0,1
87951,0,502,0,1
87952,0,501,0,1
87953,0,502,0,1
87954,0,501,0,1
87955,0,492,0,1
87956,0,230,0,1
87968,0,300,0,1
87998,0,327,0,1
88207,0,203,0,1
88208,0,492,0,1
88209,0,473,10,1
88210,0,493,0,1
88211,0,502,0,1
88212,0,494,0,1
88213,0,318,0,1
88221,0,205,0,1
88222,0,499,0,1
88223,0,501,0,1
88224,0,501,0,1
88225,0,497,4,1
88226,0,501,0,1
88227,0,283,0,1
88259,0,99,0,1
88282,0,84,0,1
88356,0,484,0,1
88357,0,452,0,1
88408,0,189,0,1
88409,0,500,0,1
88410,0,500,0,1
88411,0,500,0,1
88412,0,489,0,1
88413,0,489,0,1
88414,0,230,0,1
88436,0,49,0,1
88437,0,496,0,1
88438,0,410,0,1
88471,0,25,0,1
88530,0,315,0,1
88543,0,10,0,1
88544,0,10,0,1
88565,0,465,0,1
88566,0,481,0,1
88567,0,20,0,1
88710,0,440,0,1
88711,0,497,0,1
88712,0,69,0,1
88727,0,16,0,1
88842,0,358,0,1
88843,0,497,0,1
88844,0,487,0,1
88845,0,490,0,1
88846,0,489,0,1
88847,0,494,0,1
88848,0,69,0,1
88954,0,391,0,1
88955,0,492,0,1
88956,0,490,0,1
88957,0,496,0,1
88958,0,492,0,1
88959,0,499,0,1
88960,0,31,0,1
89049,0,311,0,1
89094,0,278,0,1
89095,0,501,0,1
89096,0,495,0,1
89097,0,496,0,1
89098,0,498,0,1
89099,0,495,0,1
89100,0,496,0,1
89101,0,493,0,1
89102,0,496,0,1
89103,0,493,0,1
89104,0,488,0,1
89105,0,485,3,1
89106,0,493,0,1
89107,0,495,0,1
89108,0,497,0,1
89109,0,494,0,1
89110,0,496,0,1
89111,0,493,0,1
89112,0,22,0,1
89335,0,115,0,1
89336,0,488,0,1
89337,0,492,0,1
89338,0,487,0,1
89339,0,491,0,1
89340,0,496,0,1
89341,0,176,0,1
89383,0,94,0,1
89485,0,192,0,1
89486,0,114,0,1
89539,0,221,0,1
89540,0,504,0,1
89541,0,496,0,1
89542,0,502,0,1
89543,0,499,0,1
89544,0,494,0,1
89545,0,495,0,1
89546,0,497,0,1
89547,0,497,0,1
89548,0,499,0,1
89549,0,498,0,1
89550,0,499,0,1
89551,0,498,0,1
89552,0,500,0,1
89553,0,499,0,1
89554,0,497,0,1
89555,0,498,0,1
89556,0,497,0,1
89557,0,173,0,1
896,0,243,0,1
897,0,501,0,1
89715,0,70,0,1
89716,0,494,0,1
89717,0,361,0,1
898,0,202,0,1
89871,0,104,0,1
89872,0,100,0,1
89914,0,291,0,1
89915,0,503,0,1
89916,0,172,0,1
89919,0,227,0,1
89920,0,505,0,1
89921,0,258,0,1
89975,0,284,0,1
90020,0,378,0,1
90021,0,497,0,1
90022,0,104,0,1
90023,0,126,0,2
90024,0,318,0,2
90054,0,33,0,1
9015,0,284,0,1
90153,0,9,0,1
90199,0,145,0,1
90200,0,492,0,1
90201,0,282,0,1
90292,0,58,0,1
90293,0,510,0,1
90294,0,508,0,1
90295,0,501,0,1
90296,0,504,0,1
90297,0,507,0,1
90298,0,506,0,1
90299,0,507,0,1
90300,0,504,0,1
90301,0,507,0,1
90302,0,507,0,1
90303,0,505,0,1
90304,0,508,0,1
90305,0,505,0,1
90306,0,507,0,1
90307,0,505,0,1
90308,0,507,0,1
90309,0,507,0,1
90310,0,504,0,1
90311,0,505,0,1
90312,0,507,0,1
90313,0,509,0,1
90314,0,505,0,1
90315,0,505,0,1
90316,0,509,0,1
90317,0,504,0,1
90318,0,506,0,1
90319,0,508,0,1
90320,0,509,0,1
90321,0,505,2,1
90322,0,506,0,1
90323,0,503,0,1
90324,0,505,0,1
90325,0,507,0,1
90326,0,506,0,1
90327,0,506,0,1
90328,0,506,0,1
90329,0,505,0,1
90330,0,504,0,1
90331,0,505,0,1
90332,0,509,0,1
90333,0,504,0,1
90334,0,508,0,1
90335,0,505,0,1
90336,0,506,0,1
90337,0,509,1,1
90338,0,508,0,1
90339,0,506,0,1
90340,0,503,0,1
90341,0,508,0,1
90342,0,505,0,1
90343,0,508,0,1
90344,0,505,0,1
90345,0,507,0,1
90346,0,506,0,1
90347,0,507,0,1
90348,0,505,0,1
90349,0,506,0,1
90350,0,506,0,1
90351,0,505,0,1
90352,0,504,0,1
90353,0,510,0,1
90354,0,508,0,1
90355,0,508,0,1
90356,0,507,0,1
90357,0,504,0,1
90358,0,505,0,1
90359,0,505,0,1
9036,0,307,0,1
90360,0,507,0,1
90361,0,504,0,1
90362,0,510,0,1
90363,0,507,0,1
90364,0,509,0,1
90365,0,507,0,1
90366,0,507,0,1
90367,0,507,0,1
90368,0,504,0,1
90369,0,506,1,1
9037,0,481,0,1
90370,0,506,0,1
90371,0,504,0,1
90372,0,507,0,1
90373,0,508,0,1
90374,0,506,0,1
90375,0,508,0,1
90376,0,509,0,1
90377,0,501,0,1
90378,0,508,0,1
90379,0,509,0,1
9038,0,136,0,1
90380,0,506,0,1
90381,0,509,0,1
90382,0,509,0,1
90383,0,503,0,1
90384,0,506,0,1
90385,0,508,0,1
90386,0,505,0,1
90387,0,506,0,1
90388,0,508,0,1
90389,0,509,0,1
90390,0,505,0,1
90391,0,505,0,1
90392,0,506,0,1
90393,0,508,0,1
90394,0,504,0,1
90395,0,504,0,1
90396,0,508,0,1
90397,0,505,0,1
90398,0,507,0,1
90399,0,503,0,1
90400,0,508,0,1
90401,0,508,0,1
90402,0,508,0,1
90403,0,508,0,1
90404,0,507,0,1
90405,0,509,0,1
90406,0,509,0,1
90407,0,505,0,1
90408,0,507,0,1
90409,0,505,0,1
90410,0,507,0,1
90411,0,504,0,1
90412,0,507,0,1
90413,0,507,0,1
90414,0,504,0,1
90415,0,501,0,1
90416,0,507,0,1
90417,0,508,0,1
90418,0,505,0,1
90419,0,507,0,1
90420,0,504,0,1
90421,0,506,0,1
90422,0,503,0,1
90423,0,502,0,1
90426,0,361,0,1
90427,0,494,0,1
90428,0,72,0,1
90541,0,305,0,1
90542,0,502,0,1
90543,0,491,0,1
90544,0,500,0,1
90545,0,493,0,1
90546,0,489,0,1
90547,0,495,0,1
90548,0,493,0,1
90549,0,491,0,1
90550,0,498,0,1
90551,0,490,0,1
90552,0,495,0,1
90553,0,493,0,1
90554,0,496,0,1
90555,0,492,0,1
90556,0,495,0,1
90557,0,498,0,1
90558,0,487,0,1
90578,0,10,0,1
9072,0,330,0,1
9073,0,490,0,1
90732,0,393,0,1
90733,0,493,0,1
90734,0,490,0,1
90735,0,488,0,1
90736,0,498,0,1
90737,0,487,1,1
90738,0,8,0,1
9074,0,123,0,1
9110,0,0,0,1
91190,0,353,0,1
91191,0,493,0,1
91192,0,50,0,1
91234,0,353,0,1
91235,0,491,0,1
91236,0,490,0,1
91237,0,502,0,1
91238,0,500,0,1
91239,0,497,1,1
91240,0,499,0,1
91241,0,488,0,1
91242,0,495,0,1
91243,0,500,0,1
91244,0,500,0,1
91245,0,493,0,1
91246,0,497,0,1
91247,0,502,0,1
91248,0,500,0,1
91249,0,496,0,1
9125,0,176,0,1
91250,0,498,0,1
91251,0,436,0,1
9126,0,345,0,1
9127,0,78,0,1
91279,0,22,0,1
91280,0,497,0,1
91281,0,497,1,1
91282,0,495,0,1
91283,0,494,0,1
91284,0,497,0,1
91285,0,398,0,1
91378,0,90,0,1
91415,0,175,0,1
91416,0,491,0,1
91417,0,494,0,1
91418,0,494,0,1
91419,0,494,0,1
9142,0,94,0,1
91420,0,497,0,1
91421,0,256,0,1
91472,0,96,0,1
91675,0,91,0,1
91685,0,22,0,1
91686,0,281,0,1
91722,0,39,0,1
91723,0,499,0,1
91724,0,412,0,1
91796,0,82,0,1
91848,0,486,0,1
91849,0,495,0,1
9185,0,319,1,1
91850,0,493,0,1
91851,0,497,0,1
91852,0,500,0,1
91853,0,494,0,1
91854,0,16,0,1
9186,0,496,0,1
9187,0,117,0,1
92037,0,256,0,1
92038,0,499,0,1
92039,0,500,0,1
92040,0,495,0,1
92041,0,495,0,1
92042,0,505,0,1
92043,0,109,0,1
92048,0,285,0,1
92049,0,500,0,1
92050,0,154,0,1
92073,0,471,0,1
92074,0,495,0,1
92075,0,496,0,1
92076,0,491,0,1
92077,0,493,0,1
92078,0,498,0,1
92079,0,52,0,1
92223,0,3,0,1
92224,0,498,0,1
92225,0,485,8,1
92226,0,499,0,1
92227,0,493,0,1
92228,0,502,0,1
92229,0,499,0,1
92230,0,7,0,1
92252,0,94,0,1
92282,0,413,0,1
92283,0,496,0,1
92355,0,169,0,1
92356,0,147,0,1
92408,0,85,0,1
92443,0,45,0,1
92444,0,256,0,1
9247,0,271,0,1
9248,0,505,0,1
92485,0,118,0,1
92486,0,496,0,1
92487,0,488,0,1
92488,0,499,0,1
92489,0,502,0,1
9249,0,508,0,1
92490,0,497,0,1
92491,0,495,0,1
92492,0,493,0,1
92493,0,496,0,1
92494,0,502,0,1
92495,0,496,0,1
92496,0,497,0,1
92497,0,493,1,1
92498,0,500,0,1
92499,0,501,0,1
9250,0,507,0,1
92500,0,496,0,1
92501,0,491,0,1
92502,0,500,0,1
92503,0,18,0,1
92507,0,110,0,1
92508,0,497,0,1
92509,0,346,0,1
9251,0,507,0,1
9252,0,503,0,1
9253,0,504,0,1
9254,0,502,0,1
9255,0,506,0,1
9256,0,502,0,1
9257,0,504,0,1
9258,0,505,0,1
9259,0,502,0,1
9260,0,504,0,1
9261,0,508,0,1
9262,0,506,0,1
9263,0,505,0,1
92631,0,53,0,1
92632,0,501,0,1
92633,0,496,0,1
92634,0,498,0,1
92635,0,499,0,1
92636,0,493,0,1
92637,0,284,0,1
9264,0,500,0,1
9265,0,502,0,1
9266,0,504,0,1
9267,0,504,0,1
9268,0,500,0,1
9269,0,506,0,1
9270,0,505,0,1
9271,0,507,0,1
9272,0,507,0,1
9273,0,507,0,1
9274,0,503,0,1
9275,0,506,0,1
9276,0,503,0,1
9277,0,505,0,1
9278,0,509,0,1
9279,0,506,0,1
9280,0,506,0,1
9281,0,504,0,1
9282,0,508,0,1
9283,0,505,0,1
9284,0,503,0,1
9285,0,506,0,1
9286,0,505,0,1
9287,0,503,0,1
9288,0,503,0,1
92884,0,341,0,1
92885,0,500,0,1
92886,0,500,0,1
92887,0,500,0,1
92888,0,503,0,1
92889,0,497,0,1
9289,0,503,0,1
92890,0,496,0,1
92891,0,497,0,1
92892,0,502,0,1
92893,0,499,0,1
92894,0,508,0,1
92895,0,501,0,1
92896,0,499,0,1
92897,0,501,0,1
92898,0,499,0,1
92899,0,504,0,1
9290,0,506,0,1
92900,0,503,0,1
92901,0,499,0,1
92902,0,502,0,1
92903,0,505,0,1
92904,0,502,0,1
92905,0,502,0,1
92906,0,500,0,1
92907,0,502,0,1
92908,0,503,0,1
92909,0,501,0,1
9291,0,502,0,1
92910,0,495,0,1
92911,0,496,0,1
92912,0,501,0,1
92913,0,502,1,1
92914,0,500,0,1
92915,0,504,0,1
92916,0,505,0,1
92917,0,505,0,1
92918,0,502,0,1
92919,0,500,0,1
9292,0,505,0,1
92920,0,500,0,1
92921,0,497,0,1
92922,0,501,0,1
92923,0,503,0,1
92924,0,505,0,1
92925,0,506,0,1
92926,0,503,0,1
92927,0,501,0,1
92928,0,501,0,1
92929,0,505,0,1
9293,0,504,0,1
92930,0,507,0,1
92931,0,502,0,1
92932,0,499,0,1
92933,0,502,0,1
92934,0,91,0,1
92938,0,422,0,1
92939,0,497,0,1
9294,0,509,0,1
92940,0,495,0,1
92941,0,492,0,1
92942,0,500,0,1
92943,0,494,0,1
92944,0,496,0,1
92945,0,502,0,1
92946,0,495,0,1
92947,0,496,0,1
92948,0,500,0,1
92949,0,493,0,1
9295,0,507,0,1
92950,0,496,0,1
92951,0,499,0,1
92952,0,498,0,1
92953,0,502,0,1
92954,0,502,0,1
92955,0,303,0,1
9296,0,510,0,1
9297,0,505,0,1
9298,0,504,0,1
9299,0,503,0,1
9300,0,507,0,1
93004,0,390,0,1
93005,0,495,0,1
93006,0,27,0,1
9301,0,505,0,1
9302,0,505,0,1
93027,0,479,0,1
93028,0,502,0,1
93029,0,498,0,1
9303,0,507,0,1
93030,0,501,0,1
93031,0,497,0,1
93032,0,469,0,1
9304,0,504,0,1
9305,0,505,0,1
9306,0,506,0,1
9307,0,505,0,1
9308,0,506,0,1
9309,0,504,0,1
9310,0,505,0,1
9311,0,505,0,1
9312,0,507,0,1
9313,0,500,1,1
9314,0,506,0,1
9315,0,503,0,1
9316,0,507,0,1
93166,0,118,0,1
93167,0,168,0,1
9317,0,507,0,1
9318,0,507,0,1
9319,0,505,0,1
93192,0,124,0,1
93193,0,501,0,1
93194,0,283,0,1
9320,0,506,0,1
9321,0,506,0,1
9322,0,507,0,1
9323,0,501,0,1
9324,0,506,0,1
9325,0,508,0,1
9326,0,505,0,1
9327,0,502,0,1
9328,0,504,0,1
9329,0,506,1,1
9330,0,505,0,1
93306,0,26,0,1
9331,0,501,0,1
9332,0,506,0,1
9333,0,507,0,1
9334,0,504,0,1
93348,0,159,0,1
93349,0,497,0,1
9335,0,505,0,1
93350,0,492,0,1
93351,0,489,0,1
93352,0,484,0,1
93353,0,487,0,1
93354,0,271,0,1
9336,0,504,0,1
9337,0,504,0,1
93376,0,463,0,1
93377,0,497,0,1
93378,0,501,0,1
93379,0,499,0,1
9338,0,504,0,1
93380,0,501,0,1
93381,0,499,0,1
93382,0,501,0,1
93383,0,497,0,1
93384,0,503,0,1
93385,0,496,0,1
93386,0,496,0,1
93387,0,490,0,1
93388,0,499,0,1
93389,0,501,0,1
9339,0,504,0,1
93390,0,498,0,1
93391,0,493,0,1
93392,0,497,0,1
93393,0,497,0,1
93394,0,497,0,1
93395,0,501,0,1
93396,0,498,0,1
93397,0,502,0,1
93398,0,496,0,1
93399,0,497,0,1
9340,0,504,0,1
93400,0,500,0,1
93401,0,496,0,1
93402,0,502,0,1
93403,0,496,0,1
93404,0,494,0,1
93405,0,498,0,1
93406,0,498,0,1
93407,0,494,0,1
93408,0,498,0,1
93409,0,495,0,1
9341,0,505,0,1
93410,0,497,0,1
93411,0,503,0,1
93412,0,499,0,1
93413,0,498,0,1
93414,0,503,0,1
93415,0,499,0,1
93416,0,500,0,1
93417,0,494,0,1
93418,0,497,0,1
93419,0,502,0,1
9342,0,500,0,1
93420,0,497,1,1
93421,0,501,0,1
93422,0,501,0,1
93423,0,501,0,1
93424,0,495,0,1
93425,0,333,0,1
9343,0,505,0,1
93437,0,366,0,1
93438,0,489,0,1
93439,0,494,0,1
9344,0,506,0,1
93440,0,493,0,1
93441,0,499,0,1
93442,0,495,0,1
93443,0,151,0,1
9345,0,503,0,1
9346,0,505,0,1
93464,0,325,0,1
9347,0,507,0,1
9348,0,503,0,1
9349,0,507,0,1
9350,0,509,0,1
9351,0,503,0,1
9352,0,505,0,1
9353,0,506,0,1
9354,0,504,0,1
9355,0,503,0,1
9356,0,503,0,1
93560,0,281,0,1
9357,0,505,0,1
9358,0,508,0,1
9359,0,504,0,1
9360,0,508,0,1
9361,0,505,0,1
9362,0,506,0,1
93623,0,62,0,1
93624,0,494,0,1
93625,0,337,0,1
9363,0,508,0,1
9364,0,507,0,1
9365,0,504,0,1
93659,0,57,0,1
9366,0,506,0,1
93660,0,41,0,1
9367,0,504,0,1
9368,0,505,0,1
9369,0,506,0,1
9370,0,507,0,1
93702,0,356,0,1
93703,0,495,0,1
93704,0,493,0,1
93705,0,502,0,1
93706,0,497,0,1
93707,0,495,0,1
93708,0,495,0,1
93709,0,492,0,1
9371,0,507,0,1
93710,0,493,0,1
93711,0,497,0,1
93712,0,499,0,1
93713,0,497,0,1
93714,0,497,0,1
93715,0,494,0,1
93716,0,502,0,1
93717,0,496,0,1
93718,0,496,0,1
93719,0,456,0,1
9372,0,504,0,1
93720,0,476,0,1
93721,0,506,0,1
93722,0,507,0,1
93723,0,504,0,1
93724,0,504,0,1
93725,0,497,0,1
93726,0,507,0,1
93727,0,506,0,1
93728,0,503,0,1
93729,0,503,0,1
9373,0,506,0,1
93730,0,501,0,1
93731,0,502,0,1
93732,0,504,1,1
93733,0,504,0,1
93734,0,508,0,1
93735,0,505,0,1
93736,0,503,0,1
93737,0,504,0,1
93738,0,501,0,1
93739,0,506,0,1
9374,0,504,0,1
93740,0,501,0,1
93741,0,499,0,1
93742,0,505,0,1
93743,0,504,0,1
93744,0,505,0,1
93745,0,506,0,1
93746,0,506,0,1
93747,0,508,0,1
93748,0,502,0,1
93749,0,505,0,1
9375,0,507,0,1
93750,0,501,0,1
93751,0,503,0,1
93752,0,505,0,1
93753,0,502,0,1
93754,0,503,0,1
93755,0,506,0,1
93756,0,502,0,1
93757,0,508,0,1
93758,0,505,0,1
93759,0,507,0,1
9376,0,505,0,1
93760,0,505,0,1
93761,0,503,0,1
93762,0,503,0,1
93763,0,507,0,1
93764,0,503,0,1
93765,0,504,0,1
93766,0,502,0,1
93767,0,502,0,1
93768,0,508,0,1
93769,0,506,0,1
9377,0,501,1,1
93770,0,110,0,1
9378,0,464,0,1
93780,0,307,0,1
93861,0,184,0,1
93862,0,501,0,1
93863,0,500,0,1
93864,0,505,0,1
93865,0,495,0,1
93866,0,501,0,1
93867,0,495,0,1
93868,0,498,0,1
93869,0,498,0,1
93870,0,500,0,1
93871,0,504,0,1
93872,0,497,0,1
93873,0,496,1,1
93874,0,499,0,1
93875,0,499,0,1
93876,0,498,0,1
93877,0,496,0,1
93878,0,496,0,1
93879,0,162,0,1
93966,0,401,0,1
93967,0,494,0,1
93968,0,495,0,1
93969,0,492,0,1
93970,0,489,0,1
93971,0,493,0,1
93972,0,63,0,1
94022,0,298,0,1
94076,0,121,0,1
94077,0,191,0,1
94079,0,126,0,1
94080,0,505,0,1
94081,0,503,0,1
94082,0,500,0,1
94083,0,502,0,1
94084,0,503,0,1
94085,0,291,0,1
94100,0,117,0,1
94101,0,490,0,1
94102,0,364,0,1
94174,0,95,0,1
94191,0,191,0,1
94192,0,506,0,1
94193,0,491,11,1
94194,0,507,0,1
94195,0,498,0,1
94196,0,504,0,1
94197,0,181,0,1
94215,0,336,0,1
94216,0,493,0,1
94217,0,495,0,1
94218,0,493,0,1
94219,0,491,0,1
94220,0,496,0,1
94221,0,108,0,1
94223,0,256,0,1
94224,0,495,0,1
94225,0,227,1,1
94288,0,167,0,1
94289,0,494,1,1
94290,0,491,0,2
94291,0,495,0,1
94292,0,495,0,1
94293,0,498,0,1
94294,0,503,0,1
94295,0,495,0,1
94296,0,497,0,1
94297,0,498,0,1
94298,0,496,0,1
94299,0,489,0,1
94300,0,499,0,1
94301,0,497,0,1
94302,0,501,0,1
94303,0,501,0,1
94304,0,497,0,1
94305,0,499,0,1
94306,0,499,0,1
94307,0,474,0,1
94335,0,400,0,1
94336,0,480,0,1
94374,0,327,0,1
94375,0,496,0,1
94376,0,494,1,1
94377,0,490,0,1
94378,0,492,0,1
94379,0,494,0,1
94380,0,72,0,1
94441,0,100,0,1
94442,0,183,0,1
94451,0,10,0,1
94463,0,107,0,1
94464,0,170,0,1
94488,0,349,0,1
94489,0,499,0,1
94490,0,63,0,1
94522,0,8,0,1
94523,0,281,0,1
94525,0,449,0,1
94526,0,494,0,1
94527,0,495,0,1
94528,0,492,0,1
94529,0,496,0,1
94530,0,411,0,1
9465,0,26,0,1
94738,0,171,0,1
94739,0,492,0,1
94740,0,489,0,1
94741,0,500,0,1
94742,0,496,0,1
94743,0,499,0,1
94744,0,338,0,1
94857,0,398,0,1
94858,0,494,0,1
94859,0,492,0,1
94860,0,492,0,1
94861,0,492,0,1
94862,0,492,0,1
94863,0,102,0,1
94926,0,163,0,1
94927,0,496,0,1
94928,0,300,0,1
95209,0,18,0,1
95210,0,488,0,1
95211,0,492,0,1
95212,0,490,0,1
95213,0,499,0,1
95214,0,493,0,1
95215,0,473,0,1
95243,0,46,0,1
95244,0,487,0,1
95245,0,445,0,1
95263,0,286,0,1
95328,0,4,0,1
95351,0,29,0,1
95502,0,283,0,1
95503,0,9,0,1
95568,0,479,0,1
95569,0,494,0,1
95570,0,19,0,1
956,0,92,0,1
95661,0,6,0,1
95662,0,496,0,1
95663,0,446,0,1
957,0,504,0,1
95718,0,80,0,1
95728,0,233,0,2
95729,0,504,0,1
95730,0,498,0,1
95731,0,502,0,1
95732,0,496,0,1
95733,0,498,0,1
95734,0,501,0,1
95735,0,499,0,1
95736,0,502,0,1
95737,0,498,0,1
95738,0,501,0,1
95739,0,500,0,1
95740,0,496,0,1
95741,0,500,0,1
95742,0,498,0,1
95743,0,502,0,1
95744,0,502,0,1
95745,0,502,0,1
95746,0,504,0,1
95747,0,499,0,1
95748,0,501,0,1
95749,0,500,0,1
9575,0,7,0,1
95750,0,504,0,1
95751,0,500,0,1
95752,0,497,0,1
95753,0,502,0,1
95754,0,503,0,1
95755,0,503,0,1
95756,0,501,0,1
95757,0,505,0,1
95758,0,504,0,1
95759,0,504,0,1
95760,0,504,0,1
95761,0,498,1,1
95762,0,499,0,1
95763,0,501,0,1
95764,0,504,0,1
95765,0,504,0,1
95766,0,503,0,1
95767,0,504,0,1
95768,0,504,0,1
95769,0,506,0,1
95770,0,500,0,1
95771,0,505,0,1
95772,0,503,0,1
95773,0,503,0,1
95774,0,501,0,1
95775,0,504,0,1
95776,0,501,0,1
95777,0,497,0,1
95778,0,504,0,1
95779,0,504,0,1
95780,0,499,0,1
95781,0,503,0,1
95782,0,503,0,1
95783,0,502,0,1
95784,0,505,0,1
95785,0,503,0,1
95786,0,499,0,1
95787,0,503,0,1
95788,0,505,0,1
95789,0,497,0,1
95790,0,505,0,1
95791,0,501,0,1
95792,0,500,0,1
95793,0,501,2,1
95794,0,504,0,1
95795,0,503,0,1
95796,0,505,0,1
95797,0,502,0,1
95798,0,504,0,1
95799,0,504,0,1
958,0,496,0,1
95800,0,501,1,1
95801,0,501,0,1
95802,0,498,0,1
95803,0,504,0,1
95804,0,505,0,1
95805,0,503,0,1
95806,0,504,0,1
95807,0,501,0,1
95808,0,503,0,1
95809,0,499,1,1
95810,0,504,0,1
95811,0,504,0,1
95812,0,503,0,1
95813,0,501,0,1
95814,0,499,0,1
95815,0,498,0,1
95816,0,500,0,1
95817,0,496,0,1
95818,0,501,0,1
95819,0,503,0,1
95820,0,496,0,1
95821,0,503,0,1
95822,0,500,0,1
95823,0,503,0,1
95824,0,501,0,1
95825,0,505,0,1
95826,0,498,0,1
95827,0,508,0,1
95828,0,504,0,1
95829,0,500,0,1
95830,0,502,0,1
95831,0,500,0,1
95832,0,498,0,1
95833,0,499,0,1
95834,0,501,0,1
95835,0,504,0,1
95836,0,502,0,1
95837,0,504,0,1
95838,0,501,0,1
95839,0,505,0,1
95840,0,502,0,1
95841,0,503,0,1
95842,0,501,0,1
95843,0,502,0,1
95844,0,497,0,1
95845,0,504,0,1
95846,0,504,0,1
95847,0,503,0,1
95848,0,500,0,1
95849,0,505,0,1
95850,0,503,0,1
95851,0,500,0,1
95852,0,504,0,1
95853,0,505,0,1
95854,0,502,0,1
95855,0,498,0,1
95856,0,500,0,1
95857,0,500,1,1
95858,0,506,0,1
95859,0,499,0,1
95860,0,88,0,1
95896,0,72,0,1
959,0,494,0,1
95938,0,442,0,1
95939,0,499,0,1
95940,0,499,0,1
95941,0,495,0,1
95942,0,497,0,1
95943,0,469,0,1
960,0,497,0,1
96084,0,105,0,1
96085,0,497,0,1
96086,0,353,0,1
961,0,495,1,1
9613,0,0,0,1
96130,0,241,0,1
96131,0,495,0,1
96132,0,219,0,1
9614,0,331,0,1
962,0,501,0,1
96216,0,57,0,1
96217,0,246,0,1
96284,0,91,0,1
96285,0,206,0,1
96288,0,365,0,1
96289,0,492,0,1
96290,0,497,0,1
96291,0,506,0,1
96292,0,500,0,1
96293,0,495,0,1
96294,0,496,0,1
96295,0,500,0,1
96296,0,501,0,1
96297,0,492,0,1
96298,0,493,0,1
96299,0,495,0,1
963,0,502,0,1
96300,0,491,0,1
96301,0,495,0,1
96302,0,495,0,1
96303,0,496,0,1
96304,0,499,0,1
96305,0,357,0,1
964,0,504,0,1
96401,0,0,0,1
96413,0,305,0,1
96414,0,495,0,1
96415,0,490,0,1
96416,0,497,0,1
96417,0,491,0,1
96418,0,488,0,1
96419,0,116,0,1
96424,0,430,0,1
96425,0,499,0,1
96426,0,49,0,1
965,0,501,0,1
96516,0,201,0,1
96517,0,501,0,1
96518,0,501,0,1
96519,0,500,0,1
96520,0,500,0,1
96521,0,501,0,1
96522,0,503,0,1
96523,0,503,0,1
96524,0,500,0,1
96525,0,498,0,1
96526,0,503,0,1
96527,0,498,0,1
96528,0,499,0,1
96529,0,505,0,1
96530,0,501,0,1
96531,0,502,0,1
96532,0,500,0,1
96533,0,498,0,1
96534,0,179,0,1
96539,0,3,0,1
96541,0,254,0,1
96542,0,498,0,1
96543,0,496,0,1
96544,0,492,0,1
96545,0,493,0,1
96546,0,492,0,1
96547,0,227,0,1
96582,0,433,0,1
96583,0,495,0,1
96584,0,506,0,1
96585,0,499,0,1
96586,0,496,0,1
96587,0,495,0,1
96588,0,38,0,1
966,0,499,0,1
96642,0,415,0,1
96643,0,489,0,1
96644,0,493,0,1
96645,0,493,0,1
96646,0,498,0,1
96647,0,491,0,1
96648,0,75,0,1
9666,0,90,0,1
96678,0,334,0,1
96679,0,495,1,1
96680,0,497,0,1
96681,0,504,0,1
96682,0,500,0,1
96683,0,491,0,1
96684,0,155,0,1
967,0,501,0,1
968,0,505,0,1
969,0,502,0,1
96921,0,276,0,1
96979,0,95,0,1
970,0,504,0,1
97017,0,151,0,1
97018,0,493,0,1
97019,0,488,0,1
97020,0,493,0,1
97021,0,495,0,1
97022,0,496,0,1
97023,0,498,0,1
97024,0,497,0,1
97025,0,504,0,1
97026,0,498,0,1
97027,0,493,0,1
97028,0,495,0,1
97029,0,493,0,1
97030,0,498,0,1
97031,0,494,0,1
97032,0,493,0,1
97033,0,503,0,1
97034,0,493,0,1
97035,0,167,0,1
971,0,501,0,1
97150,0,325,0,1
97151,0,495,0,1
97152,0,486,0,1
97153,0,493,0,1
97154,0,488,0,1
97155,0,494,0,1
97156,0,132,0,1
97193,0,95,0,1
972,0,506,0,1
97225,0,122,0,1
97226,0,506,0,1
97227,0,508,0,1
97228,0,504,0,1
97229,0,504,0,1
97230,0,507,0,1
97231,0,345,0,2
97232,0,494,0,1
97233,0,497,1,1
97234,0,496,0,1
97235,0,494,0,1
97236,0,489,0,1
97237,0,410,0,1
97281,0,7,0,1
973,0,502,0,1
97341,0,24,0,1
97342,0,52,0,1
974,0,58,0,1
97461,0,82,0,1
97462,0,498,0,1
97463,0,353,0,1
97511,0,341,0,1
97512,0,493,0,1
97513,0,93,0,1
97578,0,391,0,1
97579,0,488,0,1
97580,0,21,0,1
97639,0,32,0,1
97732,0,65,0,1
97733,0,35,0,1
97827,0,310,0,1
97828,0,499,0,1
97829,0,501,0,1
97830,0,495,0,1
97831,0,494,0,1
97832,0,491,0,1
97833,0,141,0,1
9798,0,34,0,1
9799,0,503,0,1
9800,0,501,0,1
9801,0,504,0,1
9802,0,498,0,1
9803,0,495,0,1
9804,0,502,0,1
98043,0,264,0,1
98044,0,491,0,1
98045,0,490,0,1
98046,0,489,0,1
98047,0,485,0,1
98048,0,494,0,1
98049,0,195,1,1
9805,0,505,0,1
98055,0,283,0,1
98056,0,2,0,1
9806,0,500,0,1
9807,0,499,0,1
9808,0,498,0,1
9809,0,504,0,1
98097,0,68,1,1
98098,0,498,0,1
98099,0,497,0,1
9810,0,497,0,1
98100,0,495,0,1
98101,0,492,0,1
98102,0,486,0,1
98103,0,329,0,1
9811,0,498,0,1
98111,0,356,0,1
98112,0,492,0,1
98113,0,487,6,1
98114,0,492,0,1
98115,0,498,0,1
98116,0,492,0,1
98117,0,98,0,1
9812,0,500,0,1
9813,0,501,0,1
9814,0,502,0,1
9815,0,497,0,1
98152,0,99,0,1
98153,0,487,0,1
98154,0,491,0,1
98155,0,491,0,1
98156,0,489,0,1
98157,0,497,0,1
98158,0,325,0,1
9816,0,428,0,1
98315,0,247,0,1
98316,0,38,0,1
98326,0,243,0,1
98327,0,500,0,1
98328,0,226,0,1
98461,0,0,0,1
98502,0,109,0,1
98594,0,487,0,1
98595,0,443,0,1
98854,0,276,0,1
98934,0,309,0,1
98935,0,495,0,1
98936,0,496,0,1
98937,0,498,0,1
98938,0,495,0,1
98939,0,496,0,1
98940,0,259,0,1
98941,0,2,0,1
98945,0,34,0,1
98983,0,136,0,1
98984,0,482,1,1
98985,0,498,0,1
98986,0,491,0,1
98987,0,500,0,1
98988,0,499,0,1
98989,0,237,0,1
990,0,368,0,1
99048,0,229,0,1
99049,0,498,0,1
99050,0,501,0,1
99051,0,499,0,1
99052,0,498,0,1
99053,0,496,0,1
99054,0,313,0,1
990544,0,357,0,1
990545,0,493,0,1
990546,0,495,0,1
990547,0,497,0,1
990548,0,492,0,1
990549,0,491,0,1
990550,0,106,0,1
990600,0,352,0,1
990601,0,494,0,1
990602,0,494,0,1
990603,0,490,0,1
990604,0,495,0,1
990605,0,492,0,1
990606,0,123,0,1
990610,0,225,0,1
990611,0,58,0,1
990614,0,491,0,1
990615,0,488,0,1
990616,0,498,0,1
990617,0,483,0,1
990618,0,486,0,1
990619,0,421,0,1
990650,0,108,0,1
990651,0,495,0,1
990652,0,306,0,1
990685,0,0,0,1
990729,0,174,0,1
990730,0,497,0,1
990731,0,498,0,1
990732,0,498,0,1
990733,0,498,0,1
990734,0,493,0,1
990735,0,362,0,1
99079,0,104,0,1
990822,0,283,0,1
990823,0,492,0,1
990824,0,150,0,1
990890,0,195,0,1
990891,0,497,0,1
990892,0,223,0,1
99091,0,213,0,1
99092,0,80,0,1
99096,0,308,0,1
990963,0,78,0,1
990964,0,487,0,1
990965,0,495,0,1
990966,0,487,0,1
990967,0,494,0,1
990968,0,496,0,1
990969,0,299,0,1
99097,0,495,0,1
990974,0,184,0,1
990975,0,126,0,1
99098,0,485,0,1
99099,0,494,0,1
991,0,505,0,1
99100,0,494,0,1
991004,0,454,0,1
991005,0,480,0,1
99101,0,489,0,1
99102,0,132,0,1
991078,0,169,0,1
991079,0,498,0,1
991080,0,501,0,1
991081,0,493,0,1
991082,0,493,0,1
991083,0,493,0,1
991084,0,495,0,1
991085,0,504,0,1
991086,0,500,0,1
991087,0,494,0,1
991088,0,493,0,1
991089,0,499,0,1
991090,0,500,0,1
991091,0,495,0,1
991092,0,494,0,1
991093,0,495,0,1
991094,0,501,0,1
991095,0,498,0,1
991096,0,492,0,1
991097,0,496,0,1
991098,0,495,0,1
991099,0,500,0,1
991100,0,502,0,1
991101,0,497,0,1
991102,0,500,0,1
991103,0,498,0,1
991104,0,502,0,1
991105,0,498,0,1
991106,0,504,0,1
991107,0,493,1,1
991108,0,499,0,1
991109,0,500,0,1
991110,0,500,0,1
991111,0,496,0,1
991112,0,504,0,1
991113,0,497,0,1
991114,0,499,0,1
991115,0,500,0,1
991116,0,502,0,1
991117,0,498,0,1
991118,0,501,0,1
991119,0,498,0,1
991120,0,501,0,1
991121,0,498,0,1
991122,0,499,0,1
991123,0,498,0,1
991124,0,499,0,1
991125,0,502,0,1
991126,0,498,0,1
991127,0,497,0,1
991128,0,500,0,1
991129,0,45,0,1
991240,0,325,0,1
99126,0,294,0,1
991283,0,296,0,1
991284,0,495,0,1
991285,0,496,0,1
991286,0,499,0,1
991287,0,487,0,1
991288,0,496,0,1
991289,0,244,0,1
991333,0,456,0,1
991334,0,495,0,1
991335,0,49,0,1
991354,0,314,0,1
991380,0,364,0,1
991381,0,502,0,1
991382,0,499,0,1
991383,0,503,0,1
991384,0,503,0,1
991385,0,498,0,1
991386,0,116,0,1
991912,0,41,0,1
991913,0,254,0,1
991993,0,257,0,1
991994,0,493,0,1
991995,0,163,0,1
992,0,122,0,1
992087,0,38,0,1
992088,0,290,0,1
992105,0,8,0,1
992106,0,279,0,1
992316,0,155,0,1
992317,0,150,0,1
992376,0,26,0,1
992377,0,494,0,1
992378,0,397,0,1
992407,0,4,0,1
992442,0,4,0,1
992503,0,367,0,1
992504,0,501,0,1
992505,0,499,0,1
992506,0,502,0,1
992507,0,499,0,1
992508,0,502,0,1
992509,0,500,0,1
992510,0,500,0,1
992511,0,497,0,1
992512,0,506,0,1
992513,0,498,0,1
992514,0,502,0,1
992515,0,499,0,1
992516,0,503,0,1
992517,0,503,0,1
992518,0,500,0,1
992519,0,507,0,1
992520,0,450,0,1
992705,0,384,1,1
992706,0,495,0,1
992707,0,500,0,1
992708,0,490,0,1
992709,0,492,0,1
992710,0,498,0,1
992711,0,139,0,1
99273,0,217,0,1
99274,0,502,0,1
99275,0,498,0,1
99276,0,493,0,1
99277,0,495,0,1
99278,0,495,0,1
992788,0,102,0,1
99279,0,499,0,1
99280,0,496,0,1
992802,0,282,0,1
992803,0,490,0,1
992804,0,168,0,1
99281,0,497,0,1
99282,0,498,0,1
99283,0,493,0,1
99284,0,495,0,1
99285,0,496,0,1
99286,0,501,0,1
99287,0,496,0,1
99288,0,504,0,1
99289,0,494,0,1
99290,0,492,0,1
99291,0,143,0,1
992913,0,381,0,1
992914,0,496,0,1
992915,0,495,0,1
992916,0,497,0,1
992917,0,499,0,1
992918,0,499,0,1
992919,0,498,0,1
992920,0,503,1,1
992921,0,503,0,1
992922,0,498,0,1
992923,0,497,0,1
992924,0,503,0,1
992925,0,495,0,1
992926,0,502,0,1
992927,0,499,0,1
992928,0,502,0,1
992929,0,492,0,1
992930,0,500,0,1
992931,0,496,0,1
992932,0,495,0,1
992933,0,498,0,1
992934,0,503,0,1
992935,0,500,0,1
992936,0,498,0,1
992937,0,495,0,1
992938,0,499,0,1
992939,0,498,0,1
992940,0,500,0,1
992941,0,497,0,1
992942,0,501,0,1
992943,0,496,0,1
992944,0,505,0,1
992945,0,496,0,1
992946,0,500,0,1
992947,0,503,0,1
992948,0,501,0,1
992949,0,506,0,1
992950,0,500,0,1
992951,0,501,0,1
992952,0,502,0,1
992953,0,501,0,1
992954,0,502,0,1
992955,0,499,0,1
992956,0,498,0,1
992957,0,501,0,1
992958,0,502,0,1
992959,0,502,0,1
992960,0,503,0,1
992961,0,497,0,1
992962,0,505,0,1
992963,0,185,0,1
992970,0,31,0,1
992971,0,490,0,1
992972,0,497,0,1
992973,0,485,0,1
992974,0,493,0,1
992975,0,491,0,1
992976,0,439,0,1
992988,0,353,0,1
992989,0,498,0,1
992990,0,139,0,1
993009,0,86,1,1
993218,0,99,0,1
993219,0,493,0,1
993220,0,345,0,1
993251,0,23,0,1
993252,0,502,0,1
993253,0,502,0,1
993254,0,500,0,1
993255,0,505,0,1
993256,0,498,0,1
993257,0,496,0,1
993258,0,504,0,1
993259,0,500,0,1
993260,0,499,0,1
993261,0,497,0,1
993262,0,497,0,1
993263,0,501,0,1
993264,0,497,0,1
993265,0,499,0,1
993266,0,494,0,1
993267,0,501,0,1
993268,0,507,0,1
993269,0,254,0,1
993281,0,41,0,1
993282,0,245,0,1
993284,0,17,0,1
993285,0,57,0,1
993313,0,306,0,1
993316,0,158,0,1
993317,0,500,0,1
993318,0,489,0,1
993319,0,498,0,1
993320,0,501,0,1
993321,0,498,0,1
993322,0,494,0,1
993323,0,498,0,1
993324,0,494,0,1
993325,0,496,0,1
993326,0,497,0,1
993327,0,495,0,1
993328,0,496,0,1
993329,0,484,11,1
993330,0,499,0,1
993331,0,499,0,1
993332,0,497,0,1
993333,0,497,0,1
993334,0,224,0,1
993400,0,15,0,1
993510,0,296,0,1
993511,0,494,0,1
993512,0,106,0,1
993617,0,303,0,1
993623,0,231,0,1
993624,0,486,0,1
993625,0,218,0,1
993626,0,303,0,1
993640,0,64,0,1
993641,0,500,0,1
993642,0,386,0,1
993680,0,420,0,1
993681,0,495,1,1
993682,0,12,0,1
993710,0,23,0,1
993859,0,150,0,2
993860,0,159,0,1
994054,0,106,0,1
994055,0,485,0,1
994056,0,332,0,1
99406,0,159,0,1
99407,0,500,0,1
99408,0,261,0,1
994092,0,460,0,1
994093,0,495,0,1
994094,0,34,0,1
994144,0,449,0,1
994145,0,492,3,1
994146,0,38,0,1
99416,0,171,0,1
99417,0,498,0,1
99418,0,499,0,1
99419,0,493,0,1
99420,0,494,0,1
99421,0,493,0,1
99422,0,488,0,1
99423,0,492,0,1
99424,0,493,0,1
99425,0,494,0,1
99426,0,493,0,1
99427,0,497,0,1
994276,0,416,0,1
994277,0,499,0,1
994278,0,493,0,1
994279,0,504,0,1
99428,0,499,0,1
994280,0,500,0,1
994281,0,497,0,1
994282,0,500,0,1
994283,0,495,0,1
994284,0,495,0,1
994285,0,500,0,1
994286,0,501,0,1
994287,0,498,0,1
994288,0,497,0,1
994289,0,495,0,1
99429,0,497,0,1
994290,0,505,0,1
994291,0,499,0,1
994292,0,505,0,1
994293,0,492,0,1
994294,0,499,0,1
994295,0,496,0,1
994296,0,501,0,1
994297,0,501,0,1
994298,0,499,0,1
994299,0,499,0,1
99430,0,496,0,1
994300,0,499,0,1
994301,0,497,0,1
994302,0,498,0,1
994303,0,498,0,1
994304,0,502,0,1
994305,0,503,0,1
994306,0,499,0,1
994307,0,503,0,1
994308,0,494,0,1
994309,0,498,0,1
99431,0,496,0,1
994310,0,499,0,1
994311,0,497,0,1
994312,0,500,0,1
994313,0,498,0,1
994314,0,500,0,1
994315,0,499,0,1
994316,0,499,0,1
994317,0,500,0,1
994318,0,499,0,1
994319,0,501,0,1
99432,0,496,0,1
994320,0,495,0,1
994321,0,494,0,1
994322,0,500,0,1
994323,0,501,0,1
994324,0,501,0,1
994325,0,502,0,1
994326,0,179,0,1
99433,0,493,0,1
99434,0,54,0,1
994372,0,328,0,1
994423,0,28,0,1
994424,0,494,0,1
994425,0,493,0,1
994426,0,492,0,1
994427,0,493,0,1
994428,0,489,0,1
994429,0,489,0,1
994492,0,364,0,1
994493,0,493,0,1
994494,0,497,0,1
994495,0,501,0,1
994496,0,498,0,1
994497,0,495,1,1
994498,0,126,0,1
994547,0,232,0,1
994548,0,78,0,1
994669,0,142,0,1
994670,0,494,0,1
994671,0,497,0,1
994672,0,495,0,1
994673,0,496,0,1
994674,0,497,0,1
994675,0,498,0,1
994676,0,493,0,1
994677,0,499,0,1
994678,0,496,0,1
994679,0,496,0,1
994680,0,503,0,1
994681,0,500,0,1
994682,0,501,0,1
994683,0,499,0,1
994684,0,498,0,1
994685,0,497,0,1
994686,0,497,0,1
994687,0,237,0,1
994693,0,21,0,1
994708,0,243,0,1
994709,0,36,0,1
994728,0,298,0,1
994729,0,499,0,1
994730,0,497,0,1
994731,0,495,0,1
994732,0,497,0,1
994733,0,497,0,1
994734,0,499,0,1
994735,0,496,0,1
994736,0,495,0,1
994737,0,496,0,1
994738,0,494,0,1
994739,0,501,0,1
994740,0,500,0,1
994741,0,501,0,1
994742,0,491,0,1
994743,0,498,0,1
994744,0,494,0,1
994745,0,370,0,1
994747,0,0,0,1
994762,0,8,0,1
994828,0,108,0,1
994837,0,263,0,1
994838,0,502,0,1
994839,0,190,0,1
994939,0,320,0,1
994940,0,499,0,1
994941,0,92,0,1
99498,0,95,0,1
995028,0,23,0,1
995029,0,226,0,1
995030,0,501,0,1
995031,0,260,0,1
995039,0,213,0,1
995040,0,499,0,1
995041,0,495,0,1
995042,0,498,0,1
995043,0,487,0,1
995044,0,492,0,1
995045,0,494,0,1
995046,0,501,0,1
995047,0,498,0,1
995048,0,501,0,1
995049,0,501,0,1
995050,0,492,0,1
995051,0,491,0,1
995052,0,500,0,1
995053,0,493,0,1
995054,0,501,0,1
995055,0,493,0,1
995056,0,500,0,1
995057,0,231,0,1
995179,0,86,0,1
995180,0,494,0,1
995181,0,500,0,1
995182,0,500,0,1
995183,0,495,0,1
995184,0,490,0,1
995185,0,497,0,1
995186,0,496,0,1
995187,0,505,0,1
995188,0,498,0,1
995189,0,499,0,1
995190,0,500,0,1
995191,0,497,0,1
995192,0,497,0,1
995193,0,503,0,1
995194,0,492,0,1
995195,0,493,0,1
995196,0,501,0,1
995197,0,495,0,1
995198,0,499,0,1
995199,0,494,0,1
995200,0,499,0,1
995201,0,495,1,1
995202,0,496,0,1
995203,0,498,0,1
995204,0,497,0,1
995205,0,498,0,1
995206,0,498,0,1
995207,0,501,0,1
995208,0,497,0,1
995209,0,498,0,1
995210,0,498,0,1
995211,0,492,0,1
995212,0,492,0,1
995213,0,497,0,1
995214,0,498,0,1
995215,0,503,0,1
995216,0,502,0,1
995217,0,503,0,1
995218,0,496,0,1
995219,0,501,0,1
995220,0,501,0,1
995221,0,496,0,1
995222,0,502,0,1
995223,0,502,0,1
995224,0,501,0,1
995225,0,497,0,1
995226,0,493,0,1
995227,0,499,0,1
995228,0,497,0,1
995229,0,248,0,1
995516,0,287,0,1
995557,0,71,0,1
995558,0,228,0,1
995578,0,225,0,1
995579,0,77,0,1
995687,0,94,0,1
995688,0,492,0,1
995689,0,350,0,1
995708,0,32,0,1
995709,0,494,0,1
995710,0,500,0,1
995711,0,495,0,1
995712,0,489,0,1
995713,0,493,1,1
995714,0,481,0,1
995715,0,305,0,1
99572,0,32,0,1
99573,0,497,0,1
99574,0,386,0,1
995740,0,57,0,1
995741,0,497,0,1
995742,0,493,0,1
995743,0,497,0,1
995744,0,496,0,1
995745,0,493,0,1
995746,0,336,0,1
995780,0,72,0,1
995781,0,508,0,1
995782,0,504,0,1
995783,0,506,0,1
995784,0,500,0,1
995785,0,504,0,1
995786,0,502,0,1
995787,0,502,0,1
995788,0,504,0,1
995789,0,502,0,1
995790,0,500,0,1
995791,0,499,0,1
995792,0,505,0,1
995793,0,504,0,1
995794,0,503,0,1
995795,0,507,0,1
995796,0,504,0,1
995797,0,505,0,1
995798,0,237,0,1
995804,0,192,0,1
995805,0,492,0,1
995806,0,493,0,1
995807,0,493,0,1
995808,0,495,0,1
995809,0,491,0,1
995810,0,256,0,1
995861,0,12,0,1
995862,0,504,0,1
995863,0,501,0,1
995864,0,500,0,1
995865,0,503,0,1
995866,0,504,0,1
995867,0,502,0,1
995868,0,499,0,1
995869,0,497,0,1
995870,0,499,0,1
995871,0,495,0,1
995872,0,502,0,1
995873,0,502,0,1
995874,0,497,0,1
995875,0,500,0,1
995876,0,502,0,1
995877,0,497,0,1
995878,0,506,0,1
995879,0,301,0,1
995966,0,29,0,1
996102,0,112,0,1
996179,0,426,0,1
996180,0,499,0,1
996181,0,494,0,1
996182,0,493,0,1
996183,0,494,0,1
996184,0,500,0,1
996185,0,495,0,1
996186,0,498,0,1
996187,0,495,0,1
996188,0,491,0,1
996189,0,500,0,1
996190,0,492,0,1
996191,0,496,0,1
996192,0,493,0,1
996193,0,500,0,1
996194,0,498,0,1
996195,0,497,0,1
996196,0,462,0,2
996197,0,490,0,1
996198,0,499,0,1
996199,0,492,0,1
996200,0,491,0,1
996201,0,494,0,1
996202,0,495,0,1
996203,0,496,0,1
996204,0,498,0,1
996205,0,495,0,1
996206,0,498,0,1
996207,0,498,0,1
996208,0,496,0,1
996209,0,489,4,1
996210,0,490,0,1
996211,0,490,0,1
996212,0,496,0,1
996213,0,497,0,1
996214,0,31,0,1
996397,0,103,0,1
996398,0,495,0,1
996399,0,365,0,1
9964,0,319,0,1
996408,0,95,0,1
996435,0,299,0,1
996436,0,499,0,1
996437,0,500,0,1
996438,0,494,0,1
996439,0,495,0,1
996440,0,496,0,1
996441,0,170,0,1
996479,0,146,0,1
996480,0,508,0,1
996481,0,506,0,1
996482,0,508,0,1
996483,0,502,0,1
996484,0,504,0,1
996485,0,503,0,1
996486,0,508,0,1
996487,0,500,0,1
996488,0,505,0,1
996489,0,505,0,1
996490,0,505,0,1
996491,0,501,0,1
996492,0,506,0,1
996493,0,502,0,1
996494,0,504,0,1
996495,0,502,0,1
996496,0,505,0,1
996497,0,506,0,1
996498,0,505,0,1
996499,0,501,0,1
996500,0,502,0,1
996501,0,503,0,1
996502,0,503,0,1
996503,0,504,0,1
996504,0,503,0,1
996505,0,499,0,1
996506,0,503,0,1
996507,0,499,0,1
996508,0,502,0,1
996509,0,506,0,1
996510,0,506,0,1
996511,0,506,0,1
996512,0,507,0,1
996513,0,504,0,1
996514,0,505,0,1
996515,0,501,0,1
996516,0,501,0,1
996517,0,503,0,1
996518,0,503,0,1
996519,0,503,0,1
996520,0,504,0,1
996521,0,508,0,1
996522,0,506,0,1
996523,0,507,0,1
996524,0,504,0,1
996525,0,509,0,1
996526,0,503,0,1
996527,0,508,0,1
996528,0,504,0,1
996529,0,341,0,1
996576,0,413,0,1
996577,0,493,0,1
996578,0,72,0,1
996586,0,268,0,1
996587,0,48,0,1
996638,0,115,0,1
996639,0,487,0,1
996640,0,319,0,1
996655,0,0,0,1
996656,0,78,0,1
996701,0,86,0,1
996702,0,230,0,1
996753,0,67,0,1
996805,0,359,0,1
996806,0,493,0,1
996807,0,496,0,1
996808,0,499,0,1
996809,0,489,0,1
996810,0,487,0,1
996811,0,141,0,1
996821,0,317,0,1
99683,0,29,0,1
996845,0,1,0,1
996872,0,294,0,1
996948,0,33,0,1
99696,0,314,0,1
99697,0,500,1,1
99698,0,493,0,1
99699,0,499,0,1
99700,0,496,0,1
99701,0,500,0,1
997012,0,103,0,1
99702,0,497,0,1
99703,0,500,0,1
997030,0,407,0,1
997031,0,494,0,1
997032,0,493,0,1
997033,0,495,0,1
997034,0,496,0,1
997035,0,496,0,1
997036,0,86,0,1
99704,0,491,0,1
99705,0,500,0,1
99706,0,497,0,1
99707,0,501,0,1
99708,0,496,0,1
99709,0,499,0,1
99710,0,496,0,1
99711,0,494,0,1
99712,0,495,1,1
99713,0,471,0,1
997132,0,105,0,1
997443,0,87,0,1
997444,0,488,0,1
997445,0,383,0,1
99748,0,97,0,1
997486,0,458,0,1
997487,0,486,0,1
997488,0,0,0,1
997491,0,200,0,1
997492,0,488,0,1
997493,0,488,0,1
997494,0,494,0,1
997495,0,492,0,1
997496,0,495,0,1
997497,0,342,0,1
997614,0,59,0,1
997615,0,499,0,1
997616,0,497,0,1
997617,0,499,0,1
997618,0,497,0,1
997619,0,500,0,1
997620,0,440,0,1
997637,0,438,0,1
997638,0,489,0,1
997639,0,495,0,1
997640,0,497,0,1
997641,0,498,0,1
997642,0,497,0,1
997643,0,497,0,1
997644,0,507,0,1
997645,0,498,0,1
997646,0,500,0,1
997647,0,499,0,1
997648,0,498,0,1
997649,0,496,0,1
997650,0,496,0,1
997651,0,494,0,1
997652,0,502,0,1
997653,0,498,0,1
997654,0,283,0,1
997889,0,282,1,1
997890,0,495,0,1
997891,0,493,0,1
997892,0,497,0,1
997893,0,496,0,1
997894,0,490,0,1
997895,0,197,0,1
997896,0,166,0,1
997897,0,501,0,1
997898,0,293,0,1
997939,0,288,0,1
997998,0,153,0,1
997999,0,491,0,1
998000,0,497,0,1
998001,0,493,0,1
998002,0,498,0,1
998003,0,496,0,1
998004,0,212,0,1
998109,0,466,0,1
998110,0,502,0,1
998111,0,497,0,1
998112,0,504,0,1
998113,0,483,6,1
998114,0,473,0,1
9982,0,0,0,1
998277,0,21,0,1
9983,0,463,0,1
998329,0,489,0,1
998330,0,495,0,1
998331,0,494,0,1
998332,0,492,0,1
998333,0,496,0,1
998334,0,454,0,1
998359,0,0,0,1
998365,0,36,0,1
998366,0,272,0,1
9984,0,422,0,1
998415,0,22,0,1
998416,0,70,0,1
998439,0,36,0,1
998659,0,55,0,1
998660,0,240,0,1
998662,0,55,0,1
998663,0,35,0,1
998680,0,333,0,1
998681,0,500,0,1
998682,0,491,0,1
998683,0,492,0,1
998684,0,490,0,1
998685,0,493,0,1
998686,0,494,0,1
998687,0,496,0,1
998688,0,495,0,1
998689,0,496,1,1
998690,0,493,0,1
998691,0,499,0,1
998692,0,498,0,1
998693,0,498,0,1
998694,0,494,0,1
998695,0,497,0,1
998696,0,497,0,1
998697,0,494,0,1
998698,0,0,0,1
998732,0,91,0,1
998772,0,89,0,1
998865,0,275,0,1
99892,0,59,0,1
99893,0,499,0,1
99894,0,391,0,1
998946,0,0,0,1
999007,0,16,0,1
999008,0,506,0,1
999009,0,489,5,1
999010,0,505,0,1
999011,0,497,0,1
999012,0,505,0,1
999013,0,500,0,1
999014,0,499,0,1
999015,0,502,0,1
999016,0,492,0,1
999017,0,505,0,1
999018,0,499,0,1
999019,0,503,0,1
999020,0,498,0,1
999021,0,498,0,1
999022,0,499,0,1
999023,0,502,0,1
999024,0,505,0,1
999025,0,492,6,1
999026,0,500,0,1
999027,0,502,0,1
999028,0,495,0,1
999029,0,499,0,1
999030,0,498,0,1
999031,0,504,0,1
999032,0,501,0,1
999033,0,502,0,1
999034,0,503,0,1
999035,0,500,0,1
999036,0,504,0,1
999037,0,502,0,1
999038,0,501,0,1
999039,0,499,0,1
999040,0,498,0,1
999041,0,490,10,1
999042,0,507,0,1
999043,0,501,0,1
999044,0,499,0,1
999045,0,500,0,1
999046,0,504,0,1
999047,0,504,0,1
999048,0,504,0,1
999049,0,504,0,1
999050,0,504,0,1
999051,0,498,0,1
999052,0,505,0,1
999053,0,503,0,1
999054,0,502,0,1
999055,0,502,0,1
999056,0,502,0,1
999057,0,253,6,1
999218,0,82,0,1
999305,0,117,0,1
999306,0,494,0,1
999307,0,357,0,1
999357,0,94,0,1
99936,0,329,0,1
999361,0,167,0,1
999362,0,131,0,1
99937,0,494,0,1
999374,0,394,0,1
999375,0,502,0,1
999376,0,94,0,1
99938,0,125,0,1
999405,0,478,0,1
999406,0,496,0,1
999407,0,497,0,1
999408,0,498,0,1
999409,0,501,0,1
999410,0,447,0,1
999571,0,217,0,1
999572,0,100,0,1
999647,0,307,0,1
999752,0,325,0,1
999753,0,499,0,1
999754,0,105,0,1
999897,0,388,0,1
999898,0,494,0,1
999899,0,67,0,1
999901,0,0,0,1
999902,0,501,0,1
999903,0,436,0,1
